订单号,客户,板件条码,板件备注,项目地址,房间,厚度,材质,高光板,颜色,板件名称,成品长度,成品宽度,数量,纹理,前封边,后封边,左封边,右封边,门板
250704-989,朗力,	7515996613101,,水仙苑72号,B1储物柜,18,橡胶木,非高光板,雾松,B1储物柜_柜A_左立板01,1364,500,1,无纹理,1,1,1,1,非门板
250704-989,朗力,	7515996613132,,水仙苑72号,B1储物柜,18,橡胶木,非高光板,雾松,B1储物柜_柜A_右立板01,1364,500,1,无纹理,1,1,1,1,非门板
250704-989,朗力,	7515996613163,,水仙苑72号,B1储物柜,18,橡胶木,非高光板,雾松,B1储物柜_柜A_顶板01,564,500,1,无纹理,1,1,1,1,非门板
250704-989,朗力,	7515996613217,,水仙苑72号,B1储物柜,18,橡胶木,非高光板,雾松,B1储物柜_柜A_横隔板03,564,500,1,无纹理,1,1,1,1,非门板
250704-989,朗力,	7515996613309,,水仙苑72号,B1储物柜,18,橡胶木,非高光板,雾松,B1储物柜_柜A_横隔板02,564,500,1,无纹理,1,1,1,1,非门板
250704-989,朗力,	7515996613446,,水仙苑72号,B1储物柜,18,橡胶木,非高光板,雾松,B1储物柜_柜A_右立板02,486,500,1,无纹理,1,1,1,1,非门板
250704-989,朗力,	7515996613514,,水仙苑72号,B1储物柜,18,橡胶木,非高光板,雾松,B1储物柜_柜A_左立板02,486,500,1,无纹理,1,1,1,1,非门板
250704-989,朗力,	7515996613750,,水仙苑72号,B1储物柜,18,橡胶木,非高光板,雾松,B1储物柜_柜A_踢脚线01_踢脚线前挡板01,60,564,1,无纹理,1,1,1,1,非门板
250704-989,朗力,	7515996613767,,水仙苑72号,B1储物柜,18,橡胶木,非高光板,雾松,B1储物柜_柜A_踢脚线01_踢脚线后挡板01,60,564,1,无纹理,1,1,1,1,非门板
250704-989,朗力,	7515996613736,,水仙苑72号,B1储物柜,18,橡胶木,非高光板,雾松,B1储物柜_柜A_底板01,564,500,1,无纹理,1,1,1,1,非门板
250704-989,朗力,	7515996613828,,水仙苑72号,B1储物柜,18,橡胶木,非高光板,雾松,B1储物柜_柜A_背板01,1268,564,1,无纹理,1,1,1,1,非门板
250704-989,朗力,	7515996613859,,水仙苑72号,B1储物柜,18,橡胶木,非高光板,雾松,B1储物柜_柜A_横隔板01,564,482,1,无纹理,1,1,1,1,非门板
250704-989,朗力,	7515996613934,,水仙苑72号,B1储物柜,18,橡胶木,非高光板,雾松,B1储物柜_柜A_背板02,450,564,1,无纹理,1,1,1,1,非门板
250704-989,朗力,	7515996613972,,水仙苑72号,B1储物柜,18,橡胶木,非高光板,雾松,B1储物柜_柜A_抽屉04_抽屉面板01,186,561,1,无纹理,1,1,1,1,非门板
250704-989,朗力,	7515996613989,,水仙苑72号,B1储物柜,18,橡胶木,非高光板,雾松,B1储物柜_柜A_抽屉04_抽盒前板01,112,515,1,无纹理,1,1,1,1,非门板
250704-989,朗力,	7515996613996,,水仙苑72号,B1储物柜,18,橡胶木,非高光板,雾松,B1储物柜_柜A_抽屉04_抽屉右板01,140,390,1,无纹理,1,1,1,1,非门板
250704-989,朗力,	7515996614009,,水仙苑72号,B1储物柜,18,橡胶木,非高光板,雾松,B1储物柜_柜A_抽屉04_抽屉左板01,140,390,1,无纹理,1,1,1,1,非门板
250704-989,朗力,	7515996614016,,水仙苑72号,B1储物柜,18,橡胶木,非高光板,雾松,B1储物柜_柜A_抽屉04_抽屉后板01,112,515,1,无纹理,1,1,1,1,非门板
250704-989,朗力,	7515996613958,,水仙苑72号,B1储物柜,18,橡胶木,非高光板,雾松,B1储物柜_柜A_抽屉04_抽屉底板01,515,390,1,无纹理,1,1,1,1,非门板
250704-989,朗力,	7515996614252,,水仙苑72号,B1储物柜,18,橡胶木,非高光板,雾松,B1储物柜_柜A_抽屉03_抽屉面板01,184,561,1,无纹理,1,1,1,1,非门板
250704-989,朗力,	7515996614269,,水仙苑72号,B1储物柜,18,橡胶木,非高光板,雾松,B1储物柜_柜A_抽屉03_抽盒前板01,112,515,1,无纹理,1,1,1,1,非门板
250704-989,朗力,	7515996614276,,水仙苑72号,B1储物柜,18,橡胶木,非高光板,雾松,B1储物柜_柜A_抽屉03_抽屉右板01,140,390,1,无纹理,1,1,1,1,非门板
250704-989,朗力,	7515996614283,,水仙苑72号,B1储物柜,18,橡胶木,非高光板,雾松,B1储物柜_柜A_抽屉03_抽屉左板01,140,390,1,无纹理,1,1,1,1,非门板
250704-989,朗力,	7515996614290,,水仙苑72号,B1储物柜,18,橡胶木,非高光板,雾松,B1储物柜_柜A_抽屉03_抽屉后板01,112,515,1,无纹理,1,1,1,1,非门板
250704-989,朗力,	7515996614238,,水仙苑72号,B1储物柜,18,橡胶木,非高光板,雾松,B1储物柜_柜A_抽屉03_抽屉底板01,515,390,1,无纹理,1,1,1,1,非门板
250704-989,朗力,	7515996614436,,水仙苑72号,B1储物柜,18,橡胶木,非高光板,雾松,B1储物柜_柜A_抽屉02_抽屉面板01,184,561,1,无纹理,1,1,1,1,非门板
250704-989,朗力,	7515996614443,,水仙苑72号,B1储物柜,18,橡胶木,非高光板,雾松,B1储物柜_柜A_抽屉02_抽盒前板01,112,515,1,无纹理,1,1,1,1,非门板
250704-989,朗力,	7515996614450,,水仙苑72号,B1储物柜,18,橡胶木,非高光板,雾松,B1储物柜_柜A_抽屉02_抽屉右板01,140,390,1,无纹理,1,1,1,1,非门板
250704-989,朗力,	7515996614467,,水仙苑72号,B1储物柜,18,橡胶木,非高光板,雾松,B1储物柜_柜A_抽屉02_抽屉左板01,140,390,1,无纹理,1,1,1,1,非门板
250704-989,朗力,	7515996614474,,水仙苑72号,B1储物柜,18,橡胶木,非高光板,雾松,B1储物柜_柜A_抽屉02_抽屉后板01,112,515,1,无纹理,1,1,1,1,非门板
250704-989,朗力,	7515996614412,,水仙苑72号,B1储物柜,18,橡胶木,非高光板,雾松,B1储物柜_柜A_抽屉02_抽屉底板01,515,390,1,无纹理,1,1,1,1,非门板
250704-989,朗力,	7515996614580,,水仙苑72号,B1储物柜,18,橡胶木,非高光板,雾松,B1储物柜_柜A_抽屉01_抽屉面板01,184,561,1,无纹理,1,1,1,1,非门板
250704-989,朗力,	7515996614597,,水仙苑72号,B1储物柜,18,橡胶木,非高光板,雾松,B1储物柜_柜A_抽屉01_抽盒前板01,112,515,1,无纹理,1,1,1,1,非门板
250704-989,朗力,	7515996614603,,水仙苑72号,B1储物柜,18,橡胶木,非高光板,雾松,B1储物柜_柜A_抽屉01_抽屉右板01,140,390,1,无纹理,1,1,1,1,非门板
250704-989,朗力,	7515996614610,,水仙苑72号,B1储物柜,18,橡胶木,非高光板,雾松,B1储物柜_柜A_抽屉01_抽屉左板01,140,390,1,无纹理,1,1,1,1,非门板
250704-989,朗力,	7515996614627,,水仙苑72号,B1储物柜,18,橡胶木,非高光板,雾松,B1储物柜_柜A_抽屉01_抽屉后板01,112,515,1,无纹理,1,1,1,1,非门板
250704-989,朗力,	7515996614566,,水仙苑72号,B1储物柜,18,橡胶木,非高光板,雾松,B1储物柜_柜A_抽屉01_抽屉底板01,515,390,1,无纹理,1,1,1,1,非门板
250704-989,朗力,	7515996615594,,水仙苑72号,B1储物柜,18,橡胶木,非高光板,雾松,B1储物柜_柜A_收口条01_L收口辅板01,1850,70,1,无纹理,1,1,1,1,非门板
250704-989,朗力,	7515996615600,,水仙苑72号,B1储物柜,18,橡胶木,非高光板,雾松,B1储物柜_柜A_收口条01_L收口面板01,1850,30,1,无纹理,1,1,1,1,非门板
250704-989,朗力,	7518535383695,,水仙苑72号,B1储物柜,18,橡胶木,非高光板,雾松,B1储物柜_柜A_收口条02_L收口辅板01,1328,70,1,无纹理,1,1,1,1,非门板
250704-989,朗力,	7518535383701,,水仙苑72号,B1储物柜,18,橡胶木,非高光板,雾松,B1储物柜_柜A_收口条02_L收口面板01,40,1328,1,无纹理,1,1,1,1,非门板
250704-989,朗力,	7515996615655,,水仙苑72号,B1储物柜,18,橡胶木,非高光板,雾松,B1储物柜_地柜B_顶板01,972,874,1,无纹理,1,1,1,1,非门板
250704-989,朗力,	7515996615662,,水仙苑72号,B1储物柜,18,橡胶木,非高光板,雾松,B1储物柜_地柜B_底板01,972,874,1,无纹理,1,1,1,1,非门板
250704-989,朗力,	7515996615679,,水仙苑72号,B1储物柜,18,橡胶木,非高光板,雾松,B1储物柜_地柜B_右立板01,1364,874,1,无纹理,1,1,1,1,非门板
250704-989,朗力,	7515996615693,,水仙苑72号,B1储物柜,18,橡胶木,非高光板,雾松,B1储物柜_地柜B_活动层板02,972,856,1,无纹理,1,1,1,1,非门板
250704-989,朗力,	7515996615709,,水仙苑72号,B1储物柜,18,橡胶木,非高光板,雾松,B1储物柜_地柜B_活动层板01,972,856,1,无纹理,1,1,1,1,非门板
250704-989,朗力,	7515996615761,,水仙苑72号,B1储物柜,18,橡胶木,非高光板,雾松,B1储物柜_地柜B_竖隔板01,1364,500,1,无纹理,1,1,1,1,非门板
250704-989,朗力,	7515996615778,,水仙苑72号,B1储物柜,18,橡胶木,非高光板,雾松,B1储物柜_地柜B_左立板01,1364,500,1,无纹理,1,1,1,1,非门板
250704-989,朗力,	7518535380984,,水仙苑72号,B1储物柜,18,橡胶木,非高光板,雾松,B1储物柜_地柜B_踢脚线01_圆弧踢脚线第1块01,60,936,1,无纹理,1,1,1,1,非门板
250704-989,朗力,	7518535380991,,水仙苑72号,B1储物柜,18,橡胶木,非高光板,雾松,B1储物柜_地柜B_踢脚线01_圆弧踢脚线第2块01,60,490,1,无纹理,1,1,1,1,非门板
250704-989,朗力,	7518535381004,,水仙苑72号,B1储物柜,18,橡胶木,非高光板,雾松,B1储物柜_地柜B_踢脚线01_圆弧踢脚线第3块01,60,392,1,无纹理,1,1,1,1,非门板
250704-989,朗力,	7518535381011,,水仙苑72号,B1储物柜,18,橡胶木,非高光板,雾松,B1储物柜_地柜B_踢脚线01_圆弧踢脚线第4块01,60,464,1,无纹理,1,1,1,1,非门板
250704-989,朗力,	7518535385743,,水仙苑72号,B1储物柜,18,橡胶木,非高光板,雾松,B1储物柜_地柜B_踢脚线01_左立板01,60,452,1,无纹理,1,1,1,1,非门板
250704-989,朗力,	7518535385798,,水仙苑72号,B1储物柜,18,橡胶木,非高光板,雾松,B1储物柜_地柜B_踢脚线01_右立板01,60,826,1,无纹理,1,1,1,1,非门板
250704-989,朗力,	7518535380922,,水仙苑72号,B1储物柜,18,橡胶木,非高光板,雾松,B1储物柜_地柜B_竖隔板02,1268,972,1,无纹理,1,1,1,1,非门板
250704-989,朗力,	7518535381226,,水仙苑72号,B1储物柜,18,橡胶木,非高光板,雾松,B1储物柜_地柜A_左立板01,1364,500,1,无纹理,1,1,1,1,非门板
250704-989,朗力,	7518535381257,,水仙苑72号,B1储物柜,18,橡胶木,非高光板,雾松,B1储物柜_地柜A_右立板01,1364,500,1,无纹理,1,1,1,1,非门板
250704-989,朗力,	7518535381288,,水仙苑72号,B1储物柜,18,橡胶木,非高光板,雾松,B1储物柜_地柜A_顶板01,364,500,1,无纹理,1,1,1,1,非门板
250704-989,朗力,	7518535381400,,水仙苑72号,B1储物柜,18,橡胶木,非高光板,雾松,B1储物柜_地柜A_踢脚线01_踢脚线前挡板01,60,364,1,无纹理,1,1,1,1,非门板
250704-989,朗力,	7518535381417,,水仙苑72号,B1储物柜,18,橡胶木,非高光板,雾松,B1储物柜_地柜A_踢脚线01_踢脚线后挡板01,60,364,1,无纹理,1,1,1,1,非门板
250704-989,朗力,	7518535381387,,水仙苑72号,B1储物柜,18,橡胶木,非高光板,雾松,B1储物柜_地柜A_底板01,364,500,1,无纹理,1,1,1,1,非门板
250704-989,朗力,	7518535381691,,水仙苑72号,B1储物柜,18,橡胶木,非高光板,雾松,B1储物柜_地柜A_背板01,1268,364,1,无纹理,1,1,1,1,非门板
250704-989,朗力,	7518535381721,,水仙苑72号,B1储物柜,18,橡胶木,非高光板,雾松,B1储物柜_地柜A_活动层板02,363,480,1,无纹理,1,1,1,1,非门板
250704-989,朗力,	7518535381776,,水仙苑72号,B1储物柜,18,橡胶木,非高光板,雾松,B1储物柜_地柜A_活动层板01,363,480,1,无纹理,1,1,1,1,非门板
250704-989,朗力,	7518535385422,,水仙苑72号,B1储物柜,18,橡胶木,非高光板,雾松,B1储物柜_地柜A_收口条01_L收口辅板01,1850,70,1,无纹理,1,1,1,1,非门板
250704-989,朗力,	7518535385439,,水仙苑72号,B1储物柜,18,橡胶木,非高光板,雾松,B1储物柜_地柜A_收口条01_L收口面板01,1850,30,1,无纹理,1,1,1,1,非门板
250704-989,朗力,	7518535382124,,水仙苑72号,B1储物柜,18,橡胶木,非高光板,雾松,B1储物柜_吊柜A_顶板01,680,1236,1,无纹理,1,1,1,1,非门板
250704-989,朗力,	7518535382131,,水仙苑72号,B1储物柜,18,橡胶木,非高光板,雾松,B1储物柜_吊柜A_底板01,990,1236,1,无纹理,1,1,1,1,非门板
250704-989,朗力,	7518535382148,,水仙苑72号,B1储物柜,18,橡胶木,非高光板,雾松,B1储物柜_吊柜A_右立板01,300,1236,1,无纹理,1,1,1,1,非门板
250704-989,朗力,	7518535382155,,水仙苑72号,B1储物柜,18,橡胶木,非高光板,雾松,B1储物柜_吊柜A_竖隔板01,486,990,1,无纹理,1,1,1,1,非门板
250704-989,朗力,	7518535382230,,水仙苑72号,B1储物柜,18,橡胶木,非高光板,雾松,B1储物柜_吊柜A_竖隔板02,486,500,1,无纹理,1,1,1,1,非门板
250704-989,朗力,	7518535382247,,水仙苑72号,B1储物柜,18,橡胶木,非高光板,雾松,B1储物柜_吊柜A_左立板01,486,480,1,无纹理,1,1,1,1,非门板
250704-989,朗力,	7518535383305,,水仙苑72号,B1储物柜,18,橡胶木,非高光板,雾松,B1储物柜_吊柜A_切角板01,150,1236,1,无纹理,1,1,1,1,非门板
250704-989,朗力,	7518535383312,,水仙苑72号,B1储物柜,18,橡胶木,非高光板,雾松,B1储物柜_吊柜A_切角板02,310,1236,1,无纹理,1,1,1,1,非门板
250704-989,朗力,	7518535385330,,水仙苑72号,B1储物柜,18,橡胶木,非高光板,雾松,B1储物柜_吊柜A_收口条01_L收口辅板01,822,70,1,无纹理,1,1,1,1,非门板
250704-989,朗力,	7518535385347,,水仙苑72号,B1储物柜,18,橡胶木,非高光板,雾松,B1储物柜_吊柜A_收口条01_L收口面板01,40,822,1,无纹理,1,1,1,1,非门板
250704-989,朗力,	7520422655242,,水仙苑72号,1楼书柜,18,橡胶木,非高光板,雾松,1楼书柜_吊柜A_左立板01,1116,372,1,无纹理,1,1,1,1,非门板
250704-989,朗力,	7520422655273,,水仙苑72号,1楼书柜,18,橡胶木,非高光板,雾松,1楼书柜_吊柜A_中立板01,1116,372,1,无纹理,1,1,1,1,非门板
250704-989,朗力,	7520422655310,,水仙苑72号,1楼书柜,18,橡胶木,非高光板,雾松,1楼书柜_吊柜A_中立板02,1116,372,1,无纹理,1,1,1,1,非门板
250704-989,朗力,	7520422655372,,水仙苑72号,1楼书柜,18,橡胶木,非高光板,雾松,1楼书柜_吊柜A_中立板03,1116,372,1,无纹理,1,1,1,1,非门板
250704-989,朗力,	7520422655419,,水仙苑72号,1楼书柜,18,橡胶木,非高光板,雾松,1楼书柜_吊柜A_中立板04,1116,372,1,无纹理,1,1,1,1,非门板
250704-989,朗力,	7520422655471,,水仙苑72号,1楼书柜,18,橡胶木,非高光板,雾松,1楼书柜_吊柜A_中立板05,1116,372,1,无纹理,1,1,1,1,非门板
250704-989,朗力,	7520422655518,,水仙苑72号,1楼书柜,18,橡胶木,非高光板,雾松,1楼书柜_吊柜A_右立板01,1116,372,1,无纹理,1,1,1,1,非门板
250704-989,朗力,	7520422655549,,水仙苑72号,1楼书柜,18,橡胶木,非高光板,雾松,1楼书柜_吊柜A_中立板06,1116,372,1,无纹理,1,1,1,1,非门板
250704-989,朗力,	7520422655600,,水仙苑72号,1楼书柜,18,橡胶木,非高光板,雾松,1楼书柜_吊柜A_底板01,1046,372,1,无纹理,1,1,1,1,非门板
250704-989,朗力,	7520422655624,,水仙苑72号,1楼书柜,18,橡胶木,非高光板,雾松,1楼书柜_吊柜A_底板02,1046,372,1,无纹理,1,1,1,1,非门板
250704-989,朗力,	7520422655648,,水仙苑72号,1楼书柜,18,橡胶木,非高光板,雾松,1楼书柜_吊柜A_底板03,1046,372,1,无纹理,1,1,1,1,非门板
250704-989,朗力,	7520422655662,,水仙苑72号,1楼书柜,18,橡胶木,非高光板,雾松,1楼书柜_吊柜A_底板04,505,372,1,无纹理,1,1,1,1,非门板
250704-989,朗力,	7520422655716,,水仙苑72号,1楼书柜,18,橡胶木,非高光板,雾松,1楼书柜_吊柜A_顶板01,1046,372,1,无纹理,1,1,1,1,非门板
250704-989,朗力,	7520422655730,,水仙苑72号,1楼书柜,18,橡胶木,非高光板,雾松,1楼书柜_吊柜A_顶板02,1046,372,1,无纹理,1,1,1,1,非门板
250704-989,朗力,	7520422655778,,水仙苑72号,1楼书柜,18,橡胶木,非高光板,雾松,1楼书柜_吊柜A_顶板03,505,372,1,无纹理,1,1,1,1,非门板
250704-989,朗力,	7520422655822,,水仙苑72号,1楼书柜,18,橡胶木,非高光板,雾松,1楼书柜_吊柜A_背板03,1098,1046,1,无纹理,1,1,1,1,非门板
250704-989,朗力,	7520422655853,,水仙苑72号,1楼书柜,18,橡胶木,非高光板,雾松,1楼书柜_吊柜A_横隔板01,1046,372,1,无纹理,1,1,1,1,非门板
250704-989,朗力,	7520422655945,,水仙苑72号,1楼书柜,18,橡胶木,非高光板,雾松,1楼书柜_吊柜A_横隔板02,505,372,1,无纹理,1,1,1,1,非门板
250704-989,朗力,	7520422656027,,水仙苑72号,1楼书柜,18,橡胶木,非高光板,雾松,1楼书柜_吊柜A_背板05,526,1046,1,无纹理,1,1,1,1,非门板
250704-989,朗力,	7520422656041,,水仙苑72号,1楼书柜,18,橡胶木,非高光板,雾松,1楼书柜_吊柜A_背板02,536,1046,1,无纹理,1,1,1,1,非门板
250704-989,朗力,	7520422656065,,水仙苑72号,1楼书柜,18,橡胶木,非高光板,雾松,1楼书柜_吊柜A_背板06,526,505,1,无纹理,1,1,1,1,非门板
250704-989,朗力,	7520422656089,,水仙苑72号,1楼书柜,18,橡胶木,非高光板,雾松,1楼书柜_吊柜A_背板04,536,505,1,无纹理,1,1,1,1,非门板
250704-989,朗力,	7520422656102,,水仙苑72号,1楼书柜,18,橡胶木,非高光板,雾松,1楼书柜_吊柜A_背板01,1080,1046,1,无纹理,1,1,1,1,非门板
250704-989,朗力,	7520422656133,,水仙苑72号,1楼书柜,18,橡胶木,非高光板,雾松,1楼书柜_吊柜A_活动层板04,1045,354,1,无纹理,1,1,1,1,非门板
250704-989,朗力,	7520422656317,,水仙苑72号,1楼书柜,18,橡胶木,非高光板,雾松,1楼书柜_吊柜A_活动层板02,1045,352,1,无纹理,1,1,1,1,非门板
250704-989,朗力,	7520422656423,,水仙苑72号,1楼书柜,18,橡胶木,非高光板,雾松,1楼书柜_吊柜A_活动层板03,1045,352,1,无纹理,1,1,1,1,非门板
250704-989,朗力,	7520422656478,,水仙苑72号,1楼书柜,18,橡胶木,非高光板,雾松,1楼书柜_吊柜A_活动层板01,1045,352,1,无纹理,1,1,1,1,非门板
250704-989,朗力,	7520422657116,,水仙苑72号,1楼书柜,18,橡胶木,非高光板,雾松,1楼书柜_吊柜A_收口条02_L收口辅板01,2164,70,1,无纹理,1,1,1,1,非门板
250704-989,朗力,	7520422657123,,水仙苑72号,1楼书柜,18,橡胶木,非高光板,雾松,1楼书柜_吊柜A_收口条02_L收口面板01,40,2164,1,无纹理,1,1,1,1,非门板
250704-989,朗力,	7521946503446,,水仙苑72号,1楼书柜,18,橡胶木,非高光板,雾松,1楼书柜_吊柜A_收口条03_L收口辅板01,1082,70,1,无纹理,1,1,1,1,非门板
250704-989,朗力,	7521946503453,,水仙苑72号,1楼书柜,18,橡胶木,非高光板,雾松,1楼书柜_吊柜A_收口条03_L收口面板01,40,1082,1,无纹理,1,1,1,1,非门板
250704-989,朗力,	7520422657529,,水仙苑72号,1楼书柜,18,橡胶木,非高光板,雾松,1楼书柜_吊柜A_收口条01_L收口辅板01,1156,70,1,无纹理,1,1,1,1,非门板
250704-989,朗力,	7521946503422,,水仙苑72号,1楼书柜,18,橡胶木,非高光板,雾松,1楼书柜_吊柜A_收口条04_L收口辅板01,541,70,1,无纹理,1,1,1,1,非门板
250704-989,朗力,	7521946503439,,水仙苑72号,1楼书柜,18,橡胶木,非高光板,雾松,1楼书柜_吊柜A_收口条04_L收口面板01,40,541,1,无纹理,1,1,1,1,非门板
250704-989,朗力,	7520422659233,,水仙苑72号,1楼餐边柜,18,橡胶木,非高光板,雾松,1楼餐边柜_吊柜A_右立板01,615,280,1,无纹理,1,1,1,1,非门板
250704-989,朗力,	7520422659288,,水仙苑72号,1楼餐边柜,18,橡胶木,非高光板,雾松,1楼餐边柜_吊柜A_左立板01,615,280,1,无纹理,1,1,1,1,非门板
250704-989,朗力,	7520422659318,,水仙苑72号,1楼餐边柜,18,橡胶木,非高光板,雾松,1楼餐边柜_吊柜A_灯带50居前01,996,280,1,无纹理,1,1,1,1,非门板
250704-989,朗力,	7520422659363,,水仙苑72号,1楼餐边柜,18,橡胶木,非高光板,雾松,1楼餐边柜_吊柜A_顶板01,996,280,1,无纹理,1,1,1,1,非门板
250704-989,朗力,	7520422659417,,水仙苑72号,1楼餐边柜,18,橡胶木,非高光板,雾松,1楼餐边柜_吊柜A_中立板01,579,280,1,无纹理,1,1,1,1,非门板
250704-989,朗力,	7520422659493,,水仙苑72号,1楼餐边柜,18,橡胶木,非高光板,雾松,1楼餐边柜_吊柜A_背板01,579,661,1,无纹理,1,1,1,1,非门板
250704-989,朗力,	7520422659516,,水仙苑72号,1楼餐边柜,18,橡胶木,非高光板,雾松,1楼餐边柜_吊柜A_背板02,579,317,1,无纹理,1,1,1,1,非门板
250704-989,朗力,	7520422659547,,水仙苑72号,1楼餐边柜,18,橡胶木,非高光板,雾松,1楼餐边柜_吊柜A_活动层板01,660,260,1,无纹理,1,1,1,1,非门板
250704-989,朗力,	7520422659592,,水仙苑72号,1楼餐边柜,18,橡胶木,非高光板,雾松,1楼餐边柜_吊柜A_活动层板02,316,260,1,无纹理,1,1,1,1,非门板
250704-989,朗力,	7520422659776,,水仙苑72号,1楼餐边柜,18,橡胶木,非高光板,雾松,1楼餐边柜_吊柜A_收口条03_L收口辅板01,1032,70,1,无纹理,1,1,1,1,非门板
250704-989,朗力,	7520422659783,,水仙苑72号,1楼餐边柜,18,橡胶木,非高光板,雾松,1楼餐边柜_吊柜A_收口条03_L收口面板01,40,1032,1,无纹理,1,1,1,1,非门板
250704-989,朗力,	7521087847638,,水仙苑72号,2楼北卧衣柜,18,橡胶木,非高光板,雾松,2楼北卧衣柜_柜A_中立板05,2300,540,1,无纹理,1,1,1,1,非门板
250704-989,朗力,	7521087847690,,水仙苑72号,2楼北卧衣柜,18,橡胶木,非高光板,雾松,2楼北卧衣柜_柜A_中立板04,2300,540,1,无纹理,1,1,1,1,非门板
250704-989,朗力,	7521087847744,,水仙苑72号,2楼北卧衣柜,18,橡胶木,非高光板,雾松,2楼北卧衣柜_柜A_中立板03,2318,540,1,无纹理,1,1,1,1,非门板
250704-989,朗力,	7521087847805,,水仙苑72号,2楼北卧衣柜,18,橡胶木,非高光板,雾松,2楼北卧衣柜_柜A_中立板02,2318,540,1,无纹理,1,1,1,1,非门板
250704-989,朗力,	7521087847850,,水仙苑72号,2楼北卧衣柜,18,橡胶木,非高光板,雾松,2楼北卧衣柜_柜A_中立板01,2318,540,1,无纹理,1,1,1,1,非门板
250704-989,朗力,	7521087847904,,水仙苑72号,2楼北卧衣柜,18,橡胶木,非高光板,雾松,2楼北卧衣柜_柜A_左立板01,400,540,1,无纹理,1,1,1,1,非门板
250704-989,朗力,	7521087847935,,水仙苑72号,2楼北卧衣柜,18,橡胶木,非高光板,雾松,2楼北卧衣柜_柜A_竖隔板01,400,540,1,无纹理,1,1,1,1,非门板
250704-989,朗力,	7521087848017,,水仙苑72号,2楼北卧衣柜,18,橡胶木,非高光板,雾松,2楼北卧衣柜_柜A_顶板02,390,540,1,无纹理,1,1,1,1,非门板
250704-989,朗力,	7521087848031,,水仙苑72号,2楼北卧衣柜,18,橡胶木,非高光板,雾松,2楼北卧衣柜_柜A_顶板03,807,540,1,无纹理,1,1,1,1,非门板
250704-989,朗力,	7521087848154,,水仙苑72号,2楼北卧衣柜,18,橡胶木,非高光板,雾松,2楼北卧衣柜_柜A_踢脚线01_踢脚线前挡板01,60,383,1,无纹理,1,1,1,1,非门板
250704-989,朗力,	7521087848161,,水仙苑72号,2楼北卧衣柜,18,橡胶木,非高光板,雾松,2楼北卧衣柜_柜A_踢脚线01_踢脚线后挡板01,60,383,1,无纹理,1,1,1,1,非门板
250704-989,朗力,	7521087848130,,水仙苑72号,2楼北卧衣柜,18,橡胶木,非高光板,雾松,2楼北卧衣柜_柜A_底板01,383,540,1,无纹理,1,1,1,1,非门板
250704-989,朗力,	7521087848215,,水仙苑72号,2楼北卧衣柜,18,橡胶木,非高光板,雾松,2楼北卧衣柜_柜A_踢脚线02_踢脚线前挡板01,60,390,1,无纹理,1,1,1,1,非门板
250704-989,朗力,	7521087848222,,水仙苑72号,2楼北卧衣柜,18,橡胶木,非高光板,雾松,2楼北卧衣柜_柜A_踢脚线02_踢脚线后挡板01,60,390,1,无纹理,1,1,1,1,非门板
250704-989,朗力,	7521087848192,,水仙苑72号,2楼北卧衣柜,18,橡胶木,非高光板,雾松,2楼北卧衣柜_柜A_底板02,390,540,1,无纹理,1,1,1,1,非门板
250704-989,朗力,	7521087848277,,水仙苑72号,2楼北卧衣柜,18,橡胶木,非高光板,雾松,2楼北卧衣柜_柜A_踢脚线03_踢脚线前挡板01,60,807,1,无纹理,1,1,1,1,非门板
250704-989,朗力,	7521087848284,,水仙苑72号,2楼北卧衣柜,18,橡胶木,非高光板,雾松,2楼北卧衣柜_柜A_踢脚线03_踢脚线后挡板01,60,807,1,无纹理,1,1,1,1,非门板
250704-989,朗力,	7521087848253,,水仙苑72号,2楼北卧衣柜,18,橡胶木,非高光板,雾松,2楼北卧衣柜_柜A_底板03,807,540,1,无纹理,1,1,1,1,非门板
250704-989,朗力,	7521087848826,,水仙苑72号,2楼北卧衣柜,18,橡胶木,非高光板,雾松,2楼北卧衣柜_柜A_背板03,2222,807,1,无纹理,1,1,1,1,非门板
250704-989,朗力,	7521087848840,,水仙苑72号,2楼北卧衣柜,18,橡胶木,非高光板,雾松,2楼北卧衣柜_柜A_背板02,2222,390,1,无纹理,1,1,1,1,非门板
250704-989,朗力,	7521087848871,,水仙苑72号,2楼北卧衣柜,18,橡胶木,非高光板,雾松,2楼北卧衣柜_柜A_横隔板07,807,522,1,无纹理,1,1,1,1,非门板
250704-989,朗力,	7521087848925,,水仙苑72号,2楼北卧衣柜,18,橡胶木,非高光板,雾松,2楼北卧衣柜_柜A_横隔板06,390,522,1,无纹理,1,1,1,1,非门板
250704-989,朗力,	7521087848949,,水仙苑72号,2楼北卧衣柜,18,橡胶木,非高光板,雾松,2楼北卧衣柜_柜A_横隔板04,807,522,1,无纹理,1,1,1,1,非门板
250704-989,朗力,	7521087849113,,水仙苑72号,2楼北卧衣柜,18,橡胶木,非高光板,雾松,2楼北卧衣柜_柜A_横隔板03,390,522,1,无纹理,1,1,1,1,非门板
250704-989,朗力,	7521087849373,,水仙苑72号,2楼北卧衣柜,18,橡胶木,非高光板,雾松,2楼北卧衣柜_柜A_横隔板01,383,540,1,无纹理,1,1,1,1,非门板
250704-989,朗力,	7521087849908,,水仙苑72号,2楼北卧衣柜,18,橡胶木,非高光板,雾松,2楼北卧衣柜_柜A_开射灯孔，配射灯01,988,540,1,无纹理,1,1,1,1,非门板
250704-989,朗力,	7521087850287,,水仙苑72号,2楼北卧衣柜,18,橡胶木,非高光板,雾松,2楼北卧衣柜_柜A_收口条04_L收口辅板01,1670,70,1,无纹理,1,1,1,1,非门板
250704-989,朗力,	7521087850294,,水仙苑72号,2楼北卧衣柜,18,橡胶木,非高光板,雾松,2楼北卧衣柜_柜A_收口条04_L收口面板01,40,1670,1,无纹理,1,1,1,1,非门板
250704-989,朗力,	7521946505853,,水仙苑72号,2楼北卧衣柜,18,橡胶木,非高光板,雾松,2楼北卧衣柜_柜A_收口条05_L收口辅板01,988,70,1,无纹理,1,1,1,1,非门板
250704-989,朗力,	7521946505860,,水仙苑72号,2楼北卧衣柜,18,橡胶木,非高光板,雾松,2楼北卧衣柜_柜A_收口条05_L收口面板01,40,988,1,无纹理,1,1,1,1,非门板
250704-989,朗力,	7521087850713,,水仙苑72号,2楼北卧衣柜,18,橡胶木,非高光板,雾松,2楼北卧衣柜_柜A_收口条01_L收口辅板01,400,70,1,无纹理,1,1,1,1,非门板
250704-989,朗力,	7521087850492,,水仙苑72号,2楼北卧衣柜,18,橡胶木,非高光板,雾松,2楼北卧衣柜_柜A_收口条02_L收口辅板01,2358,70,1,无纹理,1,1,1,1,非门板
250704-989,朗力,	7521087850690,,水仙苑72号,2楼北卧衣柜,18,橡胶木,非高光板,雾松,2楼北卧衣柜_柜A_收口条03_L收口辅板01,1758,70,1,无纹理,1,1,1,1,非门板
250704-989,朗力,	7521087851857,,水仙苑72号,2楼北卧衣柜,18,橡胶木,非高光板,雾松,2楼北卧衣柜_柜A_背板01,304,383,1,无纹理,1,1,1,1,非门板
250704-989,朗力,	7521087864857,,水仙苑72号,二楼南卧储物柜,18,橡胶木,非高光板,雾松,二楼南卧储物柜_柜A_左立板01,2343,419,1,无纹理,1,1,1,1,非门板
250704-989,朗力,	7521087864888,,水仙苑72号,二楼南卧储物柜,18,橡胶木,非高光板,雾松,二楼南卧储物柜_柜A_右立板01,2343,419,1,无纹理,1,1,1,1,非门板
250704-989,朗力,	7521087864918,,水仙苑72号,二楼南卧储物柜,18,橡胶木,非高光板,雾松,二楼南卧储物柜_柜A_中立板01,2343,419,1,无纹理,1,1,1,1,非门板
250704-989,朗力,	7521087864963,,水仙苑72号,二楼南卧储物柜,18,橡胶木,非高光板,雾松,二楼南卧储物柜_柜A_顶板01,979,419,1,无纹理,1,1,1,1,非门板
250704-989,朗力,	7521087864987,,水仙苑72号,二楼南卧储物柜,18,橡胶木,非高光板,雾松,二楼南卧储物柜_柜A_顶板02,476,419,1,无纹理,1,1,1,1,非门板
250704-989,朗力,	7521087865052,,水仙苑72号,二楼南卧储物柜,18,橡胶木,非高光板,雾松,二楼南卧储物柜_柜A_踢脚线01_踢脚线前挡板01,60,979,1,无纹理,1,1,1,1,非门板
250704-989,朗力,	7521087865069,,水仙苑72号,二楼南卧储物柜,18,橡胶木,非高光板,雾松,二楼南卧储物柜_柜A_踢脚线01_踢脚线后挡板01,60,979,1,无纹理,1,1,1,1,非门板
250704-989,朗力,	7521087865199,,水仙苑72号,二楼南卧储物柜,18,橡胶木,非高光板,雾松,二楼南卧储物柜_柜A_踢脚线01_踢脚线隔条01,60,352,1,无纹理,1,1,1,1,非门板
250704-989,朗力,	7521087865205,,水仙苑72号,二楼南卧储物柜,18,橡胶木,非高光板,雾松,二楼南卧储物柜_柜A_踢脚线01_踢脚线隔条02,60,352,1,无纹理,1,1,1,1,非门板
250704-989,朗力,	7521087865212,,水仙苑72号,二楼南卧储物柜,18,橡胶木,非高光板,雾松,二楼南卧储物柜_柜A_踢脚线01_踢脚线隔条03,60,352,1,无纹理,1,1,1,1,非门板
250704-989,朗力,	7521087865229,,水仙苑72号,二楼南卧储物柜,18,橡胶木,非高光板,雾松,二楼南卧储物柜_柜A_踢脚线01_踢脚线隔条04,60,352,1,无纹理,1,1,1,1,非门板
250704-989,朗力,	7521087865038,,水仙苑72号,二楼南卧储物柜,18,橡胶木,非高光板,雾松,二楼南卧储物柜_柜A_底板01,979,419,1,无纹理,1,1,1,1,非门板
250704-989,朗力,	7521087865113,,水仙苑72号,二楼南卧储物柜,18,橡胶木,非高光板,雾松,二楼南卧储物柜_柜A_踢脚线02_踢脚线前挡板01,60,476,1,无纹理,1,1,1,1,非门板
250704-989,朗力,	7521087865120,,水仙苑72号,二楼南卧储物柜,18,橡胶木,非高光板,雾松,二楼南卧储物柜_柜A_踢脚线02_踢脚线后挡板01,60,476,1,无纹理,1,1,1,1,非门板
250704-989,朗力,	7521087865090,,水仙苑72号,二楼南卧储物柜,18,橡胶木,非高光板,雾松,二楼南卧储物柜_柜A_底板02,476,419,1,无纹理,1,1,1,1,非门板
250704-989,朗力,	7521087865250,,水仙苑72号,二楼南卧储物柜,18,橡胶木,非高光板,雾松,二楼南卧储物柜_柜A_横隔板01,979,419,1,无纹理,1,1,1,1,非门板
250704-989,朗力,	7521087865335,,水仙苑72号,二楼南卧储物柜,18,橡胶木,非高光板,雾松,二楼南卧储物柜_柜A_背板01,1116,979,1,无纹理,1,1,1,1,非门板
250704-989,朗力,	7521087865373,,水仙苑72号,二楼南卧储物柜,18,橡胶木,非高光板,雾松,二楼南卧储物柜_柜A_背板02,2247,476,1,无纹理,1,1,1,1,非门板
250704-989,朗力,	7521087865410,,水仙苑72号,二楼南卧储物柜,18,橡胶木,非高光板,雾松,二楼南卧储物柜_柜A_横隔板04,979,419,1,无纹理,1,1,1,1,非门板
250704-989,朗力,	7521087865465,,水仙苑72号,二楼南卧储物柜,18,橡胶木,非高光板,雾松,二楼南卧储物柜_柜A_横隔板03,979,419,1,无纹理,1,1,1,1,非门板
250704-989,朗力,	7521087865540,,水仙苑72号,二楼南卧储物柜,18,橡胶木,非高光板,雾松,二楼南卧储物柜_柜A_背板05,359,979,1,无纹理,1,1,1,1,非门板
250704-989,朗力,	7521087865564,,水仙苑72号,二楼南卧储物柜,18,橡胶木,非高光板,雾松,二楼南卧储物柜_柜A_背板04,359,979,1,无纹理,1,1,1,1,非门板
250704-989,朗力,	7521087865588,,水仙苑72号,二楼南卧储物柜,18,橡胶木,非高光板,雾松,二楼南卧储物柜_柜A_背板03,359,979,1,无纹理,1,1,1,1,非门板
250704-989,朗力,	7521087865618,,水仙苑72号,二楼南卧储物柜,18,橡胶木,非高光板,雾松,二楼南卧储物柜_柜A_活动层板02,978,399,1,无纹理,1,1,1,1,非门板
250704-989,朗力,	7521087865724,,水仙苑72号,二楼南卧储物柜,18,橡胶木,非高光板,雾松,二楼南卧储物柜_柜A_收口条02_L收口辅板01,1509,70,1,无纹理,1,1,1,1,非门板
250704-989,朗力,	7521087865731,,水仙苑72号,二楼南卧储物柜,18,橡胶木,非高光板,雾松,二楼南卧储物柜_柜A_收口条02_L收口面板01,40,1509,1,无纹理,1,1,1,1,非门板
250704-989,朗力,	7521087866226,,水仙苑72号,二楼南卧储物柜,18,橡胶木,非高光板,雾松,二楼南卧储物柜_柜A_横隔板05,476,399,1,无纹理,1,1,1,1,非门板
250704-989,朗力,	7521087866318,,水仙苑72号,二楼南卧储物柜,18,橡胶木,非高光板,雾松,二楼南卧储物柜_柜A_活动层板04,475,399,1,无纹理,1,1,1,1,非门板
250704-989,朗力,	7521087866400,,水仙苑72号,二楼南卧储物柜,18,橡胶木,非高光板,雾松,二楼南卧储物柜_柜A_横隔板02,476,399,1,无纹理,1,1,1,1,非门板
250704-989,朗力,	7521087866493,,水仙苑72号,二楼南卧储物柜,18,橡胶木,非高光板,雾松,二楼南卧储物柜_柜A_活动层板03,475,399,1,无纹理,1,1,1,1,非门板
250704-989,朗力,	7521087866738,,水仙苑72号,二楼南卧储物柜,18,橡胶木,非高光板,雾松,二楼南卧储物柜_柜A_活动层板01,475,399,1,无纹理,1,1,1,1,非门板
250704-989,朗力,	7521087867278,,水仙苑72号,二楼南卧书柜,18,橡胶木,非高光板,雾松,二楼南卧书柜_柜A_左立板01,2346,329,1,无纹理,1,1,1,1,非门板
250704-989,朗力,	7521087867308,,水仙苑72号,二楼南卧书柜,18,橡胶木,非高光板,雾松,二楼南卧书柜_柜A_中立板01,2386,329,1,无纹理,1,1,1,1,非门板
250704-989,朗力,	7521087867346,,水仙苑72号,二楼南卧书柜,18,橡胶木,非高光板,雾松,二楼南卧书柜_柜A_右立板01,2346,329,1,无纹理,1,1,1,1,非门板
250704-989,朗力,	7521087867377,,水仙苑72号,二楼南卧书柜,18,橡胶木,非高光板,雾松,二楼南卧书柜_柜A_中立板02,2386,329,1,无纹理,1,1,1,1,非门板
250704-989,朗力,	7521087867421,,水仙苑72号,二楼南卧书柜,18,橡胶木,非高光板,雾松,二楼南卧书柜_柜A_顶板02,433,329,1,无纹理,1,1,1,1,非门板
250704-989,朗力,	7521087867476,,水仙苑72号,二楼南卧书柜,18,橡胶木,非高光板,雾松,二楼南卧书柜_柜A_顶板01,433,329,1,无纹理,1,1,1,1,非门板
250704-989,朗力,	7521087867544,,水仙苑72号,二楼南卧书柜,18,橡胶木,非高光板,雾松,二楼南卧书柜_柜A_踢脚线01_踢脚线前挡板01,60,433,1,无纹理,1,1,1,1,非门板
250704-989,朗力,	7521087867551,,水仙苑72号,二楼南卧书柜,18,橡胶木,非高光板,雾松,二楼南卧书柜_柜A_踢脚线01_踢脚线后挡板01,60,433,1,无纹理,1,1,1,1,非门板
250704-989,朗力,	7521087867520,,水仙苑72号,二楼南卧书柜,18,橡胶木,非高光板,雾松,二楼南卧书柜_柜A_底板01,433,329,1,无纹理,1,1,1,1,非门板
250704-989,朗力,	7521087867605,,水仙苑72号,二楼南卧书柜,18,橡胶木,非高光板,雾松,二楼南卧书柜_柜A_踢脚线02_踢脚线前挡板01,60,433,1,无纹理,1,1,1,1,非门板
250704-989,朗力,	7521087867612,,水仙苑72号,二楼南卧书柜,18,橡胶木,非高光板,雾松,二楼南卧书柜_柜A_踢脚线02_踢脚线后挡板01,60,433,1,无纹理,1,1,1,1,非门板
250704-989,朗力,	7521087867582,,水仙苑72号,二楼南卧书柜,18,橡胶木,非高光板,雾松,二楼南卧书柜_柜A_底板02,433,329,1,无纹理,1,1,1,1,非门板
250704-989,朗力,	7521087867674,,水仙苑72号,二楼南卧书柜,18,橡胶木,非高光板,雾松,二楼南卧书柜_柜A_背板02,2250,433,1,无纹理,1,1,1,1,非门板
250704-989,朗力,	7521087867698,,水仙苑72号,二楼南卧书柜,18,橡胶木,非高光板,雾松,二楼南卧书柜_柜A_背板03,2250,433,1,无纹理,1,1,1,1,非门板
250704-989,朗力,	7521087867711,,水仙苑72号,二楼南卧书柜,18,橡胶木,非高光板,雾松,二楼南卧书柜_柜A_背板04,2208,469,1,无纹理,1,1,1,1,非门板
250704-989,朗力,	7521087867889,,水仙苑72号,二楼南卧书柜,18,橡胶木,非高光板,雾松,二楼南卧书柜_柜A_收口条02_L收口辅板01,451,70,1,无纹理,1,1,1,1,非门板
250704-989,朗力,	7521087867896,,水仙苑72号,二楼南卧书柜,18,橡胶木,非高光板,雾松,二楼南卧书柜_柜A_收口条02_L收口面板01,40,451,1,无纹理,1,1,1,1,非门板
250704-989,朗力,	7521087867865,,水仙苑72号,二楼南卧书柜,18,橡胶木,非高光板,雾松,二楼南卧书柜_柜A_收口条03_L收口辅板01,451,70,1,无纹理,1,1,1,1,非门板
250704-989,朗力,	7521087867872,,水仙苑72号,二楼南卧书柜,18,橡胶木,非高光板,雾松,二楼南卧书柜_柜A_收口条03_L收口面板01,40,451,1,无纹理,1,1,1,1,非门板
250704-989,朗力,	7521087868312,,水仙苑72号,二楼南卧书柜,18,橡胶木,非高光板,雾松,二楼南卧书柜_柜A_背板01,160,469,1,无纹理,1,1,1,1,非门板
250704-989,朗力,	7521087870148,,水仙苑72号,二楼南卧书柜,18,橡胶木,非高光板,雾松,二楼南卧书柜_柜A_横隔板05,433,309,1,无纹理,1,1,1,1,非门板
250704-989,朗力,	7521087870230,,水仙苑72号,二楼南卧书柜,18,橡胶木,非高光板,雾松,二楼南卧书柜_柜A_活动层板05,432,309,1,无纹理,1,1,1,1,非门板
250704-989,朗力,	7521087870285,,水仙苑72号,二楼南卧书柜,18,橡胶木,非高光板,雾松,二楼南卧书柜_柜A_横隔板03,433,309,1,无纹理,1,1,1,1,非门板
250704-989,朗力,	7521087870339,,水仙苑72号,二楼南卧书柜,18,橡胶木,非高光板,雾松,二楼南卧书柜_柜A_活动层板03,432,309,1,无纹理,1,1,1,1,非门板
250704-989,朗力,	7521087870384,,水仙苑72号,二楼南卧书柜,18,橡胶木,非高光板,雾松,二楼南卧书柜_柜A_活动层板01,432,309,1,无纹理,1,1,1,1,非门板
250704-989,朗力,	7521087870735,,水仙苑72号,二楼南卧书柜,18,橡胶木,非高光板,雾松,二楼南卧书柜_柜A_横隔板06,433,309,1,无纹理,1,1,1,1,非门板
250704-989,朗力,	7521087870780,,水仙苑72号,二楼南卧书柜,18,橡胶木,非高光板,雾松,二楼南卧书柜_柜A_活动层板06,432,309,1,无纹理,1,1,1,1,非门板
250704-989,朗力,	7521087870834,,水仙苑72号,二楼南卧书柜,18,橡胶木,非高光板,雾松,二楼南卧书柜_柜A_横隔板04,433,309,1,无纹理,1,1,1,1,非门板
250704-989,朗力,	7521087870889,,水仙苑72号,二楼南卧书柜,18,橡胶木,非高光板,雾松,二楼南卧书柜_柜A_活动层板04,432,309,1,无纹理,1,1,1,1,非门板
250704-989,朗力,	7521087870933,,水仙苑72号,二楼南卧书柜,18,橡胶木,非高光板,雾松,二楼南卧书柜_柜A_活动层板02,432,309,1,无纹理,1,1,1,1,非门板
250704-989,朗力,	7521087871343,,水仙苑72号,二楼南卧书柜,18,橡胶木,非高光板,雾松,二楼南卧书柜_圆弧模压面板_横隔板06,64,284,1,无纹理,0,0,0,1,非门板
250704-989,朗力,	7521087871350,,水仙苑72号,二楼南卧书柜,18,橡胶木,非高光板,雾松,二楼南卧书柜_圆弧模压面板_底板01,64,284,1,无纹理,0,0,0,1,非门板
250704-989,朗力,	7521087871428,,水仙苑72号,二楼南卧书柜,18,橡胶木,非高光板,雾松,二楼南卧书柜_圆弧模压面板_竖隔板01,2356,82,1,无纹理,1,1,1,1,非门板
250704-989,朗力,	7521087871435,,水仙苑72号,二楼南卧书柜,18,橡胶木,非高光板,雾松,二楼南卧书柜_圆弧模压面板_左立板01,2356,70,1,无纹理,1,1,1,1,非门板
250704-989,朗力,	7521087871633,,水仙苑72号,二楼南卧书柜,18,橡胶木,非高光板,雾松,二楼南卧书柜_圆弧模压面板_左立板02,2356,70,1,无纹理,1,1,1,1,非门板
250704-989,朗力,	7521087871770,,水仙苑72号,二楼南卧书柜,18,橡胶木,非高光板,雾松,二楼南卧书柜_圆弧模压面板_横隔板05,64,284,1,无纹理,0,0,0,1,非门板
250704-989,朗力,	7521087871817,,水仙苑72号,二楼南卧书柜,18,橡胶木,非高光板,雾松,二楼南卧书柜_圆弧模压面板_横隔板04,64,284,1,无纹理,0,0,0,1,非门板
250704-989,朗力,	7521087871855,,水仙苑72号,二楼南卧书柜,18,橡胶木,非高光板,雾松,二楼南卧书柜_圆弧模压面板_横隔板03,64,284,1,无纹理,0,0,0,1,非门板
250704-989,朗力,	7521087871893,,水仙苑72号,二楼南卧书柜,18,橡胶木,非高光板,雾松,二楼南卧书柜_圆弧模压面板_横隔板02,64,284,1,无纹理,0,0,0,1,非门板
250704-989,朗力,	7521087871930,,水仙苑72号,二楼南卧书柜,18,橡胶木,非高光板,雾松,二楼南卧书柜_圆弧模压面板_横隔板01,64,284,1,无纹理,0,0,0,1,非门板
250704-989,朗力,	7521087873941,,水仙苑72号,二楼南卧书柜,18,橡胶木,非高光板,雾松,二楼南卧书柜_地柜A_左立板01,784,659,1,无纹理,1,1,1,1,非门板
250704-989,朗力,	7521087873989,,水仙苑72号,二楼南卧书柜,18,橡胶木,非高光板,雾松,二楼南卧书柜_地柜A_右立板01,784,659,1,无纹理,1,1,1,1,非门板
250704-989,朗力,	7521087874023,,水仙苑72号,二楼南卧书柜,18,橡胶木,非高光板,雾松,二楼南卧书柜_地柜A_中立板01,784,659,1,无纹理,1,1,1,1,非门板
250704-989,朗力,	7521087874115,,水仙苑72号,二楼南卧书柜,18,橡胶木,非高光板,雾松,二楼南卧书柜_地柜A_踢脚线02_踢脚线隔条01,60,592,1,无纹理,1,1,1,1,非门板
250704-989,朗力,	7521087874122,,水仙苑72号,二楼南卧书柜,18,橡胶木,非高光板,雾松,二楼南卧书柜_地柜A_踢脚线02_踢脚线前挡板01,60,1123,1,无纹理,1,1,1,1,非门板
250704-989,朗力,	7521087874139,,水仙苑72号,二楼南卧书柜,18,橡胶木,非高光板,雾松,二楼南卧书柜_地柜A_踢脚线02_踢脚线后挡板01,60,1123,1,无纹理,1,1,1,1,非门板
250704-989,朗力,	7521087874092,,水仙苑72号,二楼南卧书柜,18,橡胶木,非高光板,雾松,二楼南卧书柜_地柜A_底板02,1123,659,1,无纹理,1,1,1,1,非门板
250704-989,朗力,	7521087874184,,水仙苑72号,二楼南卧书柜,18,橡胶木,非高光板,雾松,二楼南卧书柜_地柜A_踢脚线01_踢脚线前挡板01,60,548,1,无纹理,1,1,1,1,非门板
250704-989,朗力,	7521087874191,,水仙苑72号,二楼南卧书柜,18,橡胶木,非高光板,雾松,二楼南卧书柜_地柜A_踢脚线01_踢脚线后挡板01,60,548,1,无纹理,1,1,1,1,非门板
250704-989,朗力,	7521087874160,,水仙苑72号,二楼南卧书柜,18,橡胶木,非高光板,雾松,二楼南卧书柜_地柜A_底板01,548,659,1,无纹理,1,1,1,1,非门板
250704-989,朗力,	7521087874252,,水仙苑72号,二楼南卧书柜,18,橡胶木,非高光板,雾松,二楼南卧书柜_地柜A_背板01,706,548,1,无纹理,1,1,1,1,非门板
250704-989,朗力,	7521087874313,,水仙苑72号,二楼南卧书柜,18,橡胶木,非高光板,雾松,二楼南卧书柜_地柜A_横隔板01,1123,659,1,无纹理,1,1,1,1,非门板
250704-989,朗力,	7521087874382,,水仙苑72号,二楼南卧书柜,18,橡胶木,非高光板,雾松,二楼南卧书柜_地柜A_背板02,344,1123,1,无纹理,1,1,1,1,非门板
250704-989,朗力,	7521087874405,,水仙苑72号,二楼南卧书柜,18,橡胶木,非高光板,雾松,二楼南卧书柜_地柜A_背板03,344,1123,1,无纹理,1,1,1,1,非门板
250704-989,朗力,	7521087874436,,水仙苑72号,二楼南卧书柜,18,橡胶木,非高光板,雾松,二楼南卧书柜_地柜A_活动层板01,547,639,1,无纹理,1,1,1,1,非门板
250704-989,朗力,	7521087874689,,水仙苑72号,二楼南卧书柜,18,橡胶木,非高光板,雾松,二楼南卧书柜_地柜A_收口条01_L收口辅板01,784,70,1,无纹理,1,1,1,1,非门板
250704-989,朗力,	7521087877215,,水仙苑72号,二楼南卧床头背景衣柜,18,橡胶木,非高光板,雾松,二楼南卧床头背景衣柜_柜A_右立板01,2208,580,1,无纹理,1,1,1,1,非门板
250704-989,朗力,	7521087877246,,水仙苑72号,二楼南卧床头背景衣柜,18,橡胶木,非高光板,雾松,二楼南卧床头背景衣柜_柜A_左立板01,2208,580,1,无纹理,1,1,1,1,非门板
250704-989,朗力,	7521087877314,,水仙苑72号,二楼南卧床头背景衣柜,18,橡胶木,非高光板,雾松,二楼南卧床头背景衣柜_柜A_顶板01,776,580,1,无纹理,1,1,1,1,非门板
250704-989,朗力,	7521087877383,,水仙苑72号,二楼南卧床头背景衣柜,18,橡胶木,非高光板,雾松,二楼南卧床头背景衣柜_柜A_踢脚线01_踢脚线前挡板01,60,776,1,无纹理,1,1,1,1,非门板
250704-989,朗力,	7521087877390,,水仙苑72号,二楼南卧床头背景衣柜,18,橡胶木,非高光板,雾松,二楼南卧床头背景衣柜_柜A_踢脚线01_踢脚线后挡板01,60,776,1,无纹理,1,1,1,1,非门板
250704-989,朗力,	7521087877369,,水仙苑72号,二楼南卧床头背景衣柜,18,橡胶木,非高光板,雾松,二楼南卧床头背景衣柜_柜A_底板01,776,580,1,无纹理,1,1,1,1,非门板
250704-989,朗力,	7521087877451,,水仙苑72号,二楼南卧床头背景衣柜,18,橡胶木,非高光板,雾松,二楼南卧床头背景衣柜_柜A_背板01,2112,776,1,无纹理,1,1,1,1,非门板
250704-989,朗力,	7521087877482,,水仙苑72号,二楼南卧床头背景衣柜,18,橡胶木,非高光板,雾松,二楼南卧床头背景衣柜_柜A_横隔板01,776,562,1,无纹理,1,1,1,1,非门板
250704-989,朗力,	7521087877574,,水仙苑72号,二楼南卧床头背景衣柜,18,橡胶木,非高光板,雾松,二楼南卧床头背景衣柜_柜A_横隔板02,776,562,1,无纹理,1,1,1,1,非门板
250704-989,朗力,	7521087877666,,水仙苑72号,二楼南卧床头背景衣柜,18,橡胶木,非高光板,雾松,二楼南卧床头背景衣柜_柜A_收口条02_L收口辅板01,812,70,1,无纹理,1,1,1,1,非门板
250704-989,朗力,	7521087877673,,水仙苑72号,二楼南卧床头背景衣柜,18,橡胶木,非高光板,雾松,二楼南卧床头背景衣柜_柜A_收口条02_L收口面板01,40,812,1,无纹理,1,1,1,1,非门板
250704-989,朗力,	7521087878564,,水仙苑72号,二楼南卧床头背景衣柜,18,橡胶木,非高光板,雾松,二楼南卧床头背景衣柜_柜A_收口条01_L收口辅板01,2248,70,1,无纹理,1,1,1,1,非门板
250704-989,朗力,	7521087878397,,水仙苑72号,二楼南卧床头背景衣柜,18,橡胶木,非高光板,雾松,二楼南卧床头背景衣柜_柜C_右立板01,2208,580,1,无纹理,1,1,1,1,非门板
250704-989,朗力,	7521087878403,,水仙苑72号,二楼南卧床头背景衣柜,18,橡胶木,非高光板,雾松,二楼南卧床头背景衣柜_柜C_左立板01,2208,580,1,无纹理,1,1,1,1,非门板
250704-989,朗力,	7521087878410,,水仙苑72号,二楼南卧床头背景衣柜,18,橡胶木,非高光板,雾松,二楼南卧床头背景衣柜_柜C_顶板01,776,580,1,无纹理,1,1,1,1,非门板
250704-989,朗力,	7521087878427,,水仙苑72号,二楼南卧床头背景衣柜,18,橡胶木,非高光板,雾松,二楼南卧床头背景衣柜_柜C_踢脚线01_踢脚线前挡板01,60,776,1,无纹理,1,1,1,1,非门板
250704-989,朗力,	7521087878434,,水仙苑72号,二楼南卧床头背景衣柜,18,橡胶木,非高光板,雾松,二楼南卧床头背景衣柜_柜C_踢脚线01_踢脚线后挡板01,60,776,1,无纹理,1,1,1,1,非门板
250704-989,朗力,	7521087878441,,水仙苑72号,二楼南卧床头背景衣柜,18,橡胶木,非高光板,雾松,二楼南卧床头背景衣柜_柜C_底板01,776,580,1,无纹理,1,1,1,1,非门板
250704-989,朗力,	7521087878458,,水仙苑72号,二楼南卧床头背景衣柜,18,橡胶木,非高光板,雾松,二楼南卧床头背景衣柜_柜C_背板01,2112,776,1,无纹理,1,1,1,1,非门板
250704-989,朗力,	7521087878465,,水仙苑72号,二楼南卧床头背景衣柜,18,橡胶木,非高光板,雾松,二楼南卧床头背景衣柜_柜C_横隔板01,776,562,1,无纹理,1,1,1,1,非门板
250704-989,朗力,	7521087878472,,水仙苑72号,二楼南卧床头背景衣柜,18,橡胶木,非高光板,雾松,二楼南卧床头背景衣柜_柜C_横隔板02,776,562,1,无纹理,1,1,1,1,非门板
250704-989,朗力,	7521087878489,,水仙苑72号,二楼南卧床头背景衣柜,18,橡胶木,非高光板,雾松,二楼南卧床头背景衣柜_柜C_收口条02_L收口辅板01,812,70,1,无纹理,1,1,1,1,非门板
250704-989,朗力,	7521087878496,,水仙苑72号,二楼南卧床头背景衣柜,18,橡胶木,非高光板,雾松,二楼南卧床头背景衣柜_柜C_收口条02_L收口面板01,40,812,1,无纹理,1,1,1,1,非门板
250704-989,朗力,	7521087881205,,水仙苑72号,三楼北卧床边柜,18,橡胶木,非高光板,雾松,三楼北卧床边柜_床边柜_左立板01,2098,80,1,无纹理,1,1,1,1,非门板
250704-989,朗力,	7521087881236,,水仙苑72号,三楼北卧床边柜,18,橡胶木,非高光板,雾松,三楼北卧床边柜_床边柜_右立板01,2098,80,1,无纹理,1,1,1,1,非门板
250704-989,朗力,	7521087881304,,水仙苑72号,三楼北卧床边柜,18,橡胶木,非高光板,雾松,三楼北卧床边柜_床边柜_顶板01,1044,80,1,无纹理,1,1,1,1,非门板
250704-989,朗力,	7521087881359,,水仙苑72号,三楼北卧床边柜,18,橡胶木,非高光板,雾松,三楼北卧床边柜_床边柜_横隔板02,1044,80,1,无纹理,1,1,1,1,非门板
250704-989,朗力,	7521087881441,,水仙苑72号,三楼北卧床边柜,18,橡胶木,非高光板,雾松,三楼北卧床边柜_床边柜_横隔板01,1044,80,1,无纹理,1,1,1,1,非门板
250704-989,朗力,	7521087881533,,水仙苑72号,三楼北卧床边柜,18,橡胶木,非高光板,雾松,三楼北卧床边柜_床边柜_右立板02,570,80,1,无纹理,1,1,1,1,非门板
250704-989,朗力,	7521087881656,,水仙苑72号,三楼北卧床边柜,18,橡胶木,非高光板,雾松,三楼北卧床边柜_床边柜_左立板02,570,80,1,无纹理,1,1,1,1,非门板
250704-989,朗力,	7521087881823,,水仙苑72号,三楼北卧床边柜,18,橡胶木,非高光板,雾松,三楼北卧床边柜_床边柜_底板01,1044,80,1,无纹理,1,1,1,1,非门板
250704-989,朗力,	7521087882004,,水仙苑72号,三楼北卧床边柜,18,橡胶木,非高光板,雾松,三楼北卧床边柜_床边柜_收口条03_L收口辅板01,1080,62,1,无纹理,1,1,1,1,非门板
250704-989,朗力,	7521087882011,,水仙苑72号,三楼北卧床边柜,18,橡胶木,非高光板,雾松,三楼北卧床边柜_床边柜_收口条03_L收口面板01,40,1080,1,无纹理,1,1,1,1,非门板
250704-989,朗力,	7521087882721,,水仙苑72号,三楼北卧床边柜,18,橡胶木,非高光板,雾松,三楼北卧床边柜_北卧衣柜_左立板01,2140,550,1,无纹理,1,1,1,1,非门板
250704-989,朗力,	7521087882752,,水仙苑72号,三楼北卧床边柜,18,橡胶木,非高光板,雾松,三楼北卧床边柜_北卧衣柜_右立板01,2140,550,1,无纹理,1,1,1,1,非门板
250704-989,朗力,	7521087882783,,水仙苑72号,三楼北卧床边柜,18,橡胶木,非高光板,雾松,三楼北卧床边柜_北卧衣柜_顶板01,734,550,1,无纹理,1,1,1,1,非门板
250704-989,朗力,	7521087882851,,水仙苑72号,三楼北卧床边柜,18,橡胶木,非高光板,雾松,三楼北卧床边柜_北卧衣柜_踢脚线01_踢脚线前挡板01,60,734,1,无纹理,1,1,1,1,非门板
250704-989,朗力,	7521087882868,,水仙苑72号,三楼北卧床边柜,18,橡胶木,非高光板,雾松,三楼北卧床边柜_北卧衣柜_踢脚线01_踢脚线后挡板01,60,734,1,无纹理,1,1,1,1,非门板
250704-989,朗力,	7521087882837,,水仙苑72号,三楼北卧床边柜,18,橡胶木,非高光板,雾松,三楼北卧床边柜_北卧衣柜_底板01,734,550,1,无纹理,1,1,1,1,非门板
250704-989,朗力,	7521087882929,,水仙苑72号,三楼北卧床边柜,18,橡胶木,非高光板,雾松,三楼北卧床边柜_北卧衣柜_背板01,2044,734,1,无纹理,1,1,1,1,非门板
250704-989,朗力,	7521087882950,,水仙苑72号,三楼北卧床边柜,18,橡胶木,非高光板,雾松,三楼北卧床边柜_北卧衣柜_横隔板02,734,532,1,无纹理,1,1,1,1,非门板
250704-989,朗力,	7521087883049,,水仙苑72号,三楼北卧床边柜,18,橡胶木,非高光板,雾松,三楼北卧床边柜_北卧衣柜_横隔板01,734,532,1,无纹理,1,1,1,1,非门板
250704-989,朗力,	7521087883148,,水仙苑72号,三楼北卧床边柜,18,橡胶木,非高光板,雾松,三楼北卧床边柜_北卧衣柜_收口条03_L收口辅板01,770,70,1,无纹理,1,1,1,1,非门板
250704-989,朗力,	7521087883155,,水仙苑72号,三楼北卧床边柜,18,橡胶木,非高光板,雾松,三楼北卧床边柜_北卧衣柜_收口条03_L收口面板01,40,770,1,无纹理,1,1,1,1,非门板
250704-989,朗力,	7521087883179,,水仙苑72号,三楼北卧床边柜,18,橡胶木,非高光板,雾松,三楼北卧床边柜_北卧衣柜_收口条01_L收口辅板01,2180,70,1,无纹理,1,1,1,1,非门板
250704-989,朗力,	7521087883742,,水仙苑72号,三楼北卧床边柜,18,橡胶木,非高光板,雾松,三楼北卧床边柜_北卧衣柜_抽屉01_抽盒前板01,180,685,1,无纹理,1,1,1,1,非门板
250704-989,朗力,	7521087883759,,水仙苑72号,三楼北卧床边柜,18,橡胶木,非高光板,雾松,三楼北卧床边柜_北卧衣柜_抽屉01_抽屉右板01,208,490,1,无纹理,1,1,1,1,非门板
250704-989,朗力,	7521087883766,,水仙苑72号,三楼北卧床边柜,18,橡胶木,非高光板,雾松,三楼北卧床边柜_北卧衣柜_抽屉01_抽屉左板01,208,490,1,无纹理,1,1,1,1,非门板
250704-989,朗力,	7521087883773,,水仙苑72号,三楼北卧床边柜,18,橡胶木,非高光板,雾松,三楼北卧床边柜_北卧衣柜_抽屉01_抽屉后板01,180,685,1,无纹理,1,1,1,1,非门板
250704-989,朗力,	7521087883711,,水仙苑72号,三楼北卧床边柜,18,橡胶木,非高光板,雾松,三楼北卧床边柜_北卧衣柜_抽屉01_抽屉底板01,685,490,1,无纹理,1,1,1,1,非门板
250704-989,朗力,	7522806430490,,水仙苑72号,备用条,18,橡胶木,非高光板,雾松,备用条_单板E_竖隔板01,2400,100,1,无纹理,1,1,1,1,非门板
250704-989,朗力,	7522806430599,,水仙苑72号,备用条,18,橡胶木,非高光板,雾松,备用条_单板F_竖隔板01,2400,50,1,无纹理,1,1,1,1,非门板
250704-989,朗力,	7518535386405,,水仙苑72号,B1卫生间台盆柜,18,橡胶木,非高光板,TB-9007,B1卫生间台盆柜_地柜A_左立板01,727,380,1,竖纹,1,1,1,1,非门板
250704-989,朗力,	7518535386436,,水仙苑72号,B1卫生间台盆柜,18,橡胶木,非高光板,TB-9007,B1卫生间台盆柜_地柜A_右立板01,727,380,1,竖纹,1,1,1,1,非门板
250704-989,朗力,	7518535386467,,水仙苑72号,B1卫生间台盆柜,18,橡胶木,非高光板,TB-9007,B1卫生间台盆柜_地柜A_顶板01,424,380,1,竖纹,1,1,1,1,非门板
250704-989,朗力,	7518535386511,,水仙苑72号,B1卫生间台盆柜,18,橡胶木,非高光板,TB-9007,B1卫生间台盆柜_地柜A_底板01,460,380,1,竖纹,1,1,1,1,非门板
250704-989,朗力,	7518535386559,,水仙苑72号,B1卫生间台盆柜,18,橡胶木,非高光板,TB-9007,B1卫生间台盆柜_地柜A_背板01,709,424,1,竖纹,1,1,1,1,非门板
250704-989,朗力,	7518535386689,,水仙苑72号,B1卫生间台盆柜,18,橡胶木,非高光板,TB-9007,B1卫生间台盆柜_地柜A_活动层板01,423,360,1,竖纹,1,1,1,1,非门板
250704-989,朗力,	7518535387549,,水仙苑72号,B1卫生间台盆柜,18,橡胶木,非高光板,TB-9007,B1卫生间台盆柜_地柜A_收口条01_L收口辅板01,745,70,1,无纹理,1,1,1,1,非门板
250704-989,朗力,	7518535387556,,水仙苑72号,B1卫生间台盆柜,18,橡胶木,非高光板,TB-9007,B1卫生间台盆柜_地柜A_收口条01_L收口面板01,745,30,1,竖纹,1,1,1,1,非门板
250704-989,朗力,	7518535387006,,水仙苑72号,B1卫生间台盆柜,18,橡胶木,非高光板,TB-9007,B1卫生间台盆柜_柜A_左立板01,1020,356,1,竖纹,1,1,1,1,非门板
250704-989,朗力,	7518535387037,,水仙苑72号,B1卫生间台盆柜,18,橡胶木,非高光板,TB-9007,B1卫生间台盆柜_柜A_右立板01,1020,356,1,竖纹,1,1,1,1,非门板
250704-989,朗力,	7518535387068,,水仙苑72号,B1卫生间台盆柜,18,橡胶木,非高光板,TB-9007,B1卫生间台盆柜_柜A_顶板01,406,356,1,竖纹,1,1,1,1,非门板
250704-989,朗力,	7518535387167,,水仙苑72号,B1卫生间台盆柜,18,橡胶木,非高光板,TB-9007,B1卫生间台盆柜_柜A_底板01,406,356,1,竖纹,1,1,1,1,非门板
250704-989,朗力,	7518535387204,,水仙苑72号,B1卫生间台盆柜,18,橡胶木,非高光板,TB-9007,B1卫生间台盆柜_柜A_背板01,984,406,1,竖纹,1,1,1,1,非门板
250704-989,朗力,	7518535387235,,水仙苑72号,B1卫生间台盆柜,18,橡胶木,非高光板,TB-9007,B1卫生间台盆柜_柜A_收口条03_L收口辅板01,442,70,1,无纹理,1,1,1,1,非门板
250704-989,朗力,	7518535387242,,水仙苑72号,B1卫生间台盆柜,18,橡胶木,非高光板,TB-9007,B1卫生间台盆柜_柜A_收口条03_L收口面板01,442,40,1,横纹,1,1,1,1,非门板
250704-989,朗力,	7518535387631,,水仙苑72号,B1卫生间台盆柜,18,橡胶木,非高光板,TB-9007,B1卫生间台盆柜_柜A_收口条01_L收口辅板01,1060,70,1,无纹理,1,1,1,1,非门板
250704-989,朗力,	7518535387723,,水仙苑72号,B1卫生间台盆柜,18,橡胶木,非高光板,TB-9007,B1卫生间台盆柜_柜A_活动层板02,405,336,1,竖纹,1,1,1,1,非门板
250704-989,朗力,	7518535387778,,水仙苑72号,B1卫生间台盆柜,18,橡胶木,非高光板,TB-9007,B1卫生间台盆柜_柜A_活动层板01,405,336,1,竖纹,1,1,1,1,非门板
250704-989,朗力,	7518535388133,,水仙苑72号,B1卫生间台盆柜,18,橡胶木,非高光板,TB-9007,B1卫生间台盆柜_地柜B_中立板02,727,560,1,竖纹,1,1,1,1,非门板
250704-989,朗力,	7518535388164,,水仙苑72号,B1卫生间台盆柜,18,橡胶木,非高光板,TB-9007,B1卫生间台盆柜_地柜B_底板01,460,560,1,竖纹,1,1,1,1,非门板
250704-989,朗力,	7518535388218,,水仙苑72号,B1卫生间台盆柜,18,橡胶木,非高光板,TB-9007,B1卫生间台盆柜_地柜B_左立板01,727,560,1,竖纹,1,1,1,1,非门板
250704-989,朗力,	7518535388256,,水仙苑72号,B1卫生间台盆柜,18,橡胶木,非高光板,TB-9007,B1卫生间台盆柜_地柜B_中立板01,727,560,1,竖纹,1,1,1,1,非门板
250704-989,朗力,	7518535388355,,水仙苑72号,B1卫生间台盆柜,18,橡胶木,非高光板,TB-9007,B1卫生间台盆柜_地柜B_中立板03,727,560,1,竖纹,1,1,1,1,非门板
250704-989,朗力,	7518535388393,,水仙苑72号,B1卫生间台盆柜,18,橡胶木,非高光板,TB-9007,B1卫生间台盆柜_地柜B_底板02,460,560,1,竖纹,1,1,1,1,非门板
250704-989,朗力,	7518535388645,,水仙苑72号,B1卫生间台盆柜,18,橡胶木,非高光板,TB-9007,B1卫生间台盆柜_地柜B_中立板04,727,560,1,竖纹,1,1,1,1,非门板
250704-989,朗力,	7518535388713,,水仙苑72号,B1卫生间台盆柜,18,橡胶木,非高光板,TB-9007,B1卫生间台盆柜_地柜B_右立板01,727,560,1,竖纹,1,1,1,1,非门板
250704-989,朗力,	7518535388775,,水仙苑72号,B1卫生间台盆柜,18,橡胶木,非高光板,TB-9007,B1卫生间台盆柜_地柜B_顶板01,424,532,1,竖纹,1,1,1,1,非门板
250704-989,朗力,	7518535388829,,水仙苑72号,B1卫生间台盆柜,18,橡胶木,非高光板,TB-9007,B1卫生间台盆柜_地柜B_顶板02,424,532,1,竖纹,1,1,1,1,非门板
250704-989,朗力,	7518535388898,,水仙苑72号,B1卫生间台盆柜,18,橡胶木,非高光板,TB-9007,B1卫生间台盆柜_地柜B_背板01,709,424,1,竖纹,1,1,1,1,非门板
250704-989,朗力,	7518535388911,,水仙苑72号,B1卫生间台盆柜,18,橡胶木,非高光板,TB-9007,B1卫生间台盆柜_地柜B_背板02,709,424,1,竖纹,1,1,1,1,非门板
250704-989,朗力,	7518535388959,,水仙苑72号,B1卫生间台盆柜,18,橡胶木,非高光板,TB-9007,B1卫生间台盆柜_地柜B_拉条02,884,70,1,横纹,1,1,1,1,非门板
250704-989,朗力,	7518535390037,,水仙苑72号,B1卫生间台盆柜,18,橡胶木,非高光板,TB-9007,B1卫生间台盆柜_地柜B_活动层板01,423,540,1,竖纹,1,1,1,1,非门板
250704-989,朗力,	7518535391652,,水仙苑72号,B1卫生间台盆柜,18,橡胶木,非高光板,TB-9007,B1卫生间台盆柜_地柜B_抽屉02_抽盒前板01,375,212,1,横纹,1,1,1,1,非门板
250704-989,朗力,	7518535391669,,水仙苑72号,B1卫生间台盆柜,18,橡胶木,非高光板,TB-9007,B1卫生间台盆柜_地柜B_抽屉02_抽屉右板01,490,240,1,横纹,1,1,1,1,非门板
250704-989,朗力,	7518535391676,,水仙苑72号,B1卫生间台盆柜,18,橡胶木,非高光板,TB-9007,B1卫生间台盆柜_地柜B_抽屉02_抽屉左板01,490,240,1,横纹,1,1,1,1,非门板
250704-989,朗力,	7518535391683,,水仙苑72号,B1卫生间台盆柜,18,橡胶木,非高光板,TB-9007,B1卫生间台盆柜_地柜B_抽屉02_抽屉后板01,375,212,1,横纹,1,1,1,1,非门板
250704-989,朗力,	7518535391621,,水仙苑72号,B1卫生间台盆柜,18,橡胶木,非高光板,TB-9007,B1卫生间台盆柜_地柜B_抽屉02_抽屉底板01,375,490,1,竖纹,1,1,1,1,非门板
250704-989,朗力,	7518535391751,,水仙苑72号,B1卫生间台盆柜,18,橡胶木,非高光板,TB-9007,B1卫生间台盆柜_地柜B_抽屉01_抽盒前板01,375,212,1,横纹,1,1,1,1,非门板
250704-989,朗力,	7518535391768,,水仙苑72号,B1卫生间台盆柜,18,橡胶木,非高光板,TB-9007,B1卫生间台盆柜_地柜B_抽屉01_抽屉右板01,490,240,1,横纹,1,1,1,1,非门板
250704-989,朗力,	7518535391775,,水仙苑72号,B1卫生间台盆柜,18,橡胶木,非高光板,TB-9007,B1卫生间台盆柜_地柜B_抽屉01_抽屉左板01,490,240,1,横纹,1,1,1,1,非门板
250704-989,朗力,	7518535391782,,水仙苑72号,B1卫生间台盆柜,18,橡胶木,非高光板,TB-9007,B1卫生间台盆柜_地柜B_抽屉01_抽屉后板01,375,212,1,横纹,1,1,1,1,非门板
250704-989,朗力,	7518535391720,,水仙苑72号,B1卫生间台盆柜,18,橡胶木,非高光板,TB-9007,B1卫生间台盆柜_地柜B_抽屉01_抽屉底板01,375,490,1,竖纹,1,1,1,1,非门板
250704-989,朗力,	7518535392543,,水仙苑72号,B1卫生间台盆柜,18,橡胶木,非高光板,TB-9007,B1卫生间台盆柜_地柜B_收口条01_L收口辅板01,745,70,1,无纹理,1,1,1,1,非门板
250704-989,朗力,	7518535393205,,水仙苑72号,B1楼梯柜,18,橡胶木,非高光板,TB-9007,B1楼梯柜_柜A_左立板01,1525,790,1,竖纹,1,1,1,1,非门板
250704-989,朗力,	7518535393236,,水仙苑72号,B1楼梯柜,18,橡胶木,非高光板,TB-9007,B1楼梯柜_柜A_右立板01,1525,790,1,竖纹,1,1,1,1,非门板
250704-989,朗力,	7518535393298,,水仙苑72号,B1楼梯柜,18,橡胶木,非高光板,TB-9007,B1楼梯柜_柜A_顶板01,726,790,1,竖纹,1,1,1,1,非门板
250704-989,朗力,	7518535393366,,水仙苑72号,B1楼梯柜,18,橡胶木,非高光板,TB-9007,B1楼梯柜_柜A_踢脚线01_踢脚线前挡板01,726,60,1,横纹,1,1,1,1,非门板
250704-989,朗力,	7518535393373,,水仙苑72号,B1楼梯柜,18,橡胶木,非高光板,TB-9007,B1楼梯柜_柜A_踢脚线01_踢脚线后挡板01,726,60,1,横纹,1,1,1,1,非门板
250704-989,朗力,	7518535393342,,水仙苑72号,B1楼梯柜,18,橡胶木,非高光板,TB-9007,B1楼梯柜_柜A_底板01,726,790,1,竖纹,1,1,1,1,非门板
250704-989,朗力,	7518535393489,,水仙苑72号,B1楼梯柜,18,橡胶木,非高光板,TB-9007,B1楼梯柜_柜A_背板01,1429,726,1,竖纹,1,1,1,1,非门板
250704-989,朗力,	7518535393519,,水仙苑72号,B1楼梯柜,18,橡胶木,非高光板,TB-9007,B1楼梯柜_柜A_收口条03_L收口辅板01,762,70,1,无纹理,1,1,1,1,非门板
250704-989,朗力,	7518535393526,,水仙苑72号,B1楼梯柜,18,橡胶木,非高光板,TB-9007,B1楼梯柜_柜A_收口条03_L收口面板01,762,40,1,横纹,1,1,1,1,非门板
250704-989,朗力,	7518535393700,,水仙苑72号,B1楼梯柜,18,橡胶木,非高光板,TB-9007,B1楼梯柜_柜A_活动层板03,725,225,1,竖纹,1,1,1,1,非门板
250704-989,朗力,	7518535393755,,水仙苑72号,B1楼梯柜,18,橡胶木,非高光板,TB-9007,B1楼梯柜_柜A_活动层板02,725,225,1,竖纹,1,1,1,1,非门板
250704-989,朗力,	7518535393809,,水仙苑72号,B1楼梯柜,18,橡胶木,非高光板,TB-9007,B1楼梯柜_柜A_活动层板01,725,225,1,竖纹,1,1,1,1,非门板
250704-989,朗力,	7518535394134,,水仙苑72号,B1楼梯柜,18,橡胶木,非高光板,TB-9007,B1楼梯柜_柜A_收口条01_L收口辅板01,1565,70,1,无纹理,1,1,1,1,非门板
250704-989,朗力,	7518535394165,,水仙苑72号,B1楼梯柜,18,橡胶木,非高光板,TB-9007,B1楼梯柜_柜A_收口条02_L收口辅板01,1565,70,1,无纹理,1,1,1,1,非门板
250704-989,朗力,	7518672912499,,水仙苑72号,1楼厅包柱柜,18,橡胶木,非高光板,TB-9007,1楼厅包柱柜_地柜A_左立板01,782,416,1,竖纹,1,1,1,1,非门板
250704-989,朗力,	7518672912529,,水仙苑72号,1楼厅包柱柜,18,橡胶木,非高光板,TB-9007,1楼厅包柱柜_地柜A_右立板01,782,416,1,竖纹,1,1,1,1,非门板
250704-989,朗力,	7518672912550,,水仙苑72号,1楼厅包柱柜,18,橡胶木,非高光板,TB-9007,1楼厅包柱柜_地柜A_顶板01,312,416,1,竖纹,1,1,1,1,非门板
250704-989,朗力,	7518672912628,,水仙苑72号,1楼厅包柱柜,18,橡胶木,非高光板,TB-9007,1楼厅包柱柜_地柜A_踢脚线01_踢脚线前挡板01,312,60,1,横纹,1,1,1,1,非门板
250704-989,朗力,	7518672912635,,水仙苑72号,1楼厅包柱柜,18,橡胶木,非高光板,TB-9007,1楼厅包柱柜_地柜A_踢脚线01_踢脚线后挡板01,312,60,1,横纹,1,1,1,1,非门板
250704-989,朗力,	7518672912604,,水仙苑72号,1楼厅包柱柜,18,橡胶木,非高光板,TB-9007,1楼厅包柱柜_地柜A_底板01,312,416,1,竖纹,1,1,1,1,非门板
250704-989,朗力,	7518672912697,,水仙苑72号,1楼厅包柱柜,18,橡胶木,非高光板,TB-9007,1楼厅包柱柜_地柜A_背板01,686,312,1,竖纹,1,1,1,1,非门板
250704-989,朗力,	7518672913229,,水仙苑72号,1楼厅包柱柜,18,橡胶木,非高光板,TB-9007,1楼厅包柱柜_地柜A_活动层板01,311,396,1,竖纹,1,1,1,1,非门板
250704-989,朗力,	7518672914721,,水仙苑72号,1楼厅包柱柜,18,橡胶木,非高光板,TB-9007,1楼厅包柱柜_吊柜A_左立板01,1354,416,1,竖纹,1,1,1,1,非门板
250704-989,朗力,	7518672914752,,水仙苑72号,1楼厅包柱柜,18,橡胶木,非高光板,TB-9007,1楼厅包柱柜_吊柜A_右立板01,1354,416,1,竖纹,1,1,1,1,非门板
250704-989,朗力,	7518672914783,,水仙苑72号,1楼厅包柱柜,18,橡胶木,非高光板,TB-9007,1楼厅包柱柜_吊柜A_顶板01,312,416,1,竖纹,1,1,1,1,非门板
250704-989,朗力,	7518672914837,,水仙苑72号,1楼厅包柱柜,18,橡胶木,非高光板,TB-9007,1楼厅包柱柜_吊柜A_底板01,312,416,1,竖纹,1,1,1,1,非门板
250704-989,朗力,	7518672914875,,水仙苑72号,1楼厅包柱柜,18,橡胶木,非高光板,TB-9007,1楼厅包柱柜_吊柜A_背板01,1318,312,1,竖纹,1,1,1,1,非门板
250704-989,朗力,	7518672915063,,水仙苑72号,1楼厅包柱柜,18,橡胶木,非高光板,TB-9007,1楼厅包柱柜_吊柜A_收口条02_L收口辅板01,348,70,1,无纹理,1,1,1,1,非门板
250704-989,朗力,	7518672915070,,水仙苑72号,1楼厅包柱柜,18,橡胶木,非高光板,TB-9007,1楼厅包柱柜_吊柜A_收口条02_L收口面板01,348,40,1,横纹,1,1,1,1,非门板
250704-989,朗力,	7518672915131,,水仙苑72号,1楼厅包柱柜,18,橡胶木,非高光板,TB-9007,1楼厅包柱柜_吊柜A_活动层板02,311,396,1,竖纹,1,1,1,1,非门板
250704-989,朗力,	7518672915186,,水仙苑72号,1楼厅包柱柜,18,橡胶木,非高光板,TB-9007,1楼厅包柱柜_吊柜A_活动层板01,311,396,1,竖纹,1,1,1,1,非门板
250704-989,朗力,	7518672917104,,水仙苑72号,1楼进门鞋柜,18,橡胶木,非高光板,TB-9007,1楼进门鞋柜_柜A_左立板01,1080,370,1,竖纹,1,1,1,1,非门板
250704-989,朗力,	7518672917135,,水仙苑72号,1楼进门鞋柜,18,橡胶木,非高光板,TB-9007,1楼进门鞋柜_柜A_右立板01,1080,370,1,竖纹,1,1,1,1,非门板
250704-989,朗力,	7518672917166,,水仙苑72号,1楼进门鞋柜,18,橡胶木,非高光板,TB-9007,1楼进门鞋柜_柜A_顶板01,1284,370,1,竖纹,1,1,1,1,非门板
250704-989,朗力,	7518672917234,,水仙苑72号,1楼进门鞋柜,18,橡胶木,非高光板,TB-9007,1楼进门鞋柜_柜A_踢脚线01_踢脚线隔条01,303,60,1,横纹,1,1,1,1,非门板
250704-989,朗力,	7518672917241,,水仙苑72号,1楼进门鞋柜,18,橡胶木,非高光板,TB-9007,1楼进门鞋柜_柜A_踢脚线01_踢脚线前挡板01,1284,60,1,横纹,1,1,1,1,非门板
250704-989,朗力,	7518672917258,,水仙苑72号,1楼进门鞋柜,18,橡胶木,非高光板,TB-9007,1楼进门鞋柜_柜A_踢脚线01_踢脚线后挡板01,1284,60,1,横纹,1,1,1,1,非门板
250704-989,朗力,	7518672917210,,水仙苑72号,1楼进门鞋柜,18,橡胶木,非高光板,TB-9007,1楼进门鞋柜_柜A_底板01,1284,370,1,竖纹,1,1,1,1,非门板
250704-989,朗力,	7518672917319,,水仙苑72号,1楼进门鞋柜,18,橡胶木,非高光板,TB-9007,1楼进门鞋柜_柜A_左立板02,1705,370,1,竖纹,1,1,1,1,非门板
250704-989,朗力,	7518672917395,,水仙苑72号,1楼进门鞋柜,18,橡胶木,非高光板,TB-9007,1楼进门鞋柜_柜A_右立板02,1705,370,1,竖纹,1,1,1,1,非门板
250704-989,朗力,	7518672917586,,水仙苑72号,1楼进门鞋柜,18,橡胶木,非高光板,TB-9007,1楼进门鞋柜_柜A_横隔板03,1284,370,1,竖纹,1,1,1,1,非门板
250704-989,朗力,	7518672917630,,水仙苑72号,1楼进门鞋柜,18,橡胶木,非高光板,TB-9007,1楼进门鞋柜_柜A_横隔板04,1284,370,1,竖纹,1,1,1,1,非门板
250704-989,朗力,	7518672917777,,水仙苑72号,1楼进门鞋柜,18,橡胶木,非高光板,TB-9007,1楼进门鞋柜_柜A_竖隔板02,1669,370,1,竖纹,1,1,1,1,非门板
250704-989,朗力,	7518672917821,,水仙苑72号,1楼进门鞋柜,18,橡胶木,非高光板,TB-9007,1楼进门鞋柜_柜A_竖隔板01,984,370,1,竖纹,1,1,1,1,非门板
250704-989,朗力,	7518672917944,,水仙苑72号,1楼进门鞋柜,18,橡胶木,非高光板,TB-9007,1楼进门鞋柜_柜A_背板04,1669,413,1,竖纹,1,1,1,1,非门板
250704-989,朗力,	7518672917968,,水仙苑72号,1楼进门鞋柜,18,橡胶木,非高光板,TB-9007,1楼进门鞋柜_柜A_背板03,1669,853,1,竖纹,1,1,1,1,非门板
250704-989,朗力,	7518672917982,,水仙苑72号,1楼进门鞋柜,18,橡胶木,非高光板,TB-9007,1楼进门鞋柜_柜A_背板02,984,413,1,竖纹,1,1,1,1,非门板
250704-989,朗力,	7518672918002,,水仙苑72号,1楼进门鞋柜,18,橡胶木,非高光板,TB-9007,1楼进门鞋柜_柜A_背板01,984,853,1,竖纹,1,1,1,1,非门板
250704-989,朗力,	7518672918057,,水仙苑72号,1楼进门鞋柜,18,橡胶木,非高光板,TB-9007,1楼进门鞋柜_柜A_收口条03_L收口辅板01,1320,70,1,无纹理,1,1,1,1,非门板
250704-989,朗力,	7518672918064,,水仙苑72号,1楼进门鞋柜,18,橡胶木,非高光板,TB-9007,1楼进门鞋柜_柜A_收口条03_L收口面板01,1320,40,1,横纹,1,1,1,1,非门板
250704-989,朗力,	7518672918774,,水仙苑72号,1楼进门鞋柜,18,橡胶木,非高光板,TB-9007,1楼进门鞋柜_柜A_横隔板07,853,350,1,竖纹,1,1,1,1,非门板
250704-989,朗力,	7518672918798,,水仙苑72号,1楼进门鞋柜,18,橡胶木,非高光板,TB-9007,1楼进门鞋柜_柜A_横隔板08,413,350,1,竖纹,1,1,1,1,非门板
250704-989,朗力,	7518672918842,,水仙苑72号,1楼进门鞋柜,18,橡胶木,非高光板,TB-9007,1楼进门鞋柜_柜A_活动层板09,852,350,1,竖纹,1,1,1,1,非门板
250704-989,朗力,	7518672918866,,水仙苑72号,1楼进门鞋柜,18,橡胶木,非高光板,TB-9007,1楼进门鞋柜_柜A_活动层板10,412,350,1,竖纹,1,1,1,1,非门板
250704-989,朗力,	7518672918910,,水仙苑72号,1楼进门鞋柜,18,橡胶木,非高光板,TB-9007,1楼进门鞋柜_柜A_活动层板08,852,300,1,竖纹,1,1,1,1,非门板
250704-989,朗力,	7518672918934,,水仙苑72号,1楼进门鞋柜,18,橡胶木,非高光板,TB-9007,1楼进门鞋柜_柜A_横隔板06,413,350,1,竖纹,1,1,1,1,非门板
250704-989,朗力,	7518672919061,,水仙苑72号,1楼进门鞋柜,18,橡胶木,非高光板,TB-9007,1楼进门鞋柜_柜A_横隔板05,853,350,1,竖纹,1,1,1,1,非门板
250704-989,朗力,	7518672919115,,水仙苑72号,1楼进门鞋柜,18,橡胶木,非高光板,TB-9007,1楼进门鞋柜_柜A_活动层板07,412,350,1,竖纹,1,1,1,1,非门板
250704-989,朗力,	7518672919344,,水仙苑72号,1楼进门鞋柜,18,橡胶木,非高光板,TB-9007,1楼进门鞋柜_柜A_活动层板05,852,350,1,竖纹,1,1,1,1,非门板
250704-989,朗力,	7518672919399,,水仙苑72号,1楼进门鞋柜,18,橡胶木,非高光板,TB-9007,1楼进门鞋柜_柜A_横隔板01,853,350,1,竖纹,1,1,1,1,非门板
250704-989,朗力,	7518672919443,,水仙苑72号,1楼进门鞋柜,18,橡胶木,非高光板,TB-9007,1楼进门鞋柜_柜A_活动层板03,852,350,1,竖纹,1,1,1,1,非门板
250704-989,朗力,	7518672919498,,水仙苑72号,1楼进门鞋柜,18,橡胶木,非高光板,TB-9007,1楼进门鞋柜_柜A_活动层板01,852,350,1,竖纹,1,1,1,1,非门板
250704-989,朗力,	7518672919542,,水仙苑72号,1楼进门鞋柜,18,橡胶木,非高光板,TB-9007,1楼进门鞋柜_柜A_活动层板06,412,350,1,竖纹,1,1,1,1,非门板
250704-989,朗力,	7518672919597,,水仙苑72号,1楼进门鞋柜,18,橡胶木,非高光板,TB-9007,1楼进门鞋柜_柜A_横隔板02,413,350,1,竖纹,1,1,1,1,非门板
250704-989,朗力,	7518672919641,,水仙苑72号,1楼进门鞋柜,18,橡胶木,非高光板,TB-9007,1楼进门鞋柜_柜A_活动层板04,412,350,1,竖纹,1,1,1,1,非门板
250704-989,朗力,	7518672919696,,水仙苑72号,1楼进门鞋柜,18,橡胶木,非高光板,TB-9007,1楼进门鞋柜_柜A_活动层板02,412,350,1,竖纹,1,1,1,1,非门板
250704-989,朗力,	7520422657864,,水仙苑72号,1楼餐边柜,18,橡胶木,非高光板,TB-9007,1楼餐边柜_地柜A_左立板01,835,365,1,竖纹,1,1,1,1,非门板
250704-989,朗力,	7520422657895,,水仙苑72号,1楼餐边柜,18,橡胶木,非高光板,TB-9007,1楼餐边柜_地柜A_右立板01,835,365,1,竖纹,1,1,1,1,非门板
250704-989,朗力,	7520422657925,,水仙苑72号,1楼餐边柜,18,橡胶木,非高光板,TB-9007,1楼餐边柜_地柜A_顶板01,996,365,1,竖纹,1,1,1,1,非门板
250704-989,朗力,	7520422657994,,水仙苑72号,1楼餐边柜,18,橡胶木,非高光板,TB-9007,1楼餐边柜_地柜A_踢脚线01_踢脚线前挡板01,996,60,1,横纹,1,1,1,1,非门板
250704-989,朗力,	7520422658007,,水仙苑72号,1楼餐边柜,18,橡胶木,非高光板,TB-9007,1楼餐边柜_地柜A_踢脚线01_踢脚线后挡板01,60,996,1,无纹理,1,1,1,1,非门板
250704-989,朗力,	7520422657970,,水仙苑72号,1楼餐边柜,18,橡胶木,非高光板,TB-9007,1楼餐边柜_地柜A_底板01,996,365,1,竖纹,1,1,1,1,非门板
250704-989,朗力,	7520422658076,,水仙苑72号,1楼餐边柜,18,橡胶木,非高光板,TB-9007,1楼餐边柜_地柜A_中立板01,739,365,1,竖纹,1,1,1,1,非门板
250704-989,朗力,	7520422658199,,水仙苑72号,1楼餐边柜,18,橡胶木,非高光板,TB-9007,1楼餐边柜_地柜A_背板01,739,661,1,竖纹,1,1,1,1,非门板
250704-989,朗力,	7520422658212,,水仙苑72号,1楼餐边柜,18,橡胶木,非高光板,TB-9007,1楼餐边柜_地柜A_背板02,739,317,1,竖纹,1,1,1,1,非门板
250704-989,朗力,	7520422658915,,水仙苑72号,1楼餐边柜,18,橡胶木,非高光板,TB-9007,1楼餐边柜_地柜A_横隔板01,661,347,1,竖纹,1,1,1,1,非门板
250704-989,朗力,	7520422659011,,水仙苑72号,1楼餐边柜,18,橡胶木,非高光板,TB-9007,1楼餐边柜_地柜A_活动层板01,316,345,1,竖纹,1,1,1,1,非门板
250704-989,朗力,	7520422661595,,水仙苑72号,2楼北卧床尾柜,18,橡胶木,非高光板,TB-9007,2楼北卧床尾柜_柜A_左立板01,2318,555,1,竖纹,1,1,1,1,非门板
250704-989,朗力,	7520422661625,,水仙苑72号,2楼北卧床尾柜,18,橡胶木,非高光板,TB-9007,2楼北卧床尾柜_柜A_右立板01,2318,560,1,竖纹,1,1,1,1,非门板
250704-989,朗力,	7520422661656,,水仙苑72号,2楼北卧床尾柜,18,橡胶木,非高光板,TB-9007,2楼北卧床尾柜_柜A_中立板03,2318,560,1,竖纹,1,1,1,1,非门板
250704-989,朗力,	7520422661762,,水仙苑72号,2楼北卧床尾柜,18,橡胶木,非高光板,TB-9007,2楼北卧床尾柜_柜A_中立板02,2318,560,1,竖纹,1,1,1,1,非门板
250704-989,朗力,	7520422661816,,水仙苑72号,2楼北卧床尾柜,18,橡胶木,非高光板,TB-9007,2楼北卧床尾柜_柜A_中立板01,2318,555,1,竖纹,1,1,1,1,非门板
250704-989,朗力,	7520422661908,,水仙苑72号,2楼北卧床尾柜,18,橡胶木,非高光板,TB-9007,2楼北卧床尾柜_柜A_顶板01,908,555,1,竖纹,1,1,1,1,非门板
250704-989,朗力,	7520422661922,,水仙苑72号,2楼北卧床尾柜,18,橡胶木,非高光板,TB-9007,2楼北卧床尾柜_柜A_顶板02,917,560,1,竖纹,1,1,1,1,非门板
250704-989,朗力,	7520422661977,,水仙苑72号,2楼北卧床尾柜,18,橡胶木,非高光板,TB-9007,2楼北卧床尾柜_柜A_顶板03,445,560,1,竖纹,1,1,1,1,非门板
250704-989,朗力,	7520422662042,,水仙苑72号,2楼北卧床尾柜,18,橡胶木,非高光板,TB-9007,2楼北卧床尾柜_柜A_踢脚线01_踢脚线前挡板01,908,60,1,横纹,1,1,1,1,非门板
250704-989,朗力,	7520422662059,,水仙苑72号,2楼北卧床尾柜,18,橡胶木,非高光板,TB-9007,2楼北卧床尾柜_柜A_踢脚线01_踢脚线后挡板01,60,908,1,无纹理,1,1,1,1,非门板
250704-989,朗力,	7520422662028,,水仙苑72号,2楼北卧床尾柜,18,橡胶木,非高光板,TB-9007,2楼北卧床尾柜_柜A_底板01,908,555,1,竖纹,1,1,1,1,非门板
250704-989,朗力,	7520422662103,,水仙苑72号,2楼北卧床尾柜,18,橡胶木,非高光板,TB-9007,2楼北卧床尾柜_柜A_踢脚线02_踢脚线前挡板01,917,60,1,横纹,1,1,1,1,非门板
250704-989,朗力,	7520422662110,,水仙苑72号,2楼北卧床尾柜,18,橡胶木,非高光板,TB-9007,2楼北卧床尾柜_柜A_踢脚线02_踢脚线后挡板01,60,917,1,无纹理,1,1,1,1,非门板
250704-989,朗力,	7520422662080,,水仙苑72号,2楼北卧床尾柜,18,橡胶木,非高光板,TB-9007,2楼北卧床尾柜_柜A_底板02,917,560,1,竖纹,1,1,1,1,非门板
250704-989,朗力,	7520422662165,,水仙苑72号,2楼北卧床尾柜,18,橡胶木,非高光板,TB-9007,2楼北卧床尾柜_柜A_踢脚线03_踢脚线前挡板01,445,60,1,横纹,1,1,1,1,非门板
250704-989,朗力,	7520422662172,,水仙苑72号,2楼北卧床尾柜,18,橡胶木,非高光板,TB-9007,2楼北卧床尾柜_柜A_踢脚线03_踢脚线后挡板01,60,445,1,无纹理,1,1,1,1,非门板
250704-989,朗力,	7520422662141,,水仙苑72号,2楼北卧床尾柜,18,橡胶木,非高光板,TB-9007,2楼北卧床尾柜_柜A_底板03,445,560,1,竖纹,1,1,1,1,非门板
250704-989,朗力,	7520422662240,,水仙苑72号,2楼北卧床尾柜,18,橡胶木,非高光板,TB-9007,2楼北卧床尾柜_柜A_背板01,2222,908,1,竖纹,1,1,1,1,非门板
250704-989,朗力,	7520422662264,,水仙苑72号,2楼北卧床尾柜,18,橡胶木,非高光板,TB-9007,2楼北卧床尾柜_柜A_背板02,2222,917,1,竖纹,1,1,1,1,非门板
250704-989,朗力,	7520422662288,,水仙苑72号,2楼北卧床尾柜,18,橡胶木,非高光板,TB-9007,2楼北卧床尾柜_柜A_背板03,2222,445,1,竖纹,1,1,1,1,非门板
250704-989,朗力,	7520422662318,,水仙苑72号,2楼北卧床尾柜,18,橡胶木,非高光板,TB-9007,2楼北卧床尾柜_柜A_横隔板04,908,537,1,竖纹,1,1,1,1,非门板
250704-989,朗力,	7520422662400,,水仙苑72号,2楼北卧床尾柜,18,橡胶木,非高光板,TB-9007,2楼北卧床尾柜_柜A_横隔板05,917,542,1,竖纹,1,1,1,1,非门板
250704-989,朗力,	7520422662493,,水仙苑72号,2楼北卧床尾柜,18,橡胶木,非高光板,TB-9007,2楼北卧床尾柜_柜A_横隔板06,445,540,1,竖纹,1,1,1,1,非门板
250704-989,朗力,	7520422662585,,水仙苑72号,2楼北卧床尾柜,18,橡胶木,非高光板,TB-9007,2楼北卧床尾柜_柜A_横隔板01,908,467,1,竖纹,1,1,1,1,非门板
250704-989,朗力,	7520422662677,,水仙苑72号,2楼北卧床尾柜,18,橡胶木,非高光板,TB-9007,2楼北卧床尾柜_柜A_横隔板02,917,472,1,竖纹,1,1,1,1,非门板
250704-989,朗力,	7522350700353,,水仙苑72号,2楼北卧床尾柜,18,橡胶木,非高光板,TB-9007,2楼北卧床尾柜_柜A_收口条03_L收口辅板01,944,70,1,无纹理,1,1,1,1,非门板
250704-989,朗力,	7522350700360,,水仙苑72号,2楼北卧床尾柜,18,橡胶木,非高光板,TB-9007,2楼北卧床尾柜_柜A_收口条03_L收口面板01,944,40,1,横纹,1,1,1,1,非门板
250704-989,朗力,	7520422662950,,水仙苑72号,2楼北卧床尾柜,18,橡胶木,非高光板,TB-9007,2楼北卧床尾柜_柜A_收口条02_L收口辅板01,2358,70,1,无纹理,1,1,1,1,非门板
250704-989,朗力,	7520422663087,,水仙苑72号,2楼北卧床尾柜,18,橡胶木,非高光板,TB-9007,2楼北卧床尾柜_柜A_收口条01_L收口辅板01,2358,70,1,无纹理,1,1,1,1,非门板
250704-989,朗力,	7520422664176,,水仙苑72号,2楼北卧床尾柜,18,橡胶木,非高光板,TB-9007,2楼北卧床尾柜_柜A_抽屉03_抽屉面板01,224,825,1,竖纹,1,1,1,1,非门板
250704-989,朗力,	7520422664183,,水仙苑72号,2楼北卧床尾柜,18,橡胶木,非高光板,TB-9007,2楼北卧床尾柜_柜A_抽屉03_抽盒前板01,779,152,1,横纹,1,1,1,1,非门板
250704-989,朗力,	7520422664190,,水仙苑72号,2楼北卧床尾柜,18,橡胶木,非高光板,TB-9007,2楼北卧床尾柜_柜A_抽屉03_抽屉右板01,390,180,1,横纹,1,1,1,1,非门板
250704-989,朗力,	7520422664206,,水仙苑72号,2楼北卧床尾柜,18,橡胶木,非高光板,TB-9007,2楼北卧床尾柜_柜A_抽屉03_抽屉左板01,390,180,1,横纹,1,1,1,1,非门板
250704-989,朗力,	7520422664213,,水仙苑72号,2楼北卧床尾柜,18,橡胶木,非高光板,TB-9007,2楼北卧床尾柜_柜A_抽屉03_抽屉后板01,779,152,1,横纹,1,1,1,1,非门板
250704-989,朗力,	7520422664152,,水仙苑72号,2楼北卧床尾柜,18,橡胶木,非高光板,TB-9007,2楼北卧床尾柜_柜A_抽屉03_抽屉底板01,779,390,1,竖纹,1,1,1,1,非门板
250704-989,朗力,	7520422664329,,水仙苑72号,2楼北卧床尾柜,18,橡胶木,非高光板,TB-9007,2楼北卧床尾柜_柜A_抽屉01_抽屉面板01,224,825,1,竖纹,1,1,1,1,非门板
250704-989,朗力,	7520422664336,,水仙苑72号,2楼北卧床尾柜,18,橡胶木,非高光板,TB-9007,2楼北卧床尾柜_柜A_抽屉01_抽盒前板01,779,152,1,横纹,1,1,1,1,非门板
250704-989,朗力,	7520422664343,,水仙苑72号,2楼北卧床尾柜,18,橡胶木,非高光板,TB-9007,2楼北卧床尾柜_柜A_抽屉01_抽屉右板01,390,180,1,横纹,1,1,1,1,非门板
250704-989,朗力,	7520422664350,,水仙苑72号,2楼北卧床尾柜,18,橡胶木,非高光板,TB-9007,2楼北卧床尾柜_柜A_抽屉01_抽屉左板01,390,180,1,横纹,1,1,1,1,非门板
250704-989,朗力,	7520422664367,,水仙苑72号,2楼北卧床尾柜,18,橡胶木,非高光板,TB-9007,2楼北卧床尾柜_柜A_抽屉01_抽屉后板01,779,152,1,横纹,1,1,1,1,非门板
250704-989,朗力,	7520422664305,,水仙苑72号,2楼北卧床尾柜,18,橡胶木,非高光板,TB-9007,2楼北卧床尾柜_柜A_抽屉01_抽屉底板01,779,390,1,竖纹,1,1,1,1,非门板
250704-989,朗力,	7520422664244,,水仙苑72号,2楼北卧床尾柜,18,橡胶木,非高光板,TB-9007,2楼北卧床尾柜_柜A_左避门01_竖隔板01,454,40,1,竖纹,1,1,1,1,非门板
250704-989,朗力,	7520422664251,,水仙苑72号,2楼北卧床尾柜,18,橡胶木,非高光板,TB-9007,2楼北卧床尾柜_柜A_左避门01_竖隔板02,454,40,1,无纹理,1,1,1,1,非门板
250704-989,朗力,	7520422664268,,水仙苑72号,2楼北卧床尾柜,18,橡胶木,非高光板,TB-9007,2楼北卧床尾柜_柜A_左避门01_右立板01,454,411,1,无纹理,1,1,1,1,非门板
250704-989,朗力,	7520422664275,,水仙苑72号,2楼北卧床尾柜,18,橡胶木,非高光板,TB-9007,2楼北卧床尾柜_柜A_右避门01_竖隔板01,454,40,1,竖纹,1,1,1,1,非门板
250704-989,朗力,	7520422664282,,水仙苑72号,2楼北卧床尾柜,18,橡胶木,非高光板,TB-9007,2楼北卧床尾柜_柜A_右避门01_竖隔板02,454,40,1,无纹理,1,1,1,1,非门板
250704-989,朗力,	7520422664299,,水仙苑72号,2楼北卧床尾柜,18,橡胶木,非高光板,TB-9007,2楼北卧床尾柜_柜A_右避门01_左立板01,454,411,1,无纹理,1,1,1,1,非门板
250704-989,朗力,	7520422664473,,水仙苑72号,2楼北卧床尾柜,18,橡胶木,非高光板,TB-9007,2楼北卧床尾柜_柜A_抽屉04_抽屉面板01,224,834,1,竖纹,1,1,1,1,非门板
250704-989,朗力,	7520422664480,,水仙苑72号,2楼北卧床尾柜,18,橡胶木,非高光板,TB-9007,2楼北卧床尾柜_柜A_抽屉04_抽盒前板01,788,152,1,横纹,1,1,1,1,非门板
250704-989,朗力,	7520422664497,,水仙苑72号,2楼北卧床尾柜,18,橡胶木,非高光板,TB-9007,2楼北卧床尾柜_柜A_抽屉04_抽屉右板01,390,180,1,横纹,1,1,1,1,非门板
250704-989,朗力,	7520422664503,,水仙苑72号,2楼北卧床尾柜,18,橡胶木,非高光板,TB-9007,2楼北卧床尾柜_柜A_抽屉04_抽屉左板01,390,180,1,横纹,1,1,1,1,非门板
250704-989,朗力,	7520422664510,,水仙苑72号,2楼北卧床尾柜,18,橡胶木,非高光板,TB-9007,2楼北卧床尾柜_柜A_抽屉04_抽屉后板01,788,152,1,横纹,1,1,1,1,非门板
250704-989,朗力,	7520422664459,,水仙苑72号,2楼北卧床尾柜,18,橡胶木,非高光板,TB-9007,2楼北卧床尾柜_柜A_抽屉04_抽屉底板01,788,390,1,竖纹,1,1,1,1,非门板
250704-989,朗力,	7520422664626,,水仙苑72号,2楼北卧床尾柜,18,橡胶木,非高光板,TB-9007,2楼北卧床尾柜_柜A_抽屉02_抽屉面板01,224,834,1,竖纹,1,1,1,1,非门板
250704-989,朗力,	7520422664633,,水仙苑72号,2楼北卧床尾柜,18,橡胶木,非高光板,TB-9007,2楼北卧床尾柜_柜A_抽屉02_抽盒前板01,788,152,1,横纹,1,1,1,1,非门板
250704-989,朗力,	7520422664640,,水仙苑72号,2楼北卧床尾柜,18,橡胶木,非高光板,TB-9007,2楼北卧床尾柜_柜A_抽屉02_抽屉右板01,390,180,1,横纹,1,1,1,1,非门板
250704-989,朗力,	7520422664657,,水仙苑72号,2楼北卧床尾柜,18,橡胶木,非高光板,TB-9007,2楼北卧床尾柜_柜A_抽屉02_抽屉左板01,390,180,1,横纹,1,1,1,1,非门板
250704-989,朗力,	7520422664664,,水仙苑72号,2楼北卧床尾柜,18,橡胶木,非高光板,TB-9007,2楼北卧床尾柜_柜A_抽屉02_抽屉后板01,788,152,1,横纹,1,1,1,1,非门板
250704-989,朗力,	7520422664602,,水仙苑72号,2楼北卧床尾柜,18,橡胶木,非高光板,TB-9007,2楼北卧床尾柜_柜A_抽屉02_抽屉底板01,788,390,1,竖纹,1,1,1,1,非门板
250704-989,朗力,	7520422664541,,水仙苑72号,2楼北卧床尾柜,18,橡胶木,非高光板,TB-9007,2楼北卧床尾柜_柜A_左避门02_竖隔板01,454,40,1,竖纹,1,1,1,1,非门板
250704-989,朗力,	7520422664558,,水仙苑72号,2楼北卧床尾柜,18,橡胶木,非高光板,TB-9007,2楼北卧床尾柜_柜A_左避门02_竖隔板02,454,40,1,无纹理,1,1,1,1,非门板
250704-989,朗力,	7520422664565,,水仙苑72号,2楼北卧床尾柜,18,橡胶木,非高光板,TB-9007,2楼北卧床尾柜_柜A_左避门02_右立板01,454,416,1,无纹理,1,1,1,1,非门板
250704-989,朗力,	7520422664572,,水仙苑72号,2楼北卧床尾柜,18,橡胶木,非高光板,TB-9007,2楼北卧床尾柜_柜A_右避门02_竖隔板01,454,40,1,竖纹,1,1,1,1,非门板
250704-989,朗力,	7520422664589,,水仙苑72号,2楼北卧床尾柜,18,橡胶木,非高光板,TB-9007,2楼北卧床尾柜_柜A_右避门02_竖隔板02,454,40,1,无纹理,1,1,1,1,非门板
250704-989,朗力,	7520422664596,,水仙苑72号,2楼北卧床尾柜,18,橡胶木,非高光板,TB-9007,2楼北卧床尾柜_柜A_右避门02_左立板01,454,416,1,无纹理,1,1,1,1,非门板
250704-989,朗力,	7520422665470,,水仙苑72号,2楼北卧床尾柜,18,橡胶木,非高光板,TB-9007,2楼北卧床尾柜_柜A_活动层板03,444,540,1,竖纹,1,1,1,1,非门板
250704-989,朗力,	7520422665524,,水仙苑72号,2楼北卧床尾柜,18,橡胶木,非高光板,TB-9007,2楼北卧床尾柜_柜A_横隔板03,445,540,1,竖纹,1,1,1,1,非门板
250704-989,朗力,	7520422665579,,水仙苑72号,2楼北卧床尾柜,18,橡胶木,非高光板,TB-9007,2楼北卧床尾柜_柜A_活动层板02,444,540,1,竖纹,1,1,1,1,非门板
250704-989,朗力,	7520422665623,,水仙苑72号,2楼北卧床尾柜,18,橡胶木,非高光板,TB-9007,2楼北卧床尾柜_柜A_活动层板01,444,540,1,竖纹,1,1,1,1,非门板
250704-989,朗力,	7522350700339,,水仙苑72号,2楼北卧床尾柜,18,橡胶木,非高光板,TB-9007,2楼北卧床尾柜_柜A_收口条04_L收口辅板01,1416,70,1,无纹理,1,1,1,1,非门板
250704-989,朗力,	7522350700346,,水仙苑72号,2楼北卧床尾柜,18,橡胶木,非高光板,TB-9007,2楼北卧床尾柜_柜A_收口条04_L收口面板01,1416,40,1,横纹,1,1,1,1,非门板
250704-989,朗力,	7520422666170,,水仙苑72号,一楼西厨,18,橡胶木,非高光板,TB-9007,一楼西厨_地柜A_左立板01,835,545,1,竖纹,1,1,1,1,非门板
250704-989,朗力,	7520422666200,,水仙苑72号,一楼西厨,18,橡胶木,非高光板,TB-9007,一楼西厨_地柜A_右立板01,835,545,1,竖纹,1,1,1,1,非门板
250704-989,朗力,	7520422666439,,水仙苑72号,一楼西厨,18,橡胶木,非高光板,TB-9007,一楼西厨_地柜A_顶板01,906,545,1,竖纹,1,1,1,1,非门板
250704-989,朗力,	7520422666507,,水仙苑72号,一楼西厨,18,橡胶木,非高光板,TB-9007,一楼西厨_地柜A_踢脚线01_踢脚线前挡板01,906,60,1,横纹,1,1,1,1,非门板
250704-989,朗力,	7520422666484,,水仙苑72号,一楼西厨,18,橡胶木,非高光板,TB-9007,一楼西厨_地柜A_底板01,906,403,1,竖纹,1,1,1,1,非门板
250704-989,朗力,	7520422666576,,水仙苑72号,一楼西厨,18,橡胶木,非高光板,TB-9007,一楼西厨_地柜A_背板01,546,906,1,竖纹,1,1,1,1,非门板
250704-989,朗力,	7520422666606,,水仙苑72号,一楼西厨,18,橡胶木,非高光板,TB-9007,一楼西厨_地柜A_活动层板01,905,525,1,竖纹,1,1,1,1,非门板
250704-989,朗力,	7520422666712,,水仙苑72号,一楼西厨,18,橡胶木,非高光板,TB-9007,一楼西厨_地柜A_收口条01_L收口辅板01,835,74,1,无纹理,1,1,1,1,非门板
250704-989,朗力,	7521087826763,,水仙苑72号,一楼西厨,18,橡胶木,非高光板,TB-9007,一楼西厨_地柜A_切角板01,906,271,1,横纹,1,1,1,1,非门板
250704-989,朗力,	7521087826770,,水仙苑72号,一楼西厨,18,橡胶木,非高光板,TB-9007,一楼西厨_地柜A_切角板02,906,124,1,竖纹,1,1,1,1,非门板
250704-989,朗力,	7520422667085,,水仙苑72号,一楼西厨,18,橡胶木,非高光板,TB-9007,一楼西厨_地柜B_左立板01,835,545,1,竖纹,1,1,1,1,非门板
250704-989,朗力,	7520422667092,,水仙苑72号,一楼西厨,18,橡胶木,非高光板,TB-9007,一楼西厨_地柜B_右立板01,835,545,1,竖纹,1,1,1,1,非门板
250704-989,朗力,	7520422667108,,水仙苑72号,一楼西厨,18,橡胶木,非高光板,TB-9007,一楼西厨_地柜B_顶板01,906,545,1,竖纹,1,1,1,1,非门板
250704-989,朗力,	7520422667115,,水仙苑72号,一楼西厨,18,橡胶木,非高光板,TB-9007,一楼西厨_地柜B_踢脚线01_踢脚线前挡板01,906,60,1,横纹,1,1,1,1,非门板
250704-989,朗力,	7520422667139,,水仙苑72号,一楼西厨,18,橡胶木,非高光板,TB-9007,一楼西厨_地柜B_底板01,906,403,1,竖纹,1,1,1,1,非门板
250704-989,朗力,	7520422667146,,水仙苑72号,一楼西厨,18,橡胶木,非高光板,TB-9007,一楼西厨_地柜B_背板01,546,906,1,竖纹,1,1,1,1,非门板
250704-989,朗力,	7520422667610,,水仙苑72号,一楼西厨,18,橡胶木,非高光板,TB-9007,一楼西厨_地柜B_抽屉03_抽盒前板01,857,192,1,横纹,1,1,1,1,非门板
250704-989,朗力,	7520422667627,,水仙苑72号,一楼西厨,18,橡胶木,非高光板,TB-9007,一楼西厨_地柜B_抽屉03_抽屉右板01,440,220,1,横纹,1,1,1,1,非门板
250704-989,朗力,	7520422667634,,水仙苑72号,一楼西厨,18,橡胶木,非高光板,TB-9007,一楼西厨_地柜B_抽屉03_抽屉左板01,440,220,1,横纹,1,1,1,1,非门板
250704-989,朗力,	7520422667641,,水仙苑72号,一楼西厨,18,橡胶木,非高光板,TB-9007,一楼西厨_地柜B_抽屉03_抽屉后板01,857,192,1,横纹,1,1,1,1,非门板
250704-989,朗力,	7520422667580,,水仙苑72号,一楼西厨,18,橡胶木,非高光板,TB-9007,一楼西厨_地柜B_抽屉03_抽屉底板01,857,440,1,竖纹,1,1,1,1,非门板
250704-989,朗力,	7520422667689,,水仙苑72号,一楼西厨,18,橡胶木,非高光板,TB-9007,一楼西厨_地柜B_抽屉02_抽盒前板01,857,192,1,横纹,1,1,1,1,非门板
250704-989,朗力,	7520422667696,,水仙苑72号,一楼西厨,18,橡胶木,非高光板,TB-9007,一楼西厨_地柜B_抽屉02_抽屉右板01,440,220,1,横纹,1,1,1,1,非门板
250704-989,朗力,	7520422667702,,水仙苑72号,一楼西厨,18,橡胶木,非高光板,TB-9007,一楼西厨_地柜B_抽屉02_抽屉左板01,440,220,1,横纹,1,1,1,1,非门板
250704-989,朗力,	7520422667719,,水仙苑72号,一楼西厨,18,橡胶木,非高光板,TB-9007,一楼西厨_地柜B_抽屉02_抽屉后板01,857,192,1,横纹,1,1,1,1,非门板
250704-989,朗力,	7520422667658,,水仙苑72号,一楼西厨,18,橡胶木,非高光板,TB-9007,一楼西厨_地柜B_抽屉02_抽屉底板01,857,440,1,竖纹,1,1,1,1,非门板
250704-989,朗力,	7520422667757,,水仙苑72号,一楼西厨,18,橡胶木,非高光板,TB-9007,一楼西厨_地柜B_抽屉01_抽盒前板01,857,122,1,横纹,1,1,1,1,非门板
250704-989,朗力,	7520422667764,,水仙苑72号,一楼西厨,18,橡胶木,非高光板,TB-9007,一楼西厨_地柜B_抽屉01_抽屉右板01,340,150,1,横纹,1,1,1,1,非门板
250704-989,朗力,	7520422667771,,水仙苑72号,一楼西厨,18,橡胶木,非高光板,TB-9007,一楼西厨_地柜B_抽屉01_抽屉左板01,340,150,1,横纹,1,1,1,1,非门板
250704-989,朗力,	7520422667788,,水仙苑72号,一楼西厨,18,橡胶木,非高光板,TB-9007,一楼西厨_地柜B_抽屉01_抽屉后板01,857,122,1,横纹,1,1,1,1,非门板
250704-989,朗力,	7520422667726,,水仙苑72号,一楼西厨,18,橡胶木,非高光板,TB-9007,一楼西厨_地柜B_抽屉01_抽屉底板01,857,340,1,竖纹,1,1,1,1,非门板
250704-989,朗力,	7521087826794,,水仙苑72号,一楼西厨,18,橡胶木,非高光板,TB-9007,一楼西厨_地柜B_切角板01,906,271,1,横纹,1,1,1,1,非门板
250704-989,朗力,	7521087826800,,水仙苑72号,一楼西厨,18,橡胶木,非高光板,TB-9007,一楼西厨_地柜B_切角板02,906,124,1,竖纹,1,1,1,1,非门板
250704-989,朗力,	7521087824202,,水仙苑72号,一楼西厨,18,橡胶木,非高光板,TB-9007,一楼西厨_地柜C_顶板01,702,1023,1,竖纹,1,1,1,1,非门板
250704-989,朗力,	7521087824226,,水仙苑72号,一楼西厨,18,橡胶木,非高光板,TB-9007,一楼西厨_地柜C_右立板01,835,1041,1,竖纹,1,1,1,1,非门板
250704-989,朗力,	7521087824233,,水仙苑72号,一楼西厨,18,橡胶木,非高光板,TB-9007,一楼西厨_地柜C_竖隔板02,564,702,1,竖纹,1,1,1,1,非门板
250704-989,朗力,	7521087824318,,水仙苑72号,一楼西厨,18,橡胶木,非高光板,TB-9007,一楼西厨_地柜C_竖隔板01,835,243,1,竖纹,1,1,1,1,非门板
250704-989,朗力,	7521087824325,,水仙苑72号,一楼西厨,18,橡胶木,非高光板,TB-9007,一楼西厨_地柜C_左立板01,835,545,1,竖纹,1,1,1,1,非门板
250704-989,朗力,	7521087826862,,水仙苑72号,一楼西厨,18,橡胶木,非高光板,TB-9007,一楼西厨_地柜C_踢脚线01_圆弧踢脚线第1块01,477,60,1,横纹,1,1,1,1,非门板
250704-989,朗力,	7521087826879,,水仙苑72号,一楼西厨,18,橡胶木,非高光板,TB-9007,一楼西厨_地柜C_踢脚线01_圆弧踢脚线第2块01,60,496,1,无纹理,1,1,1,1,非门板
250704-989,朗力,	7521087826886,,水仙苑72号,一楼西厨,18,橡胶木,非高光板,TB-9007,一楼西厨_地柜C_踢脚线01_圆弧踢脚线第3块01,225,60,1,横纹,1,1,1,1,非门板
250704-989,朗力,	7521087826893,,水仙苑72号,一楼西厨,18,橡胶木,非高光板,TB-9007,一楼西厨_地柜C_踢脚线01_圆弧踢脚线第4块01,702,60,1,横纹,1,1,1,1,非门板
250704-989,朗力,	7521087824479,,水仙苑72号,一楼西厨,18,橡胶木,非高光板,TB-9007,一楼西厨_地柜C_底板01,702,899,1,竖纹,1,1,1,1,非门板
250704-989,朗力,	7521087825889,,水仙苑72号,一楼西厨,18,橡胶木,非高光板,TB-9007,一楼西厨_地柜C_收口条01_L收口辅板01,835,70,1,无纹理,1,1,1,1,非门板
250704-989,朗力,	7521087826121,,水仙苑72号,一楼西厨,18,橡胶木,非高光板,TB-9007,一楼西厨_地柜C_活动层板02,702,525,1,竖纹,1,1,1,1,非门板
250704-989,朗力,	7521087826176,,水仙苑72号,一楼西厨,18,橡胶木,非高光板,TB-9007,一楼西厨_地柜C_活动层板01,1023,223,1,横纹,1,1,1,1,非门板
250704-989,朗力,	7521087826909,,水仙苑72号,一楼西厨,18,橡胶木,非高光板,TB-9007,一楼西厨_地柜C_切角板01,702,211,1,横纹,1,1,1,1,非门板
250704-989,朗力,	7521087826916,,水仙苑72号,一楼西厨,18,橡胶木,非高光板,TB-9007,一楼西厨_地柜C_切角板02,702,124,1,竖纹,1,1,1,1,非门板
250704-989,朗力,	7521087827180,,水仙苑72号,一楼厨房岛台,18,橡胶木,非高光板,TB-9007,一楼厨房岛台_地柜A_右立板01,935,832,1,竖纹,1,1,1,1,非门板
250704-989,朗力,	7521087827210,,水仙苑72号,一楼厨房岛台,18,橡胶木,非高光板,TB-9007,一楼厨房岛台_地柜A_左立板01,935,832,1,竖纹,1,1,1,1,非门板
250704-989,朗力,	7521087827265,,水仙苑72号,一楼厨房岛台,18,橡胶木,非高光板,TB-9007,一楼厨房岛台_地柜A_踢脚线01_踢脚线前挡板01,908,60,1,横纹,1,1,1,1,非门板
250704-989,朗力,	7521087827272,,水仙苑72号,一楼厨房岛台,18,橡胶木,非高光板,TB-9007,一楼厨房岛台_地柜A_踢脚线01_踢脚线后挡板01,908,60,1,横纹,1,1,1,1,非门板
250704-989,朗力,	7521087828002,,水仙苑72号,一楼厨房岛台,18,橡胶木,非高光板,TB-9007,一楼厨房岛台_地柜A_踢脚线01_踢脚线隔条01,60,794,1,无纹理,1,1,1,1,非门板
250704-989,朗力,	7521087827241,,水仙苑72号,一楼厨房岛台,18,橡胶木,非高光板,TB-9007,一楼厨房岛台_地柜A_底板01,908,832,1,竖纹,1,1,1,1,非门板
250704-989,朗力,	7521087827401,,水仙苑72号,一楼厨房岛台,18,橡胶木,非高光板,TB-9007,一楼厨房岛台_地柜A_顶板01,908,832,1,竖纹,1,1,1,1,非门板
250704-989,朗力,	7521087827456,,水仙苑72号,一楼厨房岛台,18,橡胶木,非高光板,TB-9007,一楼厨房岛台_地柜A_竖隔板01,839,908,1,竖纹,1,1,1,1,非门板
250704-989,朗力,	7521087827593,,水仙苑72号,一楼厨房岛台,18,橡胶木,非高光板,TB-9007,一楼厨房岛台_地柜A_活动层板01,907,392,1,竖纹,1,1,1,1,非门板
250704-989,朗力,	7521087828293,,水仙苑72号,一楼厨房岛台,18,橡胶木,非高光板,TB-9007,一楼厨房岛台_地柜A_抽屉03_抽盒前板01,859,172,1,横纹,1,1,1,1,非门板
250704-989,朗力,	7521087828309,,水仙苑72号,一楼厨房岛台,18,橡胶木,非高光板,TB-9007,一楼厨房岛台_地柜A_抽屉03_抽屉右板01,390,200,1,横纹,1,1,1,1,非门板
250704-989,朗力,	7521087828316,,水仙苑72号,一楼厨房岛台,18,橡胶木,非高光板,TB-9007,一楼厨房岛台_地柜A_抽屉03_抽屉左板01,390,200,1,横纹,1,1,1,1,非门板
250704-989,朗力,	7521087828323,,水仙苑72号,一楼厨房岛台,18,橡胶木,非高光板,TB-9007,一楼厨房岛台_地柜A_抽屉03_抽屉后板01,859,172,1,横纹,1,1,1,1,非门板
250704-989,朗力,	7521087828262,,水仙苑72号,一楼厨房岛台,18,橡胶木,非高光板,TB-9007,一楼厨房岛台_地柜A_抽屉03_抽屉底板01,859,390,1,竖纹,1,1,1,1,非门板
250704-989,朗力,	7521087828385,,水仙苑72号,一楼厨房岛台,18,橡胶木,非高光板,TB-9007,一楼厨房岛台_地柜A_抽屉02_抽盒前板01,859,172,1,横纹,1,1,1,1,非门板
250704-989,朗力,	7521087828392,,水仙苑72号,一楼厨房岛台,18,橡胶木,非高光板,TB-9007,一楼厨房岛台_地柜A_抽屉02_抽屉右板01,390,200,1,横纹,1,1,1,1,非门板
250704-989,朗力,	7521087828408,,水仙苑72号,一楼厨房岛台,18,橡胶木,非高光板,TB-9007,一楼厨房岛台_地柜A_抽屉02_抽屉左板01,390,200,1,横纹,1,1,1,1,非门板
250704-989,朗力,	7521087828415,,水仙苑72号,一楼厨房岛台,18,橡胶木,非高光板,TB-9007,一楼厨房岛台_地柜A_抽屉02_抽屉后板01,859,172,1,横纹,1,1,1,1,非门板
250704-989,朗力,	7521087828354,,水仙苑72号,一楼厨房岛台,18,橡胶木,非高光板,TB-9007,一楼厨房岛台_地柜A_抽屉02_抽屉底板01,859,390,1,竖纹,1,1,1,1,非门板
250704-989,朗力,	7521087828477,,水仙苑72号,一楼厨房岛台,18,橡胶木,非高光板,TB-9007,一楼厨房岛台_地柜A_抽屉01_抽盒前板01,859,240,1,横纹,1,1,1,1,非门板
250704-989,朗力,	7521087828484,,水仙苑72号,一楼厨房岛台,18,橡胶木,非高光板,TB-9007,一楼厨房岛台_地柜A_抽屉01_抽屉右板01,390,268,1,横纹,1,1,1,1,非门板
250704-989,朗力,	7521087828491,,水仙苑72号,一楼厨房岛台,18,橡胶木,非高光板,TB-9007,一楼厨房岛台_地柜A_抽屉01_抽屉左板01,390,268,1,横纹,1,1,1,1,非门板
250704-989,朗力,	7521087828507,,水仙苑72号,一楼厨房岛台,18,橡胶木,非高光板,TB-9007,一楼厨房岛台_地柜A_抽屉01_抽屉后板01,859,240,1,横纹,1,1,1,1,非门板
250704-989,朗力,	7521087828446,,水仙苑72号,一楼厨房岛台,18,橡胶木,非高光板,TB-9007,一楼厨房岛台_地柜A_抽屉01_抽屉底板01,859,390,1,竖纹,1,1,1,1,非门板
250704-989,朗力,	7521087893512,,水仙苑72号,三楼西南卧室衣柜,18,橡胶木,非高光板,TB-9007,三楼西南卧室衣柜_柜C_左立板01,900,540,1,竖纹,1,1,1,1,非门板
250704-989,朗力,	7521087893543,,水仙苑72号,三楼西南卧室衣柜,18,橡胶木,非高光板,TB-9007,三楼西南卧室衣柜_柜C_右立板01,900,540,1,竖纹,1,1,1,1,非门板
250704-989,朗力,	7521087893567,,水仙苑72号,三楼西南卧室衣柜,18,橡胶木,非高光板,TB-9007,三楼西南卧室衣柜_柜C_左立板02,1458,540,1,竖纹,1,1,1,1,非门板
250704-989,朗力,	7521087893611,,水仙苑72号,三楼西南卧室衣柜,18,橡胶木,非高光板,TB-9007,三楼西南卧室衣柜_柜C_右立板02,1458,540,1,竖纹,1,1,1,1,非门板
250704-989,朗力,	7521087893710,,水仙苑72号,三楼西南卧室衣柜,18,橡胶木,非高光板,TB-9007,三楼西南卧室衣柜_柜C_横隔板01,980,540,1,竖纹,1,1,1,1,非门板
250704-989,朗力,	7521087894199,,水仙苑72号,三楼西南卧室衣柜,18,橡胶木,非高光板,TB-9007,三楼西南卧室衣柜_柜C_横隔板04,980,540,1,竖纹,1,1,1,1,非门板
250704-989,朗力,	7521087894311,,水仙苑72号,三楼西南卧室衣柜,18,橡胶木,非高光板,TB-9007,三楼西南卧室衣柜_柜C_踢脚线01_踢脚线前挡板01,980,60,1,横纹,1,1,1,1,非门板
250704-989,朗力,	7521087894328,,水仙苑72号,三楼西南卧室衣柜,18,橡胶木,非高光板,TB-9007,三楼西南卧室衣柜_柜C_踢脚线01_踢脚线后挡板01,60,980,1,无纹理,1,1,1,1,非门板
250704-989,朗力,	7521087894298,,水仙苑72号,三楼西南卧室衣柜,18,橡胶木,非高光板,TB-9007,三楼西南卧室衣柜_柜C_底板01,980,540,1,竖纹,1,1,1,1,非门板
250704-989,朗力,	7521087894441,,水仙苑72号,三楼西南卧室衣柜,18,橡胶木,非高光板,TB-9007,三楼西南卧室衣柜_柜C_顶板01,980,540,1,竖纹,1,1,1,1,非门板
250704-989,朗力,	7521087894489,,水仙苑72号,三楼西南卧室衣柜,18,橡胶木,非高光板,TB-9007,三楼西南卧室衣柜_柜C_背板02,1422,980,1,竖纹,1,1,1,1,非门板
250704-989,朗力,	7521087894502,,水仙苑72号,三楼西南卧室衣柜,18,橡胶木,非高光板,TB-9007,三楼西南卧室衣柜_柜C_背板01,804,980,1,竖纹,1,1,1,1,非门板
250704-989,朗力,	7521087894533,,水仙苑72号,三楼西南卧室衣柜,18,橡胶木,非高光板,TB-9007,三楼西南卧室衣柜_柜C_收口条02_L收口辅板01,1016,70,1,无纹理,1,1,1,1,非门板
250704-989,朗力,	7521087894540,,水仙苑72号,三楼西南卧室衣柜,18,橡胶木,非高光板,TB-9007,三楼西南卧室衣柜_柜C_收口条02_L收口面板01,1016,40,1,横纹,1,1,1,1,非门板
250704-989,朗力,	7521087895110,,水仙苑72号,三楼西南卧室衣柜,18,橡胶木,非高光板,TB-9007,三楼西南卧室衣柜_柜C_横隔板05,980,522,1,竖纹,1,1,1,1,非门板
250704-989,朗力,	7521087895219,,水仙苑72号,三楼西南卧室衣柜,18,橡胶木,非高光板,TB-9007,三楼西南卧室衣柜_柜C_活动层板01,979,520,1,竖纹,1,1,1,1,非门板
250704-989,朗力,	7521087895332,,水仙苑72号,三楼西南卧室衣柜,18,橡胶木,非高光板,TB-9007,三楼西南卧室衣柜_柜E_左立板01,900,540,1,竖纹,1,1,1,1,非门板
250704-989,朗力,	7521087895349,,水仙苑72号,三楼西南卧室衣柜,18,橡胶木,非高光板,TB-9007,三楼西南卧室衣柜_柜E_右立板01,900,540,1,竖纹,1,1,1,1,非门板
250704-989,朗力,	7521087895356,,水仙苑72号,三楼西南卧室衣柜,18,橡胶木,非高光板,TB-9007,三楼西南卧室衣柜_柜E_左立板02,1458,540,1,竖纹,1,1,1,1,非门板
250704-989,朗力,	7521087895363,,水仙苑72号,三楼西南卧室衣柜,18,橡胶木,非高光板,TB-9007,三楼西南卧室衣柜_柜E_右立板02,1458,540,1,竖纹,1,1,1,1,非门板
250704-989,朗力,	7521087895370,,水仙苑72号,三楼西南卧室衣柜,18,橡胶木,非高光板,TB-9007,三楼西南卧室衣柜_柜E_横隔板01,980,540,1,竖纹,1,1,1,1,非门板
250704-989,朗力,	7521087895394,,水仙苑72号,三楼西南卧室衣柜,18,橡胶木,非高光板,TB-9007,三楼西南卧室衣柜_柜E_横隔板04,980,540,1,竖纹,1,1,1,1,非门板
250704-989,朗力,	7521087895400,,水仙苑72号,三楼西南卧室衣柜,18,橡胶木,非高光板,TB-9007,三楼西南卧室衣柜_柜E_踢脚线01_踢脚线前挡板01,980,60,1,横纹,1,1,1,1,非门板
250704-989,朗力,	7521087895417,,水仙苑72号,三楼西南卧室衣柜,18,橡胶木,非高光板,TB-9007,三楼西南卧室衣柜_柜E_踢脚线01_踢脚线后挡板01,60,980,1,无纹理,1,1,1,1,非门板
250704-989,朗力,	7521087895424,,水仙苑72号,三楼西南卧室衣柜,18,橡胶木,非高光板,TB-9007,三楼西南卧室衣柜_柜E_底板01,980,540,1,竖纹,1,1,1,1,非门板
250704-989,朗力,	7521087895431,,水仙苑72号,三楼西南卧室衣柜,18,橡胶木,非高光板,TB-9007,三楼西南卧室衣柜_柜E_顶板01,980,540,1,竖纹,1,1,1,1,非门板
250704-989,朗力,	7521087895448,,水仙苑72号,三楼西南卧室衣柜,18,橡胶木,非高光板,TB-9007,三楼西南卧室衣柜_柜E_背板02,1422,980,1,竖纹,1,1,1,1,非门板
250704-989,朗力,	7521087895455,,水仙苑72号,三楼西南卧室衣柜,18,橡胶木,非高光板,TB-9007,三楼西南卧室衣柜_柜E_背板01,804,980,1,竖纹,1,1,1,1,非门板
250704-989,朗力,	7521087895462,,水仙苑72号,三楼西南卧室衣柜,18,橡胶木,非高光板,TB-9007,三楼西南卧室衣柜_柜E_收口条02_L收口辅板01,1016,70,1,无纹理,1,1,1,1,非门板
250704-989,朗力,	7521087895479,,水仙苑72号,三楼西南卧室衣柜,18,橡胶木,非高光板,TB-9007,三楼西南卧室衣柜_柜E_收口条02_L收口面板01,1016,40,1,横纹,1,1,1,1,非门板
250704-989,朗力,	7521087895578,,水仙苑72号,三楼西南卧室衣柜,18,橡胶木,非高光板,TB-9007,三楼西南卧室衣柜_柜E_横隔板05,980,522,1,竖纹,1,1,1,1,非门板
250704-989,朗力,	7521087895943,,水仙苑72号,三楼西南卧室衣柜,18,橡胶木,非高光板,TB-9007,三楼西南卧室衣柜_柜E_抽屉03_抽盒前板01,931,190,1,横纹,1,1,1,1,非门板
250704-989,朗力,	7521087895950,,水仙苑72号,三楼西南卧室衣柜,18,橡胶木,非高光板,TB-9007,三楼西南卧室衣柜_柜E_抽屉03_抽屉右板01,440,218,1,横纹,1,1,1,1,非门板
250704-989,朗力,	7521087895967,,水仙苑72号,三楼西南卧室衣柜,18,橡胶木,非高光板,TB-9007,三楼西南卧室衣柜_柜E_抽屉03_抽屉左板01,440,218,1,横纹,1,1,1,1,非门板
250704-989,朗力,	7521087895974,,水仙苑72号,三楼西南卧室衣柜,18,橡胶木,非高光板,TB-9007,三楼西南卧室衣柜_柜E_抽屉03_抽屉后板01,931,190,1,横纹,1,1,1,1,非门板
250704-989,朗力,	7521087895912,,水仙苑72号,三楼西南卧室衣柜,18,橡胶木,非高光板,TB-9007,三楼西南卧室衣柜_柜E_抽屉03_抽屉底板01,931,440,1,竖纹,1,1,1,1,非门板
250704-989,朗力,	7521087896018,,水仙苑72号,三楼西南卧室衣柜,18,橡胶木,非高光板,TB-9007,三楼西南卧室衣柜_柜E_抽屉02_抽盒前板01,931,190,1,横纹,1,1,1,1,非门板
250704-989,朗力,	7521087896025,,水仙苑72号,三楼西南卧室衣柜,18,橡胶木,非高光板,TB-9007,三楼西南卧室衣柜_柜E_抽屉02_抽屉右板01,440,218,1,横纹,1,1,1,1,非门板
250704-989,朗力,	7521087896032,,水仙苑72号,三楼西南卧室衣柜,18,橡胶木,非高光板,TB-9007,三楼西南卧室衣柜_柜E_抽屉02_抽屉左板01,440,218,1,横纹,1,1,1,1,非门板
250704-989,朗力,	7521087896049,,水仙苑72号,三楼西南卧室衣柜,18,橡胶木,非高光板,TB-9007,三楼西南卧室衣柜_柜E_抽屉02_抽屉后板01,931,190,1,横纹,1,1,1,1,非门板
250704-989,朗力,	7521087895981,,水仙苑72号,三楼西南卧室衣柜,18,橡胶木,非高光板,TB-9007,三楼西南卧室衣柜_柜E_抽屉02_抽屉底板01,931,440,1,竖纹,1,1,1,1,非门板
250704-989,朗力,	7521087896087,,水仙苑72号,三楼西南卧室衣柜,18,橡胶木,非高光板,TB-9007,三楼西南卧室衣柜_柜E_抽屉01_抽盒前板01,931,140,1,横纹,1,1,1,1,非门板
250704-989,朗力,	7521087896094,,水仙苑72号,三楼西南卧室衣柜,18,橡胶木,非高光板,TB-9007,三楼西南卧室衣柜_柜E_抽屉01_抽屉右板01,440,168,1,横纹,1,1,1,1,非门板
250704-989,朗力,	7521087896100,,水仙苑72号,三楼西南卧室衣柜,18,橡胶木,非高光板,TB-9007,三楼西南卧室衣柜_柜E_抽屉01_抽屉左板01,440,168,1,横纹,1,1,1,1,非门板
250704-989,朗力,	7521087896117,,水仙苑72号,三楼西南卧室衣柜,18,橡胶木,非高光板,TB-9007,三楼西南卧室衣柜_柜E_抽屉01_抽屉后板01,931,140,1,横纹,1,1,1,1,非门板
250704-989,朗力,	7521087896056,,水仙苑72号,三楼西南卧室衣柜,18,橡胶木,非高光板,TB-9007,三楼西南卧室衣柜_柜E_抽屉01_抽屉底板01,931,440,1,竖纹,1,1,1,1,非门板
250704-989,朗力,	7521087895615,,水仙苑72号,三楼西南卧室衣柜,18,橡胶木,非高光板,TB-9007,三楼西南卧室衣柜_柜F_左立板01,900,540,1,竖纹,1,1,1,1,非门板
250704-989,朗力,	7521087895622,,水仙苑72号,三楼西南卧室衣柜,18,橡胶木,非高光板,TB-9007,三楼西南卧室衣柜_柜F_右立板01,900,540,1,竖纹,1,1,1,1,非门板
250704-989,朗力,	7521087895639,,水仙苑72号,三楼西南卧室衣柜,18,橡胶木,非高光板,TB-9007,三楼西南卧室衣柜_柜F_左立板02,1458,540,1,竖纹,1,1,1,1,非门板
250704-989,朗力,	7521087895646,,水仙苑72号,三楼西南卧室衣柜,18,橡胶木,非高光板,TB-9007,三楼西南卧室衣柜_柜F_右立板02,1458,540,1,竖纹,1,1,1,1,非门板
250704-989,朗力,	7521087895653,,水仙苑72号,三楼西南卧室衣柜,18,橡胶木,非高光板,TB-9007,三楼西南卧室衣柜_柜F_横隔板01,980,540,1,竖纹,1,1,1,1,非门板
250704-989,朗力,	7521087895677,,水仙苑72号,三楼西南卧室衣柜,18,橡胶木,非高光板,TB-9007,三楼西南卧室衣柜_柜F_横隔板04,980,540,1,竖纹,1,1,1,1,非门板
250704-989,朗力,	7521087895684,,水仙苑72号,三楼西南卧室衣柜,18,橡胶木,非高光板,TB-9007,三楼西南卧室衣柜_柜F_踢脚线01_踢脚线前挡板01,980,60,1,横纹,1,1,1,1,非门板
250704-989,朗力,	7521087895691,,水仙苑72号,三楼西南卧室衣柜,18,橡胶木,非高光板,TB-9007,三楼西南卧室衣柜_柜F_踢脚线01_踢脚线后挡板01,60,980,1,无纹理,1,1,1,1,非门板
250704-989,朗力,	7521087895707,,水仙苑72号,三楼西南卧室衣柜,18,橡胶木,非高光板,TB-9007,三楼西南卧室衣柜_柜F_底板01,980,540,1,竖纹,1,1,1,1,非门板
250704-989,朗力,	7521087895714,,水仙苑72号,三楼西南卧室衣柜,18,橡胶木,非高光板,TB-9007,三楼西南卧室衣柜_柜F_顶板01,980,540,1,竖纹,1,1,1,1,非门板
250704-989,朗力,	7521087895721,,水仙苑72号,三楼西南卧室衣柜,18,橡胶木,非高光板,TB-9007,三楼西南卧室衣柜_柜F_背板02,1422,980,1,竖纹,1,1,1,1,非门板
250704-989,朗力,	7521087895738,,水仙苑72号,三楼西南卧室衣柜,18,橡胶木,非高光板,TB-9007,三楼西南卧室衣柜_柜F_背板01,804,980,1,竖纹,1,1,1,1,非门板
250704-989,朗力,	7521087895745,,水仙苑72号,三楼西南卧室衣柜,18,橡胶木,非高光板,TB-9007,三楼西南卧室衣柜_柜F_收口条02_L收口辅板01,1016,70,1,无纹理,1,1,1,1,非门板
250704-989,朗力,	7521087895752,,水仙苑72号,三楼西南卧室衣柜,18,橡胶木,非高光板,TB-9007,三楼西南卧室衣柜_柜F_收口条02_L收口面板01,1016,40,1,横纹,1,1,1,1,非门板
250704-989,朗力,	7521087895851,,水仙苑72号,三楼西南卧室衣柜,18,橡胶木,非高光板,TB-9007,三楼西南卧室衣柜_柜F_横隔板05,980,522,1,竖纹,1,1,1,1,非门板
250704-989,朗力,	7521087895868,,水仙苑72号,三楼西南卧室衣柜,18,橡胶木,非高光板,TB-9007,三楼西南卧室衣柜_柜F_活动层板01,979,520,1,竖纹,1,1,1,1,非门板
250704-989,朗力,	7521087896728,,水仙苑72号,三楼西南卧室衣柜,18,橡胶木,非高光板,TB-9007,三楼西南卧室衣柜_柜G_左立板01,900,540,1,竖纹,1,1,1,1,非门板
250704-989,朗力,	7521087896735,,水仙苑72号,三楼西南卧室衣柜,18,橡胶木,非高光板,TB-9007,三楼西南卧室衣柜_柜G_右立板01,900,540,1,竖纹,1,1,1,1,非门板
250704-989,朗力,	7521087896742,,水仙苑72号,三楼西南卧室衣柜,18,橡胶木,非高光板,TB-9007,三楼西南卧室衣柜_柜G_左立板02,1458,540,1,竖纹,1,1,1,1,非门板
250704-989,朗力,	7521087896759,,水仙苑72号,三楼西南卧室衣柜,18,橡胶木,非高光板,TB-9007,三楼西南卧室衣柜_柜G_右立板02,1458,540,1,竖纹,1,1,1,1,非门板
250704-989,朗力,	7521087896766,,水仙苑72号,三楼西南卧室衣柜,18,橡胶木,非高光板,TB-9007,三楼西南卧室衣柜_柜G_横隔板01,1550,540,1,竖纹,1,1,1,1,非门板
250704-989,朗力,	7521087896780,,水仙苑72号,三楼西南卧室衣柜,18,橡胶木,非高光板,TB-9007,三楼西南卧室衣柜_柜G_横隔板04,1550,540,1,竖纹,1,1,1,1,非门板
250704-989,朗力,	7521087896797,,水仙苑72号,三楼西南卧室衣柜,18,橡胶木,非高光板,TB-9007,三楼西南卧室衣柜_柜G_踢脚线01_踢脚线前挡板01,1550,60,1,横纹,1,1,1,1,非门板
250704-989,朗力,	7521087896803,,水仙苑72号,三楼西南卧室衣柜,18,橡胶木,非高光板,TB-9007,三楼西南卧室衣柜_柜G_踢脚线01_踢脚线后挡板01,60,1550,1,无纹理,1,1,1,1,非门板
250704-989,朗力,	7521087896810,,水仙苑72号,三楼西南卧室衣柜,18,橡胶木,非高光板,TB-9007,三楼西南卧室衣柜_柜G_底板01,1550,540,1,竖纹,1,1,1,1,非门板
250704-989,朗力,	7521087896827,,水仙苑72号,三楼西南卧室衣柜,18,橡胶木,非高光板,TB-9007,三楼西南卧室衣柜_柜G_顶板01,1550,540,1,竖纹,1,1,1,1,非门板
250704-989,朗力,	7521087896858,,水仙苑72号,三楼西南卧室衣柜,18,橡胶木,非高光板,TB-9007,三楼西南卧室衣柜_柜G_收口条01_L收口辅板01,1586,70,1,无纹理,1,1,1,1,非门板
250704-989,朗力,	7521087896865,,水仙苑72号,三楼西南卧室衣柜,18,橡胶木,非高光板,TB-9007,三楼西南卧室衣柜_柜G_收口条01_L收口面板01,1586,40,1,横纹,1,1,1,1,非门板
250704-989,朗力,	7521087897107,,水仙苑72号,三楼西南卧室衣柜,18,橡胶木,非高光板,TB-9007,三楼西南卧室衣柜_柜G_竖隔板01,804,540,1,竖纹,1,1,1,1,非门板
250704-989,朗力,	7521087897183,,水仙苑72号,三楼西南卧室衣柜,18,橡胶木,非高光板,TB-9007,三楼西南卧室衣柜_柜G_背板02,804,1051,1,竖纹,1,1,1,1,非门板
250704-989,朗力,	7521087897206,,水仙苑72号,三楼西南卧室衣柜,18,橡胶木,非高光板,TB-9007,三楼西南卧室衣柜_柜G_背板01,804,481,1,竖纹,1,1,1,1,非门板
250704-989,朗力,	7521087897244,,水仙苑72号,三楼西南卧室衣柜,18,橡胶木,非高光板,TB-9007,三楼西南卧室衣柜_柜G_横隔板05,1550,540,1,竖纹,1,1,1,1,非门板
250704-989,朗力,	7521087897336,,水仙苑72号,三楼西南卧室衣柜,18,橡胶木,非高光板,TB-9007,三楼西南卧室衣柜_柜G_竖隔板02,1014,540,1,竖纹,1,1,1,1,非门板
250704-989,朗力,	7521087897411,,水仙苑72号,三楼西南卧室衣柜,18,橡胶木,非高光板,TB-9007,三楼西南卧室衣柜_柜G_背板04,1014,1051,1,竖纹,1,1,1,1,非门板
250704-989,朗力,	7521087897435,,水仙苑72号,三楼西南卧室衣柜,18,橡胶木,非高光板,TB-9007,三楼西南卧室衣柜_柜G_背板03,1014,481,1,竖纹,1,1,1,1,非门板
250704-989,朗力,	7521087897459,,水仙苑72号,三楼西南卧室衣柜,18,橡胶木,非高光板,TB-9007,三楼西南卧室衣柜_柜G_背板05,1550,390,1,横纹,1,1,1,1,非门板
250704-989,朗力,	7521087898517,,水仙苑72号,三楼西南卧室衣柜,18,橡胶木,非高光板,TB-9007,三楼西南卧室衣柜_柜G_活动层板01,480,520,1,竖纹,1,1,1,1,非门板
250704-989,朗力,	7521087900999,,水仙苑72号,三楼西南卧室衣柜,18,橡胶木,非高光板,TB-9007,三楼西南卧室衣柜_柜D_左立板01,2376,540,1,竖纹,1,1,1,1,非门板
250704-989,朗力,	7521087901026,,水仙苑72号,三楼西南卧室衣柜,18,橡胶木,非高光板,TB-9007,三楼西南卧室衣柜_柜D_右立板01,2376,540,1,竖纹,1,1,1,1,非门板
250704-989,朗力,	7521087901071,,水仙苑72号,三楼西南卧室衣柜,18,橡胶木,非高光板,TB-9007,三楼西南卧室衣柜_柜D_顶板01,463,540,1,竖纹,1,1,1,1,非门板
250704-989,朗力,	7521087901149,,水仙苑72号,三楼西南卧室衣柜,18,橡胶木,非高光板,TB-9007,三楼西南卧室衣柜_柜D_踢脚线01_踢脚线前挡板01,463,50,1,横纹,1,1,1,1,非门板
250704-989,朗力,	7521087901156,,水仙苑72号,三楼西南卧室衣柜,18,橡胶木,非高光板,TB-9007,三楼西南卧室衣柜_柜D_踢脚线01_踢脚线后挡板01,50,463,1,无纹理,1,1,1,1,非门板
250704-989,朗力,	7521087901125,,水仙苑72号,三楼西南卧室衣柜,18,橡胶木,非高光板,TB-9007,三楼西南卧室衣柜_柜D_底板01,463,540,1,竖纹,1,1,1,1,非门板
250704-989,朗力,	7521087901170,,水仙苑72号,三楼西南卧室衣柜,18,橡胶木,非高光板,TB-9007,三楼西南卧室衣柜_柜D_背板01,2290,463,1,竖纹,1,1,1,1,非门板
250704-989,朗力,	7521087901200,,水仙苑72号,三楼西南卧室衣柜,18,橡胶木,非高光板,TB-9007,三楼西南卧室衣柜_柜D_收口条02_L收口辅板01,499,70,1,无纹理,1,1,1,1,非门板
250704-989,朗力,	7521087901217,,水仙苑72号,三楼西南卧室衣柜,18,橡胶木,非高光板,TB-9007,三楼西南卧室衣柜_柜D_收口条02_L收口面板01,499,40,1,横纹,1,1,1,1,非门板
250704-989,朗力,	7521087901576,,水仙苑72号,三楼西南卧室衣柜,18,橡胶木,非高光板,TB-9007,三楼西南卧室衣柜_柜D_横隔板01,463,522,1,竖纹,1,1,1,1,非门板
250704-989,朗力,	7521087901668,,水仙苑72号,三楼西南卧室衣柜,18,橡胶木,非高光板,TB-9007,三楼西南卧室衣柜_柜D_活动层板01,462,520,1,竖纹,1,1,1,1,非门板
250704-989,朗力,	7518535387273,,水仙苑72号,B1卫生间台盆柜,18,欧松板,非高光板,S705,B1卫生间台盆柜_柜A_柜门01_单开门01_左开,1046,438,1,无纹理,1,1,1,1,门板
250704-989,朗力,	7518535387426,,水仙苑72号,B1卫生间台盆柜,18,欧松板,非高光板,S705,B1卫生间台盆柜_柜A_收口条02_侧收口01,1060,580,1,无纹理,1,1,1,1,非门板
250704-989,朗力,	7518535387648,,水仙苑72号,B1卫生间台盆柜,18,欧松板,非高光板,S705,B1卫生间台盆柜_柜A_收口条01_L收口面板01,1060,30,1,无纹理,1,1,1,1,非门板
250704-989,朗力,	7518535389857,,水仙苑72号,B1卫生间台盆柜,18,欧松板,非高光板,S705,B1卫生间台盆柜_地柜B_柜门01_单开门01_左开,715,457,1,无纹理,1,1,1,1,门板
250704-989,朗力,	7518535391645,,水仙苑72号,B1卫生间台盆柜,18,欧松板,非高光板,S705,B1卫生间台盆柜_地柜B_抽屉02_抽屉面板01,343,457,1,无纹理,1,1,1,1,非门板
250704-989,朗力,	7518535391744,,水仙苑72号,B1卫生间台盆柜,18,欧松板,非高光板,S705,B1卫生间台盆柜_地柜B_抽屉01_抽屉面板01,343,457,1,无纹理,1,1,1,1,非门板
250704-989,朗力,	7518535392246,,水仙苑72号,B1卫生间台盆柜,18,欧松板,非高光板,S705,B1卫生间台盆柜_地柜B_柜门02_双开左01_左开,715,457,1,无纹理,1,1,1,1,门板
250704-989,朗力,	7518535392277,,水仙苑72号,B1卫生间台盆柜,18,欧松板,非高光板,S705,B1卫生间台盆柜_地柜B_柜门02_双开右01_右开,715,457,1,无纹理,1,1,1,1,门板
250704-989,朗力,	7518535392550,,水仙苑72号,B1卫生间台盆柜,18,欧松板,非高光板,S705,B1卫生间台盆柜_地柜B_收口条01_L收口面板01,745,30,1,无纹理,1,1,1,1,非门板
250704-989,朗力,	7518535388577,,水仙苑72号,B1卫生间台盆柜,18,PVC,高光板,水槽柜专用板,B1卫生间台盆柜_地柜B_底板03,920,560,1,无纹理,1,1,1,1,非门板
250704-989,朗力,	7518535388935,,水仙苑72号,B1卫生间台盆柜,18,PVC,高光板,水槽柜专用板,B1卫生间台盆柜_地柜B_拉条01,70,884,1,无纹理,1,1,1,1,非门板
250704-989,朗力,	7520422646202,,水仙苑72号,1楼书柜,18,PVC,高光板,水槽柜专用板,1楼书柜_柜A_底板01,1046,372,1,无纹理,1,1,1,1,非门板
250704-989,朗力,	7521087835420,,水仙苑72号,一楼厨房,18,PVC,高光板,水槽柜专用板,一楼厨房_地柜C_底板01,1594,560,1,无纹理,1,1,1,1,非门板
250704-989,朗力,	7521087835543,,水仙苑72号,一楼厨房,18,PVC,高光板,水槽柜专用板,一楼厨房_地柜C_拉条01,80,1558,1,无纹理,1,1,1,1,非门板
250704-989,朗力,	7521087859068,,水仙苑72号,二楼洗衣房衣柜,18,PVC,高光板,水槽柜专用板,二楼洗衣房衣柜_地柜A_底板01,1263,679,1,无纹理,1,1,1,1,非门板
250704-989,朗力,	7521087859143,,水仙苑72号,二楼洗衣房衣柜,18,PVC,高光板,水槽柜专用板,二楼洗衣房衣柜_地柜A_拉条01,100,1263,1,无纹理,1,1,1,1,非门板
250704-989,朗力,	7518672912727,,水仙苑72号,1楼厅包柱柜,18,欧松板,非高光板,TB9826同步,1楼厅包柱柜_地柜A_柜门01_单开门01_左开,669,344,1,竖纹,1,1,1,1,门板
250704-989,朗力,	7518672912871,,水仙苑72号,1楼厅包柱柜,18,欧松板,非高光板,TB9826同步,1楼厅包柱柜_地柜A_竖隔板01,100,344,1,竖纹,1,1,1,1,非门板
250704-989,朗力,	7518672913472,,水仙苑72号,1楼厅包柱柜,18,欧松板,非高光板,TB9826同步,1楼厅包柱柜_柜B_左立板01,1680,437,1,竖纹,1,1,1,1,非门板
250704-989,朗力,	7518672913502,,水仙苑72号,1楼厅包柱柜,18,欧松板,非高光板,TB9826同步,1楼厅包柱柜_柜B_右立板01,2462,456,1,竖纹,1,1,1,1,非门板
250704-989,朗力,	7518672913533,,水仙苑72号,1楼厅包柱柜,18,欧松板,非高光板,TB9826同步,1楼厅包柱柜_柜B_灯带100距后04,330,437,1,竖纹,1,1,1,1,非门板
250704-989,朗力,	7518672913588,,水仙苑72号,1楼厅包柱柜,18,欧松板,非高光板,TB9826同步,1楼厅包柱柜_柜B_底板01,330,437,1,竖纹,1,1,1,1,非门板
250704-989,朗力,	7518672913625,,水仙苑72号,1楼厅包柱柜,18,欧松板,非高光板,TB9826同步,1楼厅包柱柜_柜B_背板01,1644,330,1,竖纹,1,1,1,1,非门板
250704-989,朗力,	7518672913656,,水仙苑72号,1楼厅包柱柜,18,欧松板,非高光板,TB9826同步,1楼厅包柱柜_柜B_灯带100距后03,330,419,1,竖纹,1,1,1,1,非门板
250704-989,朗力,	7518672913816,,水仙苑72号,1楼厅包柱柜,18,欧松板,非高光板,TB9826同步,1楼厅包柱柜_柜B_灯带100距后02,330,419,1,竖纹,1,1,1,1,非门板
250704-989,朗力,	7518672913861,,水仙苑72号,1楼厅包柱柜,18,欧松板,非高光板,TB9826同步,1楼厅包柱柜_柜B_灯带100距后01,330,419,1,竖纹,1,1,1,1,非门板
250704-989,朗力,	7518672914905,,水仙苑72号,1楼厅包柱柜,18,欧松板,非高光板,TB9826同步,1楼厅包柱柜_吊柜A_柜门01_单开门01_左开,1381,344,1,竖纹,1,1,1,1,门板
250704-989,朗力,	7518672915469,,水仙苑72号,1楼厅包柱柜,18,欧松板,非高光板,TB9826同步,1楼厅包柱柜_吊柜A_收口条01_侧收口01,1394,456,1,竖纹,1,1,1,1,非门板
250704-989,朗力,	7518672915735,,水仙苑72号,1楼厅包柱柜,18,欧松板,非高光板,TB9826同步,1楼厅包柱柜_柜A_左立板01,2462,456,1,竖纹,1,1,1,1,非门板
250704-989,朗力,	7518672915766,,水仙苑72号,1楼厅包柱柜,18,欧松板,非高光板,TB9826同步,1楼厅包柱柜_柜A_竖隔板01,2462,416,1,竖纹,1,1,1,1,非门板
250704-989,朗力,	7518672915834,,水仙苑72号,1楼厅包柱柜,18,欧松板,非高光板,TB9826同步,1楼厅包柱柜_柜A_竖隔板02,1384,416,1,竖纹,1,1,1,1,非门板
250704-989,朗力,	7518672915902,,水仙苑72号,1楼厅包柱柜,18,欧松板,非高光板,TB9826同步,1楼厅包柱柜_柜A_左立板02,1394,456,1,竖纹,1,1,1,1,非门板
250704-989,朗力,	7518672916008,,水仙苑72号,1楼厅包柱柜,18,欧松板,非高光板,TB9826同步,1楼厅包柱柜_柜A_竖隔板03,2462,764,1,竖纹,1,1,1,1,非门板
250704-989,朗力,	7518672916084,,水仙苑72号,1楼厅包柱柜,18,欧松板,非高光板,TB9826同步,1楼厅包柱柜_柜A_右立板01,2462,80,1,竖纹,1,1,1,1,非门板
250704-989,朗力,	7518672916244,,水仙苑72号,1楼厅包柱柜,18,欧松板,非高光板,TB9826同步,1楼厅包柱柜_柜A_竖隔板04,1394,764,1,竖纹,1,1,1,1,非门板
250704-989,朗力,	7518672916350,,水仙苑72号,1楼厅包柱柜,18,欧松板,非高光板,TB9826同步,1楼厅包柱柜_柜A_右立板02,1394,80,1,竖纹,1,1,1,1,非门板
250704-989,朗力,	7518672918118,,水仙苑72号,1楼进门鞋柜,18,欧松板,非高光板,TB9826同步,1楼进门鞋柜_柜A_柜门03_左开22厚度15边框骨骼门01_左开,1733,437,1,竖纹,1,1,1,1,门板
250704-989,朗力,	7518672918149,,水仙苑72号,1楼进门鞋柜,18,欧松板,非高光板,TB9826同步,1楼进门鞋柜_柜A_柜门03_右开22厚度15边框骨骼门01_右开,1733,437,1,竖纹,1,1,1,1,门板
250704-989,朗力,	7518672918187,,水仙苑72号,1楼进门鞋柜,18,欧松板,非高光板,TB9826同步,1楼进门鞋柜_柜A_柜门04_右开22厚度15边框骨骼门01_右开,1733,437,1,竖纹,1,1,1,1,门板
250704-989,朗力,	7518672918422,,水仙苑72号,1楼进门鞋柜,18,欧松板,非高光板,TB9826同步,1楼进门鞋柜_柜A_柜门01_左开22厚度15边框骨骼门01_左开,1070,437,1,竖纹,1,1,1,1,门板
250704-989,朗力,	7518672918453,,水仙苑72号,1楼进门鞋柜,18,欧松板,非高光板,TB9826同步,1楼进门鞋柜_柜A_柜门01_右开22厚度15边框骨骼门01_右开,1070,437,1,竖纹,1,1,1,1,门板
250704-989,朗力,	7518672918491,,水仙苑72号,1楼进门鞋柜,18,欧松板,非高光板,TB9826同步,1楼进门鞋柜_柜A_柜门02_右开22厚度15边框骨骼门01_右开,1070,437,1,竖纹,1,1,1,1,门板
250704-989,朗力,	7520422641504,,水仙苑72号,1楼进门鞋柜,18,欧松板,非高光板,TB9826同步,1楼进门鞋柜_柜A_收口条01_侧收口01,1080,394,1,竖纹,1,1,1,1,非门板
250704-989,朗力,	7520422641498,,水仙苑72号,1楼进门鞋柜,18,欧松板,非高光板,TB9826同步,1楼进门鞋柜_柜A_收口条02_侧收口01,1745,394,1,竖纹,1,1,1,1,非门板
250704-989,朗力,	7520422642754,,水仙苑72号,1楼进门鞋柜,18,欧松板,非高光板,TB9826同步,1楼进门鞋柜_柜B_左立板01,1080,394,1,竖纹,1,1,1,1,非门板
250704-989,朗力,	7520422642839,,水仙苑72号,1楼进门鞋柜,18,欧松板,非高光板,TB9826同步,1楼进门鞋柜_柜B_左立板02,1745,394,1,竖纹,1,1,1,1,非门板
250704-989,朗力,	7520422642952,,水仙苑72号,1楼进门鞋柜,18,欧松板,非高光板,TB9826同步,1楼进门鞋柜_柜B_2块合封50厚度先打孔在∑50厚度01,1599,394,1,竖纹,1,1,1,1,非门板
250704-989,朗力,	7520422643010,,水仙苑72号,1楼进门鞋柜,18,欧松板,非高光板,TB9826同步,1楼进门鞋柜_柜B_2块合封50厚度01,1599,394,1,竖纹,1,1,1,1,非门板
250704-989,朗力,	7520422643065,,水仙苑72号,1楼进门鞋柜,18,欧松板,非高光板,TB9826同步,1楼进门鞋柜_柜B_背板02,630,750,1,竖纹,1,1,1,1,非门板
250704-989,朗力,	7520422643089,,水仙苑72号,1楼进门鞋柜,18,欧松板,非高光板,TB9826同步,1楼进门鞋柜_柜B_背板01,400,750,1,竖纹,1,1,1,1,非门板
250704-989,朗力,	7520422643935,,水仙苑72号,1楼进门鞋柜,18,欧松板,非高光板,TB9826同步,1楼进门鞋柜_柜B_背板03,1745,750,1,竖纹,1,1,1,1,非门板
250704-989,朗力,	7520422645267,,水仙苑72号,1楼书柜,18,欧松板,非高光板,TB9826同步,1楼书柜_柜A_左立板01,2700,372,1,竖纹,1,1,1,1,非门板
250704-989,朗力,	7520422645298,,水仙苑72号,1楼书柜,18,欧松板,非高光板,TB9826同步,1楼书柜_柜A_右立板01,2700,372,1,竖纹,1,1,1,1,非门板
250704-989,朗力,	7520422645311,,水仙苑72号,1楼书柜,18,欧松板,非高光板,TB9826同步,1楼书柜_柜A_左立板02,1156,372,1,竖纹,1,1,1,1,非门板
250704-989,朗力,	7520422645366,,水仙苑72号,1楼书柜,18,欧松板,非高光板,TB9826同步,1楼书柜_柜A_右立板02,1156,372,1,竖纹,1,1,1,1,非门板
250704-989,朗力,	7520422645700,,水仙苑72号,1楼书柜,18,欧松板,非高光板,TB9826同步,1楼书柜_柜A_横隔板04,1046,372,1,竖纹,1,1,1,1,非门板
250704-989,朗力,	7520422645793,,水仙苑72号,1楼书柜,18,欧松板,非高光板,TB9826同步,1楼书柜_柜A_背板03,560,1046,1,竖纹,1,1,1,1,非门板
250704-989,朗力,	7520422645816,,水仙苑72号,1楼书柜,18,欧松板,非高光板,TB9826同步,1楼书柜_柜A_背板02,560,1046,1,竖纹,1,1,1,1,非门板
250704-989,朗力,	7520422645878,,水仙苑72号,1楼书柜,18,欧松板,非高光板,TB9826同步,1楼书柜_柜A_横隔板02,1046,372,1,竖纹,1,1,1,1,非门板
250704-989,朗力,	7520422646080,,水仙苑72号,1楼书柜,18,欧松板,非高光板,TB9826同步,1楼书柜_柜A_灯带100居后01,1046,372,1,竖纹,1,1,1,1,非门板
250704-989,朗力,	7520422646172,,水仙苑72号,1楼书柜,18,欧松板,非高光板,TB9826同步,1楼书柜_柜A_背板01,1046,345,1,横纹,1,1,1,1,非门板
250704-989,朗力,	7520422646370,,水仙苑72号,1楼书柜,18,欧松板,非高光板,TB9826同步,1楼书柜_柜A_拉条02,1046,60,1,横纹,1,1,1,1,非门板
250704-989,朗力,	7520422646394,,水仙苑72号,1楼书柜,18,欧松板,非高光板,TB9826同步,1楼书柜_柜A_拉条01,1046,280,1,横纹,1,1,1,1,非门板
250704-989,朗力,	7521946508403,,水仙苑72号,1楼书柜,18,欧松板,非高光板,TB9826同步,1楼书柜_柜A_背板04,528,1046,1,竖纹,1,1,1,1,非门板
250704-989,朗力,	7520422648626,,水仙苑72号,1楼书柜,18,欧松板,非高光板,TB9826同步,1楼书柜_柜B_左立板01,2700,372,1,竖纹,1,1,1,1,非门板
250704-989,朗力,	7520422648657,,水仙苑72号,1楼书柜,18,欧松板,非高光板,TB9826同步,1楼书柜_柜B_右立板01,2700,372,1,竖纹,1,1,1,1,非门板
250704-989,朗力,	7520422648817,,水仙苑72号,1楼书柜,18,欧松板,非高光板,TB9826同步,1楼书柜_柜B_踢脚线01_踢脚线隔条01,60,305,1,无纹理,1,1,1,1,非门板
250704-989,朗力,	7520422648824,,水仙苑72号,1楼书柜,18,欧松板,非高光板,TB9826同步,1楼书柜_柜B_踢脚线01_踢脚线前挡板01,1046,60,1,横纹,1,1,1,1,非门板
250704-989,朗力,	7520422648831,,水仙苑72号,1楼书柜,18,欧松板,非高光板,TB9826同步,1楼书柜_柜B_踢脚线01_踢脚线后挡板01,60,1046,1,无纹理,1,1,1,1,非门板
250704-989,朗力,	7520422648794,,水仙苑72号,1楼书柜,18,欧松板,非高光板,TB9826同步,1楼书柜_柜B_底板01,1046,372,1,竖纹,1,1,1,1,非门板
250704-989,朗力,	7520422648961,,水仙苑72号,1楼书柜,18,欧松板,非高光板,TB9826同步,1楼书柜_柜B_背板01,797,1046,1,竖纹,1,1,1,1,非门板
250704-989,朗力,	7520422649227,,水仙苑72号,1楼书柜,18,欧松板,非高光板,TB9826同步,1楼书柜_柜B_灯带100居后01,1046,372,1,竖纹,1,1,1,1,非门板
250704-989,朗力,	7520422649432,,水仙苑72号,1楼书柜,18,欧松板,非高光板,TB9826同步,1楼书柜_柜B_横隔板05,1046,372,1,竖纹,1,1,1,1,非门板
250704-989,朗力,	7520422649487,,水仙苑72号,1楼书柜,18,欧松板,非高光板,TB9826同步,1楼书柜_柜B_横隔板03,1046,372,1,竖纹,1,1,1,1,非门板
250704-989,朗力,	7520422649920,,水仙苑72号,1楼书柜,18,欧松板,非高光板,TB9826同步,1楼书柜_柜B_灯带100居后02,1046,372,1,竖纹,1,1,1,1,非门板
250704-989,朗力,	7520422650599,,水仙苑72号,1楼书柜,18,欧松板,非高光板,TB9826同步,1楼书柜_柜B_背板03,1046,545,1,横纹,1,1,1,1,非门板
250704-989,朗力,	7520422650612,,水仙苑72号,1楼书柜,18,欧松板,非高光板,TB9826同步,1楼书柜_柜B_背板02,1046,340,1,横纹,1,1,1,1,非门板
250704-989,朗力,	7520422650711,,水仙苑72号,1楼书柜,18,欧松板,非高光板,TB9826同步,1楼书柜_柜C_拿出来和加方管的层板比对01,2700,372,1,竖纹,1,1,1,1,非门板
250704-989,朗力,	7520422650728,,水仙苑72号,1楼书柜,18,欧松板,非高光板,TB9826同步,1楼书柜_柜C_拿出来和加方管的层板比对02,2700,372,1,竖纹,1,1,1,1,非门板
250704-989,朗力,	7520422650742,,水仙苑72号,1楼书柜,18,欧松板,非高光板,TB9826同步,1楼书柜_柜C_踢脚线01_踢脚线隔条01,60,305,1,无纹理,1,1,1,1,非门板
250704-989,朗力,	7520422650759,,水仙苑72号,1楼书柜,18,欧松板,非高光板,TB9826同步,1楼书柜_柜C_踢脚线01_踢脚线前挡板01,2669,60,1,横纹,1,1,1,1,非门板
250704-989,朗力,	7520422650766,,水仙苑72号,1楼书柜,18,欧松板,非高光板,TB9826同步,1楼书柜_柜C_踢脚线01_踢脚线后挡板01,60,2669,1,无纹理,1,1,1,1,非门板
250704-989,朗力,	7520422650773,,水仙苑72号,1楼书柜,18,欧松板,非高光板,TB9826同步,1楼书柜_柜C_底板01,2669,372,1,竖纹,1,1,1,1,非门板
250704-989,朗力,	7520422650810,,水仙苑72号,1楼书柜,18,欧松板,非高光板,TB9826同步,1楼书柜_柜C_灯带100居后ABA组合里面加方刚看图01,2669,372,1,竖纹,1,1,1,1,非门板
250704-989,朗力,	7520422650841,,水仙苑72号,1楼书柜,18,欧松板,非高光板,TB9826同步,1楼书柜_柜C_ABA组合里面加方刚看图02,2669,372,1,竖纹,1,1,1,1,非门板
250704-989,朗力,	7520422650858,,水仙苑72号,1楼书柜,18,欧松板,非高光板,TB9826同步,1楼书柜_柜C_ABA组合里面加方刚看图01,2669,372,1,竖纹,1,1,1,1,非门板
250704-989,朗力,	7520422650865,,水仙苑72号,1楼书柜,18,欧松板,非高光板,TB9826同步,1楼书柜_柜C_灯带100居后ABA组合里面加方刚看图02,2669,372,1,竖纹,1,1,1,1,非门板
250704-989,朗力,	7520422650872,,水仙苑72号,1楼书柜,18,欧松板,非高光板,TB9826同步,1楼书柜_柜C_背板06,2669,545,1,横纹,1,1,1,1,非门板
250704-989,朗力,	7520422650889,,水仙苑72号,1楼书柜,18,欧松板,非高光板,TB9826同步,1楼书柜_柜C_背板05,2669,340,1,横纹,1,1,1,1,非门板
250704-989,朗力,	7520422651145,,水仙苑72号,1楼书柜,18,欧松板,非高光板,TB9826同步,1楼书柜_柜C_竖隔板02,797,372,1,竖纹,1,1,1,1,非门板
250704-989,朗力,	7520422651237,,水仙苑72号,1楼书柜,18,欧松板,非高光板,TB9826同步,1楼书柜_柜C_竖隔板03,797,372,1,竖纹,1,1,1,1,非门板
250704-989,朗力,	7520422651411,,水仙苑72号,1楼书柜,18,欧松板,非高光板,TB9826同步,1楼书柜_柜C_背板02,797,641,1,竖纹,1,1,1,1,非门板
250704-989,朗力,	7520422651435,,水仙苑72号,1楼书柜,18,欧松板,非高光板,TB9826同步,1楼书柜_柜C_背板03,797,658,1,竖纹,1,1,1,1,非门板
250704-989,朗力,	7520422651572,,水仙苑72号,1楼书柜,18,欧松板,非高光板,TB9826同步,1楼书柜_柜C_背板04,1334,475,1,横纹,1,1,1,1,非门板
250704-989,朗力,	7520422651596,,水仙苑72号,1楼书柜,18,欧松板,非高光板,TB9826同步,1楼书柜_柜C_背板01,1334,297,1,横纹,1,1,1,1,非门板
250704-989,朗力,	7520422651626,,水仙苑72号,1楼书柜,18,欧松板,非高光板,TB9826同步,1楼书柜_柜C_竖隔板01,297,354,1,竖纹,1,1,1,1,非门板
250704-989,朗力,	7520422652135,,水仙苑72号,1楼书柜,18,欧松板,非高光板,TB9826同步,1楼书柜_柜C_抽屉01_抽盒前板01,600,219,1,横纹,1,1,1,1,非门板
250704-989,朗力,	7520422652142,,水仙苑72号,1楼书柜,18,欧松板,非高光板,TB9826同步,1楼书柜_柜C_抽屉01_抽屉右板01,290,247,1,横纹,1,1,1,1,非门板
250704-989,朗力,	7520422652159,,水仙苑72号,1楼书柜,18,欧松板,非高光板,TB9826同步,1楼书柜_柜C_抽屉01_抽屉左板01,290,247,1,横纹,1,1,1,1,非门板
250704-989,朗力,	7520422652166,,水仙苑72号,1楼书柜,18,欧松板,非高光板,TB9826同步,1楼书柜_柜C_抽屉01_抽屉后板01,600,219,1,横纹,1,1,1,1,非门板
250704-989,朗力,	7520422652104,,水仙苑72号,1楼书柜,18,欧松板,非高光板,TB9826同步,1楼书柜_柜C_抽屉01_抽屉底板01,600,290,1,竖纹,1,1,1,1,非门板
250704-989,朗力,	7520422652203,,水仙苑72号,1楼书柜,18,欧松板,非高光板,TB9826同步,1楼书柜_柜C_抽屉02_抽盒前板01,618,219,1,横纹,1,1,1,1,非门板
250704-989,朗力,	7520422652210,,水仙苑72号,1楼书柜,18,欧松板,非高光板,TB9826同步,1楼书柜_柜C_抽屉02_抽屉右板01,290,247,1,横纹,1,1,1,1,非门板
250704-989,朗力,	7520422652227,,水仙苑72号,1楼书柜,18,欧松板,非高光板,TB9826同步,1楼书柜_柜C_抽屉02_抽屉左板01,290,247,1,横纹,1,1,1,1,非门板
250704-989,朗力,	7520422652234,,水仙苑72号,1楼书柜,18,欧松板,非高光板,TB9826同步,1楼书柜_柜C_抽屉02_抽屉后板01,618,219,1,横纹,1,1,1,1,非门板
250704-989,朗力,	7520422652173,,水仙苑72号,1楼书柜,18,欧松板,非高光板,TB9826同步,1楼书柜_柜C_抽屉02_抽屉底板01,618,290,1,竖纹,1,1,1,1,非门板
250704-989,朗力,	7520422652418,,水仙苑72号,1楼书柜,18,欧松板,非高光板,TB9826同步,1楼书柜_柜C_抽屉03_抽盒前板01,609,219,1,横纹,1,1,1,1,非门板
250704-989,朗力,	7520422652425,,水仙苑72号,1楼书柜,18,欧松板,非高光板,TB9826同步,1楼书柜_柜C_抽屉03_抽屉右板01,290,247,1,横纹,1,1,1,1,非门板
250704-989,朗力,	7520422652432,,水仙苑72号,1楼书柜,18,欧松板,非高光板,TB9826同步,1楼书柜_柜C_抽屉03_抽屉左板01,290,247,1,横纹,1,1,1,1,非门板
250704-989,朗力,	7520422652449,,水仙苑72号,1楼书柜,18,欧松板,非高光板,TB9826同步,1楼书柜_柜C_抽屉03_抽屉后板01,609,219,1,横纹,1,1,1,1,非门板
250704-989,朗力,	7520422652388,,水仙苑72号,1楼书柜,18,欧松板,非高光板,TB9826同步,1楼书柜_柜C_抽屉03_抽屉底板01,609,290,1,竖纹,1,1,1,1,非门板
250704-989,朗力,	7520422657420,,水仙苑72号,1楼书柜,18,欧松板,非高光板,TB9826同步,1楼书柜_柜C_收口条01_L收口辅板01,2700,70,1,无纹理,1,1,1,1,非门板
250704-989,朗力,	7520422658243,,水仙苑72号,1楼餐边柜,18,欧松板,非高光板,TB9826同步,1楼餐边柜_地柜A_柜门01_左开22厚度15边框骨骼门01_左开,823,341,1,竖纹,1,1,1,1,门板
250704-989,朗力,	7520422658274,,水仙苑72号,1楼餐边柜,18,欧松板,非高光板,TB9826同步,1楼餐边柜_地柜A_柜门01_右开22厚度15边框骨骼门01_右开,823,341,1,竖纹,1,1,1,1,门板
250704-989,朗力,	7520422658311,,水仙苑72号,1楼餐边柜,18,欧松板,非高光板,TB9826同步,1楼餐边柜_地柜A_柜门02_右开22厚度15边框骨骼门01_右开,823,341,1,竖纹,1,1,1,1,门板
250704-989,朗力,	7520422658724,,水仙苑72号,1楼餐边柜,18,欧松板,非高光板,TB9826同步,1楼餐边柜_地柜A_收口条01_侧收口01,835,400,1,竖纹,1,1,1,1,非门板
250704-989,朗力,	7520422658700,,水仙苑72号,1楼餐边柜,18,欧松板,非高光板,TB9826同步,1楼餐边柜_地柜A_收口条02_侧收口01,835,70,1,竖纹,1,1,1,1,非门板
250704-989,朗力,	7520422661144,,水仙苑72号,1楼餐边柜,18,欧松板,非高光板,TB9826同步,1楼餐边柜_地柜B_灯带50居前01,1068,280,1,竖纹,1,1,1,1,非门板
250704-989,朗力,	7520422663360,,水仙苑72号,2楼北卧床尾柜,18,欧松板,非高光板,TB9826同步,2楼北卧床尾柜_柜A_柜门01_左开拉直器27厚度编制门01_左开,2338,467.5,1,竖纹,1,1,1,1,门板
250704-989,朗力,	7520422663391,,水仙苑72号,2楼北卧床尾柜,18,欧松板,非高光板,TB9826同步,2楼北卧床尾柜_柜A_柜门01_右开拉直器27厚度编制门01_右开,2338,467.5,1,竖纹,1,1,1,1,门板
250704-989,朗力,	7520422663438,,水仙苑72号,2楼北卧床尾柜,18,欧松板,非高光板,TB9826同步,2楼北卧床尾柜_柜A_柜门02_左开拉直器22厚度15边框骨骼门01_左开,2338,470,1,竖纹,1,1,1,1,门板
250704-989,朗力,	7520422663469,,水仙苑72号,2楼北卧床尾柜,18,欧松板,非高光板,TB9826同步,2楼北卧床尾柜_柜A_柜门02_右开拉直器22厚度15边框骨骼门01_右开,2338,470,1,竖纹,1,1,1,1,门板
250704-989,朗力,	7520422663506,,水仙苑72号,2楼北卧床尾柜,18,欧松板,非高光板,TB9826同步,2楼北卧床尾柜_柜A_柜门03_右开拉直器22厚度15边框骨骼门01_右开,2338,468,1,竖纹,1,1,1,1,门板
250704-989,朗力,	7520422666743,,水仙苑72号,一楼西厨,18,欧松板,非高光板,TB9826同步,一楼西厨_地柜A_柜门01_左开22厚度15边框骨骼门01_左开,823,468,1,竖纹,1,1,1,1,门板
250704-989,朗力,	7520422666774,,水仙苑72号,一楼西厨,18,欧松板,非高光板,TB9826同步,一楼西厨_地柜A_柜门01_右开22厚度15边框骨骼门01_右开,823,468,1,竖纹,1,1,1,1,门板
250704-989,朗力,	7520422667603,,水仙苑72号,一楼西厨,18,欧松板,非高光板,TB9826同步,一楼西厨_地柜B_抽屉03_22厚度15边框骨骼抽面01,272.5,939,1,竖纹,1,1,1,1,非门板
250704-989,朗力,	7520422667672,,水仙苑72号,一楼西厨,18,欧松板,非高光板,TB9826同步,一楼西厨_地柜B_抽屉02_22厚度15边框骨骼抽面01,272.5,939,1,竖纹,1,1,1,1,非门板
250704-989,朗力,	7520422667740,,水仙苑72号,一楼西厨,18,欧松板,非高光板,TB9826同步,一楼西厨_地柜B_抽屉01_22厚度15边框骨骼抽面01,272.5,939,1,竖纹,1,1,1,1,非门板
250704-989,朗力,	7521087825148,,水仙苑72号,一楼西厨,18,欧松板,非高光板,TB9826同步,一楼西厨_地柜C_柜门02_左开22厚度骨骼这块门板特殊不一样开孔问我01_左开,823,491,1,竖纹,1,1,1,1,门板
250704-989,朗力,	7521087825223,,水仙苑72号,一楼西厨,18,欧松板,非高光板,TB9826同步,一楼西厨_地柜C_柜门01_右开22厚度骨骼门15边框01_右开,823,488,1,竖纹,1,1,1,1,门板
250704-989,朗力,	7521087827869,,水仙苑72号,一楼厨房岛台,18,欧松板,非高光板,TB9826同步,一楼厨房岛台_地柜A_收口条01_侧收口01,935,880,1,竖纹,1,1,1,1,非门板
250704-989,朗力,	7521087827883,,水仙苑72号,一楼厨房岛台,18,欧松板,非高光板,TB9826同步,一楼厨房岛台_地柜A_收口条02_侧收口01,935,880,1,竖纹,1,1,1,1,非门板
250704-989,朗力,	7521087828033,,水仙苑72号,一楼厨房岛台,18,欧松板,非高光板,TB9826同步,一楼厨房岛台_地柜A_柜门01_左开22厚度骨骼门15边框01_左开,923,469,1,竖纹,1,1,1,1,门板
250704-989,朗力,	7521087828064,,水仙苑72号,一楼厨房岛台,18,欧松板,非高光板,TB9826同步,一楼厨房岛台_地柜A_柜门01_右开22厚度骨骼门15边框01_右开,923,469,1,竖纹,1,1,1,1,门板
250704-989,朗力,	7521087828286,,水仙苑72号,一楼厨房岛台,18,欧松板,非高光板,TB9826同步,一楼厨房岛台_地柜A_抽屉03_抽面22厚度骨骼15边框01,257,940,1,竖纹,1,1,1,1,非门板
250704-989,朗力,	7521087828378,,水仙苑72号,一楼厨房岛台,18,欧松板,非高光板,TB9826同步,一楼厨房岛台_地柜A_抽屉02_抽面22厚度骨骼15边框01,257,940,1,竖纹,1,1,1,1,非门板
250704-989,朗力,	7521087828460,,水仙苑72号,一楼厨房岛台,18,欧松板,非高光板,TB9826同步,一楼厨房岛台_地柜A_抽屉01_抽面22厚度骨骼15边框01,404,940,1,竖纹,1,1,1,1,非门板
250704-989,朗力,	7521087831996,,水仙苑72号,一楼厨房,18,欧松板,非高光板,TB9826同步,一楼厨房_地柜D_柜门01_抽面22厚度骨骼15边框01_左开,371,797,1,竖纹,1,1,1,1,门板
250704-989,朗力,	7521087831958,,水仙苑72号,一楼厨房,18,欧松板,非高光板,TB9826同步,一楼厨房_地柜D_柜门03_抽面22厚度骨骼15边框01_左开,371,797,1,竖纹,1,1,1,1,门板
250704-989,朗力,	7521087832504,,水仙苑72号,一楼厨房,18,欧松板,非高光板,TB9826同步,一楼厨房_地柜D_抽屉01_抽面22厚度骨骼15边框01,249,797,1,竖纹,1,1,1,1,非门板
250704-989,朗力,	7521087833020,,水仙苑72号,一楼厨房,18,欧松板,非高光板,TB9826同步,一楼厨房_地柜D_柜门02_拉篮抽面22厚度骨骼15边框01_右开,744,332,1,竖纹,1,1,1,1,门板
250704-989,朗力,	7521087834867,,水仙苑72号,一楼厨房,18,欧松板,非高光板,TB9826同步,一楼厨房_地柜B_柜门01_右开22厚度15边框骨骼门01_右开,744,230,1,竖纹,1,1,1,1,门板
250704-989,朗力,	7521087836212,,水仙苑72号,一楼厨房,18,欧松板,非高光板,TB9826同步,一楼厨房_地柜C_柜门01_左开22厚度骨骼15边框01_左开,744,492,1,竖纹,1,1,1,1,门板
250704-989,朗力,	7521087836243,,水仙苑72号,一楼厨房,18,欧松板,非高光板,TB9826同步,一楼厨房_地柜C_柜门01_右开22厚度骨骼15边框01_右开,744,492,1,竖纹,1,1,1,1,门板
250704-989,朗力,	7521087838094,,水仙苑72号,一楼厨房,18,欧松板,非高光板,TB9826同步,一楼厨房_地柜A_柜门01_左开22厚度骨骼15边框01_左开,744,403,1,竖纹,1,1,1,1,门板
250704-989,朗力,	7521087838124,,水仙苑72号,一楼厨房,18,欧松板,非高光板,TB9826同步,一楼厨房_地柜A_柜门01_右开22厚度骨骼15边框01_右开,744,403,1,竖纹,1,1,1,1,门板
250704-989,朗力,	7521087838384,,水仙苑72号,一楼厨房,18,欧松板,非高光板,TB9826同步,一楼厨房_地柜A_抽屉03_抽面22厚度骨骼15边框01,157,403,1,竖纹,1,1,1,1,非门板
250704-989,朗力,	7521087838490,,水仙苑72号,一楼厨房,18,欧松板,非高光板,TB9826同步,一楼厨房_地柜A_抽屉02_抽面22厚度骨骼15边框01,291,403,1,竖纹,1,1,1,1,非门板
250704-989,朗力,	7521087838612,,水仙苑72号,一楼厨房,18,欧松板,非高光板,TB9826同步,一楼厨房_地柜A_抽屉01_抽面22厚度骨骼15边框01,291,403,1,竖纹,1,1,1,1,非门板
250704-989,朗力,	7521087840608,,水仙苑72号,一楼厨房,18,欧松板,非高光板,TB9826同步,一楼厨房_圆弧_圆弧_圆弧异形板件3,746,498.81,1,竖纹,1,1,1,1,非门板
250704-989,朗力,	7521087840219,,水仙苑72号,一楼厨房,18,欧松板,非高光板,TB9826同步,一楼厨房_圆弧_顶板01,64,398,1,竖纹,0,0,1,0,非门板
250704-989,朗力,	7521087840226,,水仙苑72号,一楼厨房,18,欧松板,非高光板,TB9826同步,一楼厨房_圆弧_底板01,64,398,1,竖纹,0,0,1,0,非门板
250704-989,朗力,	7521087840295,,水仙苑72号,一楼厨房,18,欧松板,非高光板,TB9826同步,一楼厨房_圆弧_竖隔板01,746,82,1,竖纹,1,1,1,1,非门板
250704-989,朗力,	7521087840301,,水仙苑72号,一楼厨房,18,欧松板,非高光板,TB9826同步,一楼厨房_圆弧_左立板01,746,70,1,竖纹,1,1,1,1,非门板
250704-989,朗力,	7521087840622,,水仙苑72号,一楼厨房,18,欧松板,非高光板,TB9826同步,一楼厨房_圆弧_左立板02,746,70,1,竖纹,1,1,1,1,非门板
250704-989,朗力,	7521087840769,,水仙苑72号,一楼厨房,18,欧松板,非高光板,TB9826同步,一楼厨房_圆弧_横隔板02,64,398,1,竖纹,0,0,1,0,非门板
250704-989,朗力,	7521087840813,,水仙苑72号,一楼厨房,18,欧松板,非高光板,TB9826同步,一楼厨房_圆弧_横隔板01,64,398,1,竖纹,0,0,1,0,非门板
250704-989,朗力,	7521087847553,,水仙苑72号,2楼北卧衣柜,18,欧松板,非高光板,TB9826同步,2楼北卧衣柜_柜A_右立板01,2318,540,1,竖纹,1,1,1,1,非门板
250704-989,朗力,	7521087847584,,水仙苑72号,2楼北卧衣柜,18,欧松板,非高光板,TB9826同步,2楼北卧衣柜_柜A_中立板06,2318,540,1,竖纹,1,1,1,1,非门板
250704-989,朗力,	7521087847997,,水仙苑72号,2楼北卧衣柜,18,欧松板,非高光板,TB9826同步,2楼北卧衣柜_柜A_顶板01,383,540,1,竖纹,1,1,1,1,非门板
250704-989,朗力,	7521087848338,,水仙苑72号,2楼北卧衣柜,18,欧松板,非高光板,TB9826同步,2楼北卧衣柜_柜A_踢脚线04_踢脚线前挡板01,472,60,1,横纹,1,1,1,1,非门板
250704-989,朗力,	7521087848345,,水仙苑72号,2楼北卧衣柜,18,欧松板,非高光板,TB9826同步,2楼北卧衣柜_柜A_踢脚线04_踢脚线后挡板01,472,60,1,横纹,1,1,1,1,非门板
250704-989,朗力,	7521087848314,,水仙苑72号,2楼北卧衣柜,18,欧松板,非高光板,TB9826同步,2楼北卧衣柜_柜A_底板04,472,540,1,竖纹,1,1,1,1,非门板
250704-989,朗力,	7521087849243,,水仙苑72号,2楼北卧衣柜,18,欧松板,非高光板,TB9826同步,2楼北卧衣柜_柜A_背板04,2240,472,1,竖纹,1,1,1,1,非门板
250704-989,朗力,	7521087849274,,水仙苑72号,2楼北卧衣柜,18,欧松板,非高光板,TB9826同步,2楼北卧衣柜_柜A_活动层板02,471,522,1,竖纹,1,1,1,1,非门板
250704-989,朗力,	7521087849458,,水仙苑72号,2楼北卧衣柜,18,欧松板,非高光板,TB9826同步,2楼北卧衣柜_柜A_左立板02,1718,540,1,竖纹,1,1,1,1,非门板
250704-989,朗力,	7521087849519,,水仙苑72号,2楼北卧衣柜,18,欧松板,非高光板,TB9826同步,2楼北卧衣柜_柜A_竖隔板02,1718,540,1,竖纹,1,1,1,1,非门板
250704-989,朗力,	7521087849793,,水仙苑72号,2楼北卧衣柜,18,欧松板,非高光板,TB9826同步,2楼北卧衣柜_柜A_背板05,1700,383,1,竖纹,1,1,1,1,非门板
250704-989,朗力,	7521087850379,,水仙苑72号,2楼北卧衣柜,18,欧松板,非高光板,TB9826同步,2楼北卧衣柜_柜A_横隔板02,472,522,1,竖纹,1,1,1,1,非门板
250704-989,朗力,	7521087850867,,水仙苑72号,2楼北卧衣柜,18,欧松板,非高光板,TB9826同步,2楼北卧衣柜_柜A_灯带260居前01,383,522,1,竖纹,1,1,1,1,非门板
250704-989,朗力,	7521087850935,,水仙苑72号,2楼北卧衣柜,18,欧松板,非高光板,TB9826同步,2楼北卧衣柜_柜A_灯带260居前02,383,522,1,竖纹,1,1,1,1,非门板
250704-989,朗力,	7521087851024,,水仙苑72号,2楼北卧衣柜,18,欧松板,非高光板,TB9826同步,2楼北卧衣柜_柜A_横隔板08,383,522,1,竖纹,1,1,1,1,非门板
250704-989,朗力,	7521087851116,,水仙苑72号,2楼北卧衣柜,18,欧松板,非高光板,TB9826同步,2楼北卧衣柜_柜A_横隔板05,383,522,1,竖纹,1,1,1,1,非门板
250704-989,朗力,	7521087851420,,水仙苑72号,2楼北卧衣柜,18,欧松板,非高光板,TB9826同步,2楼北卧衣柜_柜A_活动层板01,471,520,1,竖纹,1,1,1,1,非门板
250704-989,朗力,	7521087852830,,水仙苑72号,2楼北卧衣柜,18,欧松板,非高光板,TB9826同步,2楼北卧衣柜_柜A_抽屉02_抽盒前板01,423,160,1,横纹,1,1,1,1,非门板
250704-989,朗力,	7521087852847,,水仙苑72号,2楼北卧衣柜,18,欧松板,非高光板,TB9826同步,2楼北卧衣柜_柜A_抽屉02_抽屉右板01,440,188,1,横纹,1,1,1,1,非门板
250704-989,朗力,	7521087852854,,水仙苑72号,2楼北卧衣柜,18,欧松板,非高光板,TB9826同步,2楼北卧衣柜_柜A_抽屉02_抽屉左板01,440,188,1,横纹,1,1,1,1,非门板
250704-989,朗力,	7521087852861,,水仙苑72号,2楼北卧衣柜,18,欧松板,非高光板,TB9826同步,2楼北卧衣柜_柜A_抽屉02_抽屉后板01,423,160,1,横纹,1,1,1,1,非门板
250704-989,朗力,	7521087852809,,水仙苑72号,2楼北卧衣柜,18,欧松板,非高光板,TB9826同步,2楼北卧衣柜_柜A_抽屉02_抽屉底板01,423,440,1,竖纹,1,1,1,1,非门板
250704-989,朗力,	7521087852908,,水仙苑72号,2楼北卧衣柜,18,欧松板,非高光板,TB9826同步,2楼北卧衣柜_柜A_抽屉01_抽盒前板01,423,122,1,横纹,1,1,1,1,非门板
250704-989,朗力,	7521087852915,,水仙苑72号,2楼北卧衣柜,18,欧松板,非高光板,TB9826同步,2楼北卧衣柜_柜A_抽屉01_抽屉右板01,440,150,1,横纹,1,1,1,1,非门板
250704-989,朗力,	7521087852922,,水仙苑72号,2楼北卧衣柜,18,欧松板,非高光板,TB9826同步,2楼北卧衣柜_柜A_抽屉01_抽屉左板01,440,150,1,横纹,1,1,1,1,非门板
250704-989,朗力,	7521087852939,,水仙苑72号,2楼北卧衣柜,18,欧松板,非高光板,TB9826同步,2楼北卧衣柜_柜A_抽屉01_抽屉后板01,423,122,1,横纹,1,1,1,1,非门板
250704-989,朗力,	7521087852878,,水仙苑72号,2楼北卧衣柜,18,欧松板,非高光板,TB9826同步,2楼北卧衣柜_柜A_抽屉01_抽屉底板01,423,440,1,竖纹,1,1,1,1,非门板
250704-989,朗力,	7521946505839,,水仙苑72号,2楼北卧衣柜,18,欧松板,非高光板,TB9826同步,2楼北卧衣柜_柜A_收口条06_L收口辅板01,508,70,1,无纹理,1,1,1,1,非门板
250704-989,朗力,	7521946505846,,水仙苑72号,2楼北卧衣柜,18,欧松板,非高光板,TB9826同步,2楼北卧衣柜_柜A_收口条06_L收口面板01,508,40,1,横纹,1,1,1,1,非门板
250704-989,朗力,	7521087856128,,水仙苑72号,2楼北卧衣柜,18,欧松板,非高光板,TB9826同步,2楼北卧衣柜_地柜A_顶板01,1063,449,1,竖纹,1,1,1,1,非门板
250704-989,朗力,	7521087856159,,水仙苑72号,2楼北卧衣柜,18,欧松板,非高光板,TB9826同步,2楼北卧衣柜_地柜A_左立板01,182,429,1,竖纹,1,1,1,1,非门板
250704-989,朗力,	7521087856197,,水仙苑72号,2楼北卧衣柜,18,欧松板,非高光板,TB9826同步,2楼北卧衣柜_地柜A_中立板01,182,429,1,竖纹,1,1,1,1,非门板
250704-989,朗力,	7521087856258,,水仙苑72号,2楼北卧衣柜,18,欧松板,非高光板,TB9826同步,2楼北卧衣柜_地柜A_底板01,1007,429,1,竖纹,1,1,1,1,非门板
250704-989,朗力,	7521087856296,,水仙苑72号,2楼北卧衣柜,18,欧松板,非高光板,TB9826同步,2楼北卧衣柜_地柜A_背板01,164,1007,1,竖纹,1,1,1,1,非门板
250704-989,朗力,	7521087856739,,水仙苑72号,2楼北卧衣柜,18,欧松板,非高光板,TB9826同步,2楼北卧衣柜_地柜A_中立板02,164,391,1,竖纹,1,1,1,1,非门板
250704-989,朗力,	7521087856838,,水仙苑72号,2楼北卧衣柜,18,欧松板,非高光板,TB9826同步,2楼北卧衣柜_地柜A_抽屉01_抽屉面板01,180.5,468,1,竖纹,1,1,1,1,非门板
250704-989,朗力,	7521087856845,,水仙苑72号,2楼北卧衣柜,18,欧松板,非高光板,TB9826同步,2楼北卧衣柜_地柜A_抽屉01_抽盒前板01,394,96,1,横纹,1,1,1,1,非门板
250704-989,朗力,	7521087856852,,水仙苑72号,2楼北卧衣柜,18,欧松板,非高光板,TB9826同步,2楼北卧衣柜_地柜A_抽屉01_抽屉右板01,340,124,1,横纹,1,1,1,1,非门板
250704-989,朗力,	7521087856869,,水仙苑72号,2楼北卧衣柜,18,欧松板,非高光板,TB9826同步,2楼北卧衣柜_地柜A_抽屉01_抽屉左板01,340,124,1,横纹,1,1,1,1,非门板
250704-989,朗力,	7521087856876,,水仙苑72号,2楼北卧衣柜,18,欧松板,非高光板,TB9826同步,2楼北卧衣柜_地柜A_抽屉01_抽屉后板01,394,96,1,横纹,1,1,1,1,非门板
250704-989,朗力,	7521087856814,,水仙苑72号,2楼北卧衣柜,18,欧松板,非高光板,TB9826同步,2楼北卧衣柜_地柜A_抽屉01_抽屉底板01,394,340,1,竖纹,1,1,1,1,非门板
250704-989,朗力,	7521087857088,,水仙苑72号,2楼北卧衣柜,18,欧松板,非高光板,TB9826同步,2楼北卧衣柜_地柜A_竖隔板01,182,573,1,竖纹,1,1,1,1,非门板
250704-989,朗力,	7521087868220,,水仙苑72号,二楼南卧书柜,18,欧松板,非高光板,TB9826同步,二楼南卧书柜_柜A_灯带130居前01,469,279,1,竖纹,1,1,1,1,非门板
250704-989,朗力,	7521087868923,,水仙苑72号,二楼南卧书柜,18,欧松板,非高光板,TB9826同步,二楼南卧书柜_柜A_灯带130居前04,469,281,1,竖纹,1,1,1,1,非门板
250704-989,朗力,	7521087869005,,水仙苑72号,二楼南卧书柜,18,欧松板,非高光板,TB9826同步,二楼南卧书柜_柜A_灯带130居前03,469,281,1,竖纹,1,1,1,1,非门板
250704-989,朗力,	7521087869098,,水仙苑72号,二楼南卧书柜,18,欧松板,非高光板,TB9826同步,二楼南卧书柜_柜A_灯带130居前02,469,281,1,竖纹,1,1,1,1,非门板
250704-989,朗力,	7521087869180,,水仙苑72号,二楼南卧书柜,18,欧松板,非高光板,TB9826同步,二楼南卧书柜_柜A_横隔板02,469,261,1,竖纹,1,1,1,1,非门板
250704-989,朗力,	7521087869272,,水仙苑72号,二楼南卧书柜,18,欧松板,非高光板,TB9826同步,二楼南卧书柜_柜A_横隔板01,469,261,1,竖纹,1,1,1,1,非门板
250704-989,朗力,	7521087869685,,水仙苑72号,二楼南卧书柜,18,欧松板,非高光板,TB9826同步,二楼南卧书柜_柜A_柜门03_单开门01_左开,740,465,1,竖纹,1,1,1,1,门板
250704-989,朗力,	7521087873910,,水仙苑72号,二楼南卧书柜,18,欧松板,非高光板,TB9826同步,二楼南卧书柜_地柜A_顶板01,1755,710,1,竖纹,1,1,1,1,非门板
250704-989,朗力,	7521087875785,,水仙苑72号,二楼南卧床头背景衣柜,18,欧松板,非高光板,TB9826同步,二楼南卧床头背景衣柜_地柜A_竖隔板05,1370,1100,1,横纹,1,1,1,1,非门板
250704-989,朗力,	7521087875822,,水仙苑72号,二楼南卧床头背景衣柜,18,欧松板,非高光板,TB9826同步,二楼南卧床头背景衣柜_地柜A_竖隔板06,1510,1100,1,横纹,1,1,1,1,非门板
250704-989,朗力,	7521087875877,,水仙苑72号,二楼南卧床头背景衣柜,18,欧松板,非高光板,TB9826同步,二楼南卧床头背景衣柜_地柜A_竖隔板07,2000,1100,1,横纹,1,1,1,1,非门板
250704-989,朗力,	7521087877871,,水仙苑72号,二楼南卧床头背景衣柜,18,欧松板,非高光板,TB9826同步,二楼南卧床头背景衣柜_柜B_右立板01,2208,580,1,竖纹,1,1,1,1,非门板
250704-989,朗力,	7521087877888,,水仙苑72号,二楼南卧床头背景衣柜,18,欧松板,非高光板,TB9826同步,二楼南卧床头背景衣柜_柜B_左立板01,2208,580,1,竖纹,1,1,1,1,非门板
250704-989,朗力,	7521087877895,,水仙苑72号,二楼南卧床头背景衣柜,18,欧松板,非高光板,TB9826同步,二楼南卧床头背景衣柜_柜B_灯带280居前02,776,580,1,竖纹,1,1,1,1,非门板
250704-989,朗力,	7521087877901,,水仙苑72号,二楼南卧床头背景衣柜,18,欧松板,非高光板,TB9826同步,二楼南卧床头背景衣柜_柜B_踢脚线01_踢脚线前挡板01,776,60,1,横纹,1,1,1,1,非门板
250704-989,朗力,	7521087877918,,水仙苑72号,二楼南卧床头背景衣柜,18,欧松板,非高光板,TB9826同步,二楼南卧床头背景衣柜_柜B_踢脚线01_踢脚线后挡板01,776,60,1,横纹,1,1,1,1,非门板
250704-989,朗力,	7521087877925,,水仙苑72号,二楼南卧床头背景衣柜,18,欧松板,非高光板,TB9826同步,二楼南卧床头背景衣柜_柜B_底板01,776,580,1,竖纹,1,1,1,1,非门板
250704-989,朗力,	7521087877932,,水仙苑72号,二楼南卧床头背景衣柜,18,欧松板,非高光板,TB9826同步,二楼南卧床头背景衣柜_柜B_背板01,2112,776,1,竖纹,1,1,1,1,非门板
250704-989,朗力,	7521087877949,,水仙苑72号,二楼南卧床头背景衣柜,18,欧松板,非高光板,TB9826同步,二楼南卧床头背景衣柜_柜B_横隔板01,776,492,1,竖纹,1,1,1,1,非门板
250704-989,朗力,	7521087877956,,水仙苑72号,二楼南卧床头背景衣柜,18,欧松板,非高光板,TB9826同步,二楼南卧床头背景衣柜_柜B_灯带280居前01,776,562,1,竖纹,1,1,1,1,非门板
250704-989,朗力,	7521087877963,,水仙苑72号,二楼南卧床头背景衣柜,18,欧松板,非高光板,TB9826同步,二楼南卧床头背景衣柜_柜B_收口条01_L收口辅板01,812,70,1,无纹理,1,1,1,1,非门板
250704-989,朗力,	7521087877970,,水仙苑72号,二楼南卧床头背景衣柜,18,欧松板,非高光板,TB9826同步,二楼南卧床头背景衣柜_柜B_收口条01_L收口面板01,812,40,1,横纹,1,1,1,1,非门板
250704-989,朗力,	7521087878991,,水仙苑72号,二楼南卧床头背景衣柜,18,欧松板,非高光板,TB9826同步,二楼南卧床头背景衣柜_柜B_灯带190居前01,776,464,1,竖纹,1,1,1,1,非门板
250704-989,朗力,	7521087879264,,水仙苑72号,二楼南卧床头背景衣柜,18,欧松板,非高光板,TB9826同步,二楼南卧床头背景衣柜_柜B_抽屉02_抽面一长J型通体01,693,216,1,横纹,1,1,1,1,非门板
250704-989,朗力,	7521087879271,,水仙苑72号,二楼南卧床头背景衣柜,18,欧松板,非高光板,TB9826同步,二楼南卧床头背景衣柜_柜B_抽屉02_抽盒前板01,647,141,1,横纹,1,1,1,1,非门板
250704-989,朗力,	7521087879288,,水仙苑72号,二楼南卧床头背景衣柜,18,欧松板,非高光板,TB9826同步,二楼南卧床头背景衣柜_柜B_抽屉02_抽屉右板01,390,169,1,横纹,1,1,1,1,非门板
250704-989,朗力,	7521087879295,,水仙苑72号,二楼南卧床头背景衣柜,18,欧松板,非高光板,TB9826同步,二楼南卧床头背景衣柜_柜B_抽屉02_抽屉左板01,390,169,1,横纹,1,1,1,1,非门板
250704-989,朗力,	7521087879301,,水仙苑72号,二楼南卧床头背景衣柜,18,欧松板,非高光板,TB9826同步,二楼南卧床头背景衣柜_柜B_抽屉02_抽屉后板01,647,141,1,横纹,1,1,1,1,非门板
250704-989,朗力,	7521087879240,,水仙苑72号,二楼南卧床头背景衣柜,18,欧松板,非高光板,TB9826同步,二楼南卧床头背景衣柜_柜B_抽屉02_抽屉底板01,647,390,1,竖纹,1,1,1,1,非门板
250704-989,朗力,	7521087879417,,水仙苑72号,二楼南卧床头背景衣柜,18,欧松板,非高光板,TB9826同步,二楼南卧床头背景衣柜_柜B_抽屉01_抽面一长J型通体01,693,216,1,横纹,1,1,1,1,非门板
250704-989,朗力,	7521087879424,,水仙苑72号,二楼南卧床头背景衣柜,18,欧松板,非高光板,TB9826同步,二楼南卧床头背景衣柜_柜B_抽屉01_抽盒前板01,647,123,1,横纹,1,1,1,1,非门板
250704-989,朗力,	7521087879431,,水仙苑72号,二楼南卧床头背景衣柜,18,欧松板,非高光板,TB9826同步,二楼南卧床头背景衣柜_柜B_抽屉01_抽屉右板01,390,151,1,横纹,1,1,1,1,非门板
250704-989,朗力,	7521087879448,,水仙苑72号,二楼南卧床头背景衣柜,18,欧松板,非高光板,TB9826同步,二楼南卧床头背景衣柜_柜B_抽屉01_抽屉左板01,390,151,1,横纹,1,1,1,1,非门板
250704-989,朗力,	7521087879455,,水仙苑72号,二楼南卧床头背景衣柜,18,欧松板,非高光板,TB9826同步,二楼南卧床头背景衣柜_柜B_抽屉01_抽屉后板01,647,123,1,横纹,1,1,1,1,非门板
250704-989,朗力,	7521087879394,,水仙苑72号,二楼南卧床头背景衣柜,18,欧松板,非高光板,TB9826同步,二楼南卧床头背景衣柜_柜B_抽屉01_抽屉底板01,647,390,1,竖纹,1,1,1,1,非门板
250704-989,朗力,	7521087879332,,水仙苑72号,二楼南卧床头背景衣柜,18,欧松板,非高光板,TB9826同步,二楼南卧床头背景衣柜_柜B_左避门01_竖隔板01,438,40,1,竖纹,1,1,1,1,非门板
250704-989,朗力,	7521087879349,,水仙苑72号,二楼南卧床头背景衣柜,18,欧松板,非高光板,TB9826同步,二楼南卧床头背景衣柜_柜B_左避门01_竖隔板02,420,40,1,无纹理,1,1,1,1,非门板
250704-989,朗力,	7521087879356,,水仙苑72号,二楼南卧床头背景衣柜,18,欧松板,非高光板,TB9826同步,二楼南卧床头背景衣柜_柜B_左避门01_右立板01,420,436,1,无纹理,1,1,1,1,非门板
250704-989,朗力,	7521087879363,,水仙苑72号,二楼南卧床头背景衣柜,18,欧松板,非高光板,TB9826同步,二楼南卧床头背景衣柜_柜B_右避门01_竖隔板01,438,40,1,竖纹,1,1,1,1,非门板
250704-989,朗力,	7521087879370,,水仙苑72号,二楼南卧床头背景衣柜,18,欧松板,非高光板,TB9826同步,二楼南卧床头背景衣柜_柜B_右避门01_竖隔板02,420,40,1,无纹理,1,1,1,1,非门板
250704-989,朗力,	7521087879387,,水仙苑72号,二楼南卧床头背景衣柜,18,欧松板,非高光板,TB9826同步,二楼南卧床头背景衣柜_柜B_右避门01_左立板01,420,436,1,无纹理,1,1,1,1,非门板
250704-989,朗力,	7521087891884,,水仙苑72号,三楼西南卧室衣柜,18,欧松板,非高光板,TB9826同步,三楼西南卧室衣柜_柜A_左立板01,2416,560,1,竖纹,1,1,1,1,非门板
250704-989,朗力,	7521087891914,,水仙苑72号,三楼西南卧室衣柜,18,欧松板,非高光板,TB9826同步,三楼西南卧室衣柜_柜A_右立板01,2376,420,1,竖纹,1,1,1,1,非门板
250704-989,朗力,	7521087891945,,水仙苑72号,三楼西南卧室衣柜,18,欧松板,非高光板,TB9826同步,三楼西南卧室衣柜_柜A_灯带190居前06,556,420,1,竖纹,1,1,1,1,非门板
250704-989,朗力,	7521087892010,,水仙苑72号,三楼西南卧室衣柜,18,欧松板,非高光板,TB9826同步,三楼西南卧室衣柜_柜A_踢脚线01_踢脚线前挡板01,556,50,1,横纹,1,1,1,1,非门板
250704-989,朗力,	7521087892027,,水仙苑72号,三楼西南卧室衣柜,18,欧松板,非高光板,TB9826同步,三楼西南卧室衣柜_柜A_踢脚线01_踢脚线后挡板01,50,556,1,无纹理,1,1,1,1,非门板
250704-989,朗力,	7521087891990,,水仙苑72号,三楼西南卧室衣柜,18,欧松板,非高光板,TB9826同步,三楼西南卧室衣柜_柜A_底板01,556,420,1,竖纹,1,1,1,1,非门板
250704-989,朗力,	7521087892041,,水仙苑72号,三楼西南卧室衣柜,18,欧松板,非高光板,TB9826同步,三楼西南卧室衣柜_柜A_背板01,2290,556,1,竖纹,1,1,1,1,非门板
250704-989,朗力,	7521087892256,,水仙苑72号,三楼西南卧室衣柜,18,欧松板,非高光板,TB9826同步,三楼西南卧室衣柜_柜A_灯带190居前05,556,400,1,竖纹,1,1,1,1,非门板
250704-989,朗力,	7521087892300,,水仙苑72号,三楼西南卧室衣柜,18,欧松板,非高光板,TB9826同步,三楼西南卧室衣柜_柜A_灯带190居前04,556,400,1,竖纹,1,1,1,1,非门板
250704-989,朗力,	7521087892355,,水仙苑72号,三楼西南卧室衣柜,18,欧松板,非高光板,TB9826同步,三楼西南卧室衣柜_柜A_灯带190居前03,556,400,1,竖纹,1,1,1,1,非门板
250704-989,朗力,	7521087892409,,水仙苑72号,三楼西南卧室衣柜,18,欧松板,非高光板,TB9826同步,三楼西南卧室衣柜_柜A_灯带190居前02,556,400,1,竖纹,1,1,1,1,非门板
250704-989,朗力,	7521087892454,,水仙苑72号,三楼西南卧室衣柜,18,欧松板,非高光板,TB9826同步,三楼西南卧室衣柜_柜A_灯带190居前01,556,400,1,竖纹,1,1,1,1,非门板
250704-989,朗力,	7521087893062,,水仙苑72号,三楼西南卧室衣柜,18,欧松板,非高光板,TB9826同步,三楼西南卧室衣柜_柜A_收口条01_L收口辅板01,574,70,1,无纹理,1,1,1,1,非门板
250704-989,朗力,	7521087893079,,水仙苑72号,三楼西南卧室衣柜,18,欧松板,非高光板,TB9826同步,三楼西南卧室衣柜_柜A_收口条01_L收口面板01,574,40,1,横纹,1,1,1,1,非门板
250704-989,朗力,	7521087893802,,水仙苑72号,三楼西南卧室衣柜,18,欧松板,非高光板,TB9826同步,三楼西南卧室衣柜_柜C_横隔板02,1016,100,1,竖纹,1,1,1,1,非门板
250704-989,朗力,	7521087894625,,水仙苑72号,三楼西南卧室衣柜,18,欧松板,非高光板,TB9826同步,三楼西南卧室衣柜_柜C_收口条01_侧收口01,2416,120,1,竖纹,1,1,1,1,非门板
250704-989,朗力,	7521946506621,,水仙苑72号,三楼西南卧室衣柜,18,欧松板,非高光板,TB9826同步,三楼西南卧室衣柜_柜C_横隔板03,1016,100,1,竖纹,1,1,1,1,非门板
250704-989,朗力,	7521087895387,,水仙苑72号,三楼西南卧室衣柜,18,欧松板,非高光板,TB9826同步,三楼西南卧室衣柜_柜E_横隔板02,1016,100,1,竖纹,1,1,1,1,非门板
250704-989,朗力,	7521087895486,,水仙苑72号,三楼西南卧室衣柜,18,欧松板,非高光板,TB9826同步,三楼西南卧室衣柜_柜E_收口条01_侧收口01,2416,120,1,竖纹,1,1,1,1,非门板
250704-989,朗力,	7521946506843,,水仙苑72号,三楼西南卧室衣柜,18,欧松板,非高光板,TB9826同步,三楼西南卧室衣柜_柜E_横隔板03,1016,100,1,竖纹,1,1,1,1,非门板
250704-989,朗力,	7521087895660,,水仙苑72号,三楼西南卧室衣柜,18,欧松板,非高光板,TB9826同步,三楼西南卧室衣柜_柜F_横隔板02,1016,100,1,竖纹,1,1,1,1,非门板
250704-989,朗力,	7521087895769,,水仙苑72号,三楼西南卧室衣柜,18,欧松板,非高光板,TB9826同步,三楼西南卧室衣柜_柜F_收口条01_侧收口01,2416,120,1,竖纹,1,1,1,1,非门板
250704-989,朗力,	7521946507062,,水仙苑72号,三楼西南卧室衣柜,18,欧松板,非高光板,TB9826同步,三楼西南卧室衣柜_柜F_横隔板03,1016,100,1,竖纹,1,1,1,1,非门板
250704-989,朗力,	7521087896773,,水仙苑72号,三楼西南卧室衣柜,18,欧松板,非高光板,TB9826同步,三楼西南卧室衣柜_柜G_横隔板02,1586,100,1,竖纹,1,1,1,1,非门板
250704-989,朗力,	7521087897541,,水仙苑72号,三楼西南卧室衣柜,18,欧松板,非高光板,TB9826同步,三楼西南卧室衣柜_柜G_竖隔板03,2416,570,1,竖纹,1,1,1,1,非门板
250704-989,朗力,	7521946507284,,水仙苑72号,三楼西南卧室衣柜,18,欧松板,非高光板,TB9826同步,三楼西南卧室衣柜_柜G_横隔板03,1016,100,1,竖纹,1,1,1,1,非门板
250704-989,朗力,	7521087898814,,水仙苑72号,三楼西南卧室衣柜,18,欧松板,非高光板,TB9826同步,三楼西南卧室衣柜_柜B_右立板01,2376,540,1,竖纹,1,1,1,1,非门板
250704-989,朗力,	7521087898845,,水仙苑72号,三楼西南卧室衣柜,18,欧松板,非高光板,TB9826同步,三楼西南卧室衣柜_柜B_左立板01,2376,540,1,竖纹,1,1,1,1,非门板
250704-989,朗力,	7521087898876,,水仙苑72号,三楼西南卧室衣柜,18,欧松板,非高光板,TB9826同步,三楼西南卧室衣柜_柜B_顶板01,962,540,1,竖纹,1,1,1,1,非门板
250704-989,朗力,	7521087898944,,水仙苑72号,三楼西南卧室衣柜,18,欧松板,非高光板,TB9826同步,三楼西南卧室衣柜_柜B_踢脚线01_踢脚线前挡板01,962,50,1,横纹,1,1,1,1,非门板
250704-989,朗力,	7521087898951,,水仙苑72号,三楼西南卧室衣柜,18,欧松板,非高光板,TB9826同步,三楼西南卧室衣柜_柜B_踢脚线01_踢脚线后挡板01,50,962,1,无纹理,1,1,1,1,非门板
250704-989,朗力,	7521087898920,,水仙苑72号,三楼西南卧室衣柜,18,欧松板,非高光板,TB9826同步,三楼西南卧室衣柜_柜B_底板01,962,540,1,竖纹,1,1,1,1,非门板
250704-989,朗力,	7521087899026,,水仙苑72号,三楼西南卧室衣柜,18,欧松板,非高光板,TB9826同步,三楼西南卧室衣柜_柜B_横隔板01,962,540,1,竖纹,1,1,1,1,非门板
250704-989,朗力,	7521087899118,,水仙苑72号,三楼西南卧室衣柜,18,欧松板,非高光板,TB9826同步,三楼西南卧室衣柜_柜B_灯带260居前01,962,540,1,竖纹,1,1,1,1,非门板
250704-989,朗力,	7521087899279,,水仙苑72号,三楼西南卧室衣柜,18,欧松板,非高光板,TB9826同步,三楼西南卧室衣柜_柜B_背板02,1400,962,1,竖纹,1,1,1,1,非门板
250704-989,朗力,	7521087899293,,水仙苑72号,三楼西南卧室衣柜,18,欧松板,非高光板,TB9826同步,三楼西南卧室衣柜_柜B_背板03,390,962,1,竖纹,1,1,1,1,非门板
250704-989,朗力,	7521087899316,,水仙苑72号,三楼西南卧室衣柜,18,欧松板,非高光板,TB9826同步,三楼西南卧室衣柜_柜B_背板01,464,962,1,竖纹,1,1,1,1,非门板
250704-989,朗力,	7521087899385,,水仙苑72号,三楼西南卧室衣柜,18,欧松板,非高光板,TB9826同步,三楼西南卧室衣柜_柜B_收口条02_L收口辅板01,998,70,1,无纹理,1,1,1,1,非门板
250704-989,朗力,	7521087899392,,水仙苑72号,三楼西南卧室衣柜,18,欧松板,非高光板,TB9826同步,三楼西南卧室衣柜_柜B_收口条02_L收口面板01,998,40,1,横纹,1,1,1,1,非门板
250704-989,朗力,	7521087899361,,水仙苑72号,三楼西南卧室衣柜,18,欧松板,非高光板,TB9826同步,三楼西南卧室衣柜_柜B_收口条01_侧收口01,2416,70,1,竖纹,1,1,1,1,非门板
250704-989,朗力,	7521087900180,,水仙苑72号,三楼西南卧室衣柜,18,欧松板,非高光板,TB9826同步,三楼西南卧室衣柜_柜B_抽屉02_抽盒前板01,913,172,1,横纹,1,1,1,1,非门板
250704-989,朗力,	7521087900197,,水仙苑72号,三楼西南卧室衣柜,18,欧松板,非高光板,TB9826同步,三楼西南卧室衣柜_柜B_抽屉02_抽屉右板01,490,200,1,横纹,1,1,1,1,非门板
250704-989,朗力,	7521087900203,,水仙苑72号,三楼西南卧室衣柜,18,欧松板,非高光板,TB9826同步,三楼西南卧室衣柜_柜B_抽屉02_抽屉左板01,490,200,1,横纹,1,1,1,1,非门板
250704-989,朗力,	7521087900210,,水仙苑72号,三楼西南卧室衣柜,18,欧松板,非高光板,TB9826同步,三楼西南卧室衣柜_柜B_抽屉02_抽屉后板01,913,172,1,横纹,1,1,1,1,非门板
250704-989,朗力,	7521087900159,,水仙苑72号,三楼西南卧室衣柜,18,欧松板,非高光板,TB9826同步,三楼西南卧室衣柜_柜B_抽屉02_抽屉底板01,913,490,1,竖纹,1,1,1,1,非门板
250704-989,朗力,	7521087900319,,水仙苑72号,三楼西南卧室衣柜,18,欧松板,非高光板,TB9826同步,三楼西南卧室衣柜_柜B_抽屉01_抽盒前板01,913,132,1,横纹,1,1,1,1,非门板
250704-989,朗力,	7521087900326,,水仙苑72号,三楼西南卧室衣柜,18,欧松板,非高光板,TB9826同步,三楼西南卧室衣柜_柜B_抽屉01_抽屉右板01,490,160,1,横纹,1,1,1,1,非门板
250704-989,朗力,	7521087900333,,水仙苑72号,三楼西南卧室衣柜,18,欧松板,非高光板,TB9826同步,三楼西南卧室衣柜_柜B_抽屉01_抽屉左板01,490,160,1,横纹,1,1,1,1,非门板
250704-989,朗力,	7521087900340,,水仙苑72号,三楼西南卧室衣柜,18,欧松板,非高光板,TB9826同步,三楼西南卧室衣柜_柜B_抽屉01_抽屉后板01,913,132,1,横纹,1,1,1,1,非门板
250704-989,朗力,	7521087900289,,水仙苑72号,三楼西南卧室衣柜,18,欧松板,非高光板,TB9826同步,三楼西南卧室衣柜_柜B_抽屉01_抽屉底板01,913,490,1,竖纹,1,1,1,1,非门板
250704-989,朗力,	7521087901323,,水仙苑72号,三楼西南卧室衣柜,18,欧松板,非高光板,TB9826同步,三楼西南卧室衣柜_柜D_收口条01_侧收口01,2416,70,1,竖纹,1,1,1,1,非门板
250704-989,朗力,	7521087907769,,水仙苑72号,三楼东南卧室书桌,18,欧松板,非高光板,TB9826同步,三楼东南卧室书桌_地柜A_顶板01,1278,600,1,竖纹,1,1,1,1,非门板
250704-989,朗力,	7522806430322,,水仙苑72号,备用条,18,欧松板,非高光板,TB9826同步,备用条_单板A_竖隔板01,2700,100,1,竖纹,1,1,1,1,非门板
250704-989,朗力,	7522806430391,,水仙苑72号,备用条,18,欧松板,非高光板,TB9826同步,备用条_单板B_竖隔板01,2700,60,1,竖纹,1,1,1,1,非门板
250704-989,朗力,	7522806430438,,水仙苑72号,备用条,18,欧松板,非高光板,TB9826同步,备用条_单板C_竖隔板01,2700,60,1,竖纹,1,1,1,1,非门板
250704-989,朗力,	7522806430452,,水仙苑72号,备用条,18,欧松板,非高光板,TB9826同步,备用条_单板D_竖隔板01,2700,50,1,竖纹,1,1,1,1,非门板
250704-989,朗力,	7520422643171,,水仙苑72号,1楼进门鞋柜,9,欧松板,非高光板,TB9826同步,1楼进门鞋柜_柜B_不开槽01,2375,50,1,竖纹,1,1,1,1,非门板
250704-989,朗力,	7520422643218,,水仙苑72号,1楼进门鞋柜,9,欧松板,非高光板,TB9826同步,1楼进门鞋柜_柜B_不开槽02,400,50,1,竖纹,1,1,1,1,非门板
250704-989,朗力,	7520422645960,,水仙苑72号,1楼书柜,9,欧松板,非高光板,TB9826同步,1楼书柜_柜A_横隔板01,1046,362,1,竖纹,1,1,1,1,非门板
250704-989,朗力,	7520422649319,,水仙苑72号,1楼书柜,9,欧松板,非高光板,TB9826同步,1楼书柜_柜B_横隔板02,1046,362,1,竖纹,1,1,1,1,非门板
250704-989,朗力,	7520422649388,,水仙苑72号,1楼书柜,9,欧松板,非高光板,TB9826同步,1楼书柜_柜B_横隔板04,1046,362,1,竖纹,1,1,1,1,非门板
250704-989,朗力,	7520422650827,,水仙苑72号,1楼书柜,9,欧松板,非高光板,TB9826同步,1楼书柜_柜C_ABA组合里面加方刚01,2669,100,1,竖纹,1,1,1,1,非门板
250704-989,朗力,	7520422650834,,水仙苑72号,1楼书柜,9,欧松板,非高光板,TB9826同步,1楼书柜_柜C_ABA组合里面加方刚03,2669,100,1,竖纹,1,1,1,1,非门板
250704-989,朗力,	7520422654252,,水仙苑72号,1楼书柜,9,欧松板,非高光板,TB9826同步,1楼书柜_柜C_ABA组合里面加方刚02,2669,100,1,竖纹,1,1,1,1,非门板
250704-989,朗力,	7520422654429,,水仙苑72号,1楼书柜,9,欧松板,非高光板,TB9826同步,1楼书柜_柜C_ABA组合里面加方刚04,2669,100,1,竖纹,1,1,1,1,非门板
250704-989,朗力,	7522350701381,,水仙苑72号,2楼北卧床尾柜,9,欧松板,非高光板,TB9826同步,2楼北卧床尾柜_编织门面板_竖隔板01,2338,467.5,1,竖纹,1,1,1,1,非门板
250704-989,朗力,	7522350701596,,水仙苑72号,2楼北卧床尾柜,9,欧松板,非高光板,TB9826同步,2楼北卧床尾柜_编织门面板01_竖隔板01,2338,467.5,1,竖纹,1,1,1,1,非门板
250704-989,朗力,	7520422645489,,水仙苑72号,1楼书柜,25,欧松板,非高光板,TB9826同步,1楼书柜_柜A_横隔板03,1046,372,1,竖纹,1,1,1,1,非门板
250704-989,朗力,	7520422645533,,水仙苑72号,1楼书柜,25,欧松板,非高光板,TB9826同步,1楼书柜_柜A_灯带100居后02,1046,372,1,竖纹,1,1,1,1,非门板
250704-989,朗力,	7520422645656,,水仙苑72号,1楼书柜,25,欧松板,非高光板,TB9826同步,1楼书柜_柜A_顶板01,1046,372,1,竖纹,1,1,1,1,非门板
250704-989,朗力,	7520422647599,,水仙苑72号,1楼书柜,25,欧松板,非高光板,TB9826同步,1楼书柜_柜A_横隔板05,1046,372,1,竖纹,1,1,1,1,非门板
250704-989,朗力,	7520422648688,,水仙苑72号,1楼书柜,25,欧松板,非高光板,TB9826同步,1楼书柜_柜B_灯带100居后03,1046,372,1,竖纹,1,1,1,1,非门板
250704-989,朗力,	7520422648862,,水仙苑72号,1楼书柜,25,欧松板,非高光板,TB9826同步,1楼书柜_柜B_横隔板01,1046,372,1,竖纹,1,1,1,1,非门板
250704-989,朗力,	7520422649098,,水仙苑72号,1楼书柜,25,欧松板,非高光板,TB9826同步,1楼书柜_柜B_活动层板01,1045,352,1,竖纹,1,1,1,1,非门板
250704-989,朗力,	7520422650735,,水仙苑72号,1楼书柜,25,欧松板,非高光板,TB9826同步,1楼书柜_柜C_灯带100居后02,2669,372,1,竖纹,1,1,1,1,非门板
250704-989,朗力,	7520422650780,,水仙苑72号,1楼书柜,25,欧松板,非高光板,TB9826同步,1楼书柜_柜C_灯带100居后01,2669,372,1,竖纹,1,1,1,1,非门板
250704-989,朗力,	7520422651473,,水仙苑72号,1楼书柜,25,欧松板,非高光板,TB9826同步,1楼书柜_柜C_横隔板01,1334,372,1,竖纹,1,1,1,1,非门板
250704-989,朗力,	7520422651824,,水仙苑72号,1楼书柜,25,欧松板,非高光板,TB9826同步,1楼书柜_柜C_活动层板01,640,302,1,竖纹,1,1,1,1,非门板
250704-989,朗力,	7520422651855,,水仙苑72号,1楼书柜,25,欧松板,非高光板,TB9826同步,1楼书柜_柜C_横隔板02,658,354,1,竖纹,1,1,1,1,非门板
250704-989,朗力,	7520422662967,,水仙苑72号,2楼北卧床尾柜,22,欧松板,非高光板,TB9826同步,2楼北卧床尾柜_柜A_收口条02_L收口面板01,2358,30,1,竖纹,1,1,1,1,非门板
250704-989,朗力,	7520422663094,,水仙苑72号,2楼北卧床尾柜,22,欧松板,非高光板,TB9826同步,2楼北卧床尾柜_柜A_收口条01_L收口面板01,2358,30,1,竖纹,1,1,1,1,非门板
250704-989,朗力,	7520422666729,,水仙苑72号,一楼西厨,22,欧松板,非高光板,TB9826同步,一楼西厨_地柜A_收口条01_L收口面板01,835,30,1,竖纹,1,1,1,1,非门板
250704-989,朗力,	7521087825896,,水仙苑72号,一楼西厨,22,欧松板,非高光板,TB9826同步,一楼西厨_地柜C_收口条01_L收口面板01,835,30,1,竖纹,1,1,1,1,非门板
250704-989,朗力,	7521087831040,,水仙苑72号,一楼厨房,22,欧松板,非高光板,TB9826同步,一楼厨房_地柜D_拉条01,81,800,1,竖纹,1,1,1,1,非门板
250704-989,朗力,	7521087833242,,水仙苑72号,一楼厨房,22,欧松板,非高光板,TB9826同步,一楼厨房_地柜D_收口条02_平收口板01,746,36,1,竖纹,1,1,1,1,非门板
250704-989,朗力,	7521087833433,,水仙苑72号,一楼厨房,22,欧松板,非高光板,TB9826同步,一楼厨房_地柜D_收口条01_L收口面板01,746,30,1,竖纹,1,1,1,1,非门板
250704-989,朗力,	7521087833686,,水仙苑72号,一楼厨房,22,欧松板,非高光板,TB9826同步,一楼厨房_地柜D_拉条02,64,602,1,竖纹,1,1,1,1,非门板
250704-989,朗力,	7521087834348,,水仙苑72号,一楼厨房,22,欧松板,非高光板,TB9826同步,一楼厨房_地柜B_竖隔板01,746,584,1,竖纹,1,1,1,1,非门板
250704-989,朗力,	7521087835895,,水仙苑72号,一楼厨房,22,欧松板,非高光板,TB9826同步,一楼厨房_地柜C_竖隔板01,746,604,1,竖纹,1,1,1,1,非门板
250704-989,朗力,	7521087836656,,水仙苑72号,一楼厨房,22,欧松板,非高光板,TB9826同步,一楼厨房_地柜C_收口条01_L收口面板01,746,30,1,竖纹,1,1,1,1,非门板
250704-989,朗力,	7521087837684,,水仙苑72号,一楼厨房,22,欧松板,非高光板,TB9826同步,一楼厨房_地柜A_竖隔板01,746,594,1,竖纹,1,1,1,1,非门板
250704-989,朗力,	7521087829511,,水仙苑72号,一楼厨房,18,多层板,非高光板,TB9826同步,一楼厨房_地柜D_底板01,800,560,1,竖纹,1,1,1,1,非门板
250704-989,朗力,	7521087829542,,水仙苑72号,一楼厨房,18,多层板,非高光板,TB9826同步,一楼厨房_地柜D_左立板01,728,560,1,竖纹,1,1,1,1,非门板
250704-989,朗力,	7521087829580,,水仙苑72号,一楼厨房,18,多层板,非高光板,TB9826同步,一楼厨房_地柜D_中立板02,728,560,1,竖纹,1,1,1,1,非门板
250704-989,朗力,	7521087829641,,水仙苑72号,一楼厨房,18,多层板,非高光板,TB9826同步,一楼厨房_地柜D_中立板03,728,560,1,竖纹,1,1,1,1,非门板
250704-989,朗力,	7521087829726,,水仙苑72号,一楼厨房,18,多层板,非高光板,TB9826同步,一楼厨房_地柜D_中立板04,728,560,1,竖纹,1,1,1,1,非门板
250704-989,朗力,	7521087829788,,水仙苑72号,一楼厨房,18,多层板,非高光板,TB9826同步,一楼厨房_地柜D_中立板05,728,560,1,竖纹,1,1,1,1,非门板
250704-989,朗力,	7521087829863,,水仙苑72号,一楼厨房,18,多层板,非高光板,TB9826同步,一楼厨房_地柜D_中立板06,728,560,1,竖纹,1,1,1,1,非门板
250704-989,朗力,	7521087829993,,水仙苑72号,一楼厨房,18,多层板,非高光板,TB9826同步,一楼厨房_地柜D_底板03,335,560,1,竖纹,1,1,1,1,非门板
250704-989,朗力,	7521087830104,,水仙苑72号,一楼厨房,18,多层板,非高光板,TB9826同步,一楼厨房_地柜D_底板02,800,560,1,竖纹,1,1,1,1,非门板
250704-989,朗力,	7521087830357,,水仙苑72号,一楼厨房,18,多层板,非高光板,TB9826同步,一楼厨房_地柜D_顶板01,764,560,1,竖纹,1,1,1,1,非门板
250704-989,朗力,	7521087830401,,水仙苑72号,一楼厨房,18,多层板,非高光板,TB9826同步,一楼厨房_地柜D_顶板02,299,560,1,竖纹,1,1,1,1,非门板
250704-989,朗力,	7521087830449,,水仙苑72号,一楼厨房,18,多层板,非高光板,TB9826同步,一楼厨房_地柜D_背板01,710,764,1,竖纹,1,1,1,1,非门板
250704-989,朗力,	7521087830463,,水仙苑72号,一楼厨房,18,多层板,非高光板,TB9826同步,一楼厨房_地柜D_背板03,710,299,1,竖纹,1,1,1,1,非门板
250704-989,朗力,	7521087830487,,水仙苑72号,一楼厨房,18,多层板,非高光板,TB9826同步,一楼厨房_地柜D_拉条03,764,60,1,横纹,1,1,1,1,非门板
250704-989,朗力,	7521087830746,,水仙苑72号,一楼厨房,18,多层板,非高光板,TB9826同步,一楼厨房_地柜D_中立板01,728,100,1,竖纹,1,1,1,1,非门板
250704-989,朗力,	7521087830777,,水仙苑72号,一楼厨房,18,多层板,非高光板,TB9826同步,一楼厨房_地柜D_右立板01,728,100,1,竖纹,1,1,1,1,非门板
250704-989,朗力,	7521087830890,,水仙苑72号,一楼厨房,18,多层板,非高光板,TB9826同步,一楼厨房_地柜D_横隔板01,764,560,1,竖纹,1,1,1,1,非门板
250704-989,朗力,	7521087831026,,水仙苑72号,一楼厨房,18,多层板,非高光板,TB9826同步,一楼厨房_地柜D_拉条04,764,60,1,横纹,1,1,1,1,非门板
250704-989,朗力,	7521087832511,,水仙苑72号,一楼厨房,18,多层板,非高光板,TB9826同步,一楼厨房_地柜D_抽屉01_抽盒前板01,715,147,1,横纹,1,1,1,1,非门板
250704-989,朗力,	7521087832528,,水仙苑72号,一楼厨房,18,多层板,非高光板,TB9826同步,一楼厨房_地柜D_抽屉01_抽屉右板01,490,175,1,横纹,1,1,1,1,非门板
250704-989,朗力,	7521087832535,,水仙苑72号,一楼厨房,18,多层板,非高光板,TB9826同步,一楼厨房_地柜D_抽屉01_抽屉左板01,490,175,1,横纹,1,1,1,1,非门板
250704-989,朗力,	7521087832542,,水仙苑72号,一楼厨房,18,多层板,非高光板,TB9826同步,一楼厨房_地柜D_抽屉01_抽屉后板01,715,147,1,横纹,1,1,1,1,非门板
250704-989,朗力,	7521087832481,,水仙苑72号,一楼厨房,18,多层板,非高光板,TB9826同步,一楼厨房_地柜D_抽屉01_抽屉底板01,715,490,1,竖纹,1,1,1,1,非门板
250704-989,朗力,	7521087833426,,水仙苑72号,一楼厨房,18,多层板,非高光板,TB9826同步,一楼厨房_地柜D_收口条01_L收口辅板01,746,74,1,无纹理,1,1,1,1,非门板
250704-989,朗力,	7521946503569,,水仙苑72号,一楼厨房,18,多层板,非高光板,TB9826同步,一楼厨房_地柜D_顶板03,638,560,1,竖纹,1,1,1,1,非门板
250704-989,朗力,	7521946504610,,水仙苑72号,一楼厨房,18,多层板,非高光板,TB9826同步,一楼厨房_地柜D_背板02,215,764,1,竖纹,1,1,1,1,非门板
250704-989,朗力,	7521087834058,,水仙苑72号,一楼厨房,18,多层板,非高光板,TB9826同步,一楼厨房_地柜B_底板01,799,540,1,竖纹,1,1,1,1,非门板
250704-989,朗力,	7521087834089,,水仙苑72号,一楼厨房,18,多层板,非高光板,TB9826同步,一楼厨房_地柜B_左立板01,746,560,1,竖纹,1,1,1,1,非门板
250704-989,朗力,	7521087834126,,水仙苑72号,一楼厨房,18,多层板,非高光板,TB9826同步,一楼厨房_地柜B_右立板01,728,540,1,竖纹,1,1,1,1,非门板
250704-989,朗力,	7521087834164,,水仙苑72号,一楼厨房,18,多层板,非高光板,TB9826同步,一楼厨房_地柜B_顶板01,781,540,1,竖纹,1,1,1,1,非门板
250704-989,朗力,	7521087834201,,水仙苑72号,一楼厨房,18,多层板,非高光板,TB9826同步,一楼厨房_地柜B_背板01,710,781,1,竖纹,1,1,1,1,非门板
250704-989,朗力,	7521087834232,,水仙苑72号,一楼厨房,18,多层板,非高光板,TB9826同步,一楼厨房_地柜B_活动层板01,780,520,1,竖纹,1,1,1,1,非门板
250704-989,朗力,	7521087835451,,水仙苑72号,一楼厨房,18,多层板,非高光板,TB9826同步,一楼厨房_地柜C_右立板01,728,560,1,竖纹,1,1,1,1,非门板
250704-989,朗力,	7521087835499,,水仙苑72号,一楼厨房,18,多层板,非高光板,TB9826同步,一楼厨房_地柜C_左立板01,728,560,1,竖纹,1,1,1,1,非门板
250704-989,朗力,	7521087835529,,水仙苑72号,一楼厨房,18,多层板,非高光板,TB9826同步,一楼厨房_地柜C_拉条02,1558,80,1,横纹,1,1,1,1,非门板
250704-989,朗力,	7521087835680,,水仙苑72号,一楼厨房,18,多层板,非高光板,TB9826同步,一楼厨房_地柜C_拉条03,1558,60,1,横纹,1,1,1,1,非门板
250704-989,朗力,	7521087836489,,水仙苑72号,一楼厨房,18,多层板,非高光板,TB9826同步,一楼厨房_地柜C_顶板01,400,524,1,竖纹,1,1,1,1,非门板
250704-989,朗力,	7521087836649,,水仙苑72号,一楼厨房,18,多层板,非高光板,TB9826同步,一楼厨房_地柜C_收口条01_L收口辅板01,746,70,1,无纹理,1,1,1,1,非门板
250704-989,朗力,	7521087837011,,水仙苑72号,一楼厨房,18,多层板,非高光板,TB9826同步,一楼厨房_地柜A_底板02,406,410,1,竖纹,1,1,1,1,非门板
250704-989,朗力,	7521087837042,,水仙苑72号,一楼厨房,18,多层板,非高光板,TB9826同步,一楼厨房_地柜A_右立板01,728,410,1,竖纹,1,1,1,1,非门板
250704-989,朗力,	7521087837080,,水仙苑72号,一楼厨房,18,多层板,非高光板,TB9826同步,一楼厨房_地柜A_左立板01,728,410,1,竖纹,1,1,1,1,非门板
250704-989,朗力,	7521087837127,,水仙苑72号,一楼厨房,18,多层板,非高光板,TB9826同步,一楼厨房_地柜A_中立板02,728,410,1,竖纹,1,1,1,1,非门板
250704-989,朗力,	7521087837196,,水仙苑72号,一楼厨房,18,多层板,非高光板,TB9826同步,一楼厨房_地柜A_中立板03,728,410,1,竖纹,1,1,1,1,非门板
250704-989,朗力,	7521087837271,,水仙苑72号,一楼厨房,18,多层板,非高光板,TB9826同步,一楼厨房_地柜A_顶板01,1370,410,1,竖纹,1,1,1,1,非门板
250704-989,朗力,	7521087837325,,水仙苑72号,一楼厨房,18,多层板,非高光板,TB9826同步,一楼厨房_地柜A_顶板02,370,410,1,竖纹,1,1,1,1,非门板
250704-989,朗力,	7521087837363,,水仙苑72号,一楼厨房,18,多层板,非高光板,TB9826同步,一楼厨房_地柜A_底板01,1406,410,1,竖纹,1,1,1,1,非门板
250704-989,朗力,	7521087837530,,水仙苑72号,一楼厨房,18,多层板,非高光板,TB9826同步,一楼厨房_地柜A_背板03,710,370,1,竖纹,1,1,1,1,非门板
250704-989,朗力,	7521087838391,,水仙苑72号,一楼厨房,18,多层板,非高光板,TB9826同步,一楼厨房_地柜A_抽屉03_抽盒前板01,321,72,1,横纹,1,1,1,1,非门板
250704-989,朗力,	7521087838407,,水仙苑72号,一楼厨房,18,多层板,非高光板,TB9826同步,一楼厨房_地柜A_抽屉03_抽屉右板01,340,100,1,横纹,1,1,1,1,非门板
250704-989,朗力,	7521087838414,,水仙苑72号,一楼厨房,18,多层板,非高光板,TB9826同步,一楼厨房_地柜A_抽屉03_抽屉左板01,340,100,1,横纹,1,1,1,1,非门板
250704-989,朗力,	7521087838421,,水仙苑72号,一楼厨房,18,多层板,非高光板,TB9826同步,一楼厨房_地柜A_抽屉03_抽屉后板01,321,72,1,横纹,1,1,1,1,非门板
250704-989,朗力,	7521087838360,,水仙苑72号,一楼厨房,18,多层板,非高光板,TB9826同步,一楼厨房_地柜A_抽屉03_抽屉底板01,321,340,1,竖纹,1,1,1,1,非门板
250704-989,朗力,	7521087838506,,水仙苑72号,一楼厨房,18,多层板,非高光板,TB9826同步,一楼厨房_地柜A_抽屉02_抽盒前板01,321,192,1,横纹,1,1,1,1,非门板
250704-989,朗力,	7521087838513,,水仙苑72号,一楼厨房,18,多层板,非高光板,TB9826同步,一楼厨房_地柜A_抽屉02_抽屉右板01,340,220,1,横纹,1,1,1,1,非门板
250704-989,朗力,	7521087838520,,水仙苑72号,一楼厨房,18,多层板,非高光板,TB9826同步,一楼厨房_地柜A_抽屉02_抽屉左板01,340,220,1,横纹,1,1,1,1,非门板
250704-989,朗力,	7521087838537,,水仙苑72号,一楼厨房,18,多层板,非高光板,TB9826同步,一楼厨房_地柜A_抽屉02_抽屉后板01,321,192,1,横纹,1,1,1,1,非门板
250704-989,朗力,	7521087838476,,水仙苑72号,一楼厨房,18,多层板,非高光板,TB9826同步,一楼厨房_地柜A_抽屉02_抽屉底板01,321,340,1,竖纹,1,1,1,1,非门板
250704-989,朗力,	7521087838629,,水仙苑72号,一楼厨房,18,多层板,非高光板,TB9826同步,一楼厨房_地柜A_抽屉01_抽盒前板01,321,192,1,横纹,1,1,1,1,非门板
250704-989,朗力,	7521087838636,,水仙苑72号,一楼厨房,18,多层板,非高光板,TB9826同步,一楼厨房_地柜A_抽屉01_抽屉右板01,340,220,1,横纹,1,1,1,1,非门板
250704-989,朗力,	7521087838643,,水仙苑72号,一楼厨房,18,多层板,非高光板,TB9826同步,一楼厨房_地柜A_抽屉01_抽屉左板01,340,220,1,横纹,1,1,1,1,非门板
250704-989,朗力,	7521087838650,,水仙苑72号,一楼厨房,18,多层板,非高光板,TB9826同步,一楼厨房_地柜A_抽屉01_抽屉后板01,321,192,1,横纹,1,1,1,1,非门板
250704-989,朗力,	7521087838599,,水仙苑72号,一楼厨房,18,多层板,非高光板,TB9826同步,一楼厨房_地柜A_抽屉01_抽屉底板01,321,340,1,竖纹,1,1,1,1,非门板
250704-989,朗力,	7521946504825,,水仙苑72号,一楼厨房,18,多层板,非高光板,TB9826同步,一楼厨房_地柜A_中立板01,710,410,1,竖纹,1,1,1,1,非门板
250704-989,朗力,	7521946504900,,水仙苑72号,一楼厨房,18,多层板,非高光板,TB9826同步,一楼厨房_地柜A_背板01,346,973,1,竖纹,1,1,1,1,非门板
250704-989,朗力,	7521946504924,,水仙苑72号,一楼厨房,18,多层板,非高光板,TB9826同步,一楼厨房_地柜A_背板02,710,379,1,竖纹,1,1,1,1,非门板
250704-989,朗力,	7521946504955,,水仙苑72号,一楼厨房,18,多层板,非高光板,TB9826同步,一楼厨房_地柜A_横隔板01,973,410,1,竖纹,1,1,1,1,非门板
250704-989,朗力,	7521946505068,,水仙苑72号,一楼厨房,18,多层板,非高光板,TB9826同步,一楼厨房_地柜A_活动层板01,378,390,1,竖纹,1,1,1,1,非门板
250704-989,朗力,	7521946508861,,水仙苑72号,一楼厨房,18,多层板,非高光板,TB9826同步,一楼厨房_地柜A_背板04,346,973,1,竖纹,1,1,1,1,非门板
250704-989,朗力,	7521087841759,,水仙苑72号,一楼厨房,18,多层板,非高光板,雾松,一楼厨房_吊柜B_左立板01,686,350,1,无纹理,1,1,1,1,非门板
250704-989,朗力,	7521087841780,,水仙苑72号,一楼厨房,18,多层板,非高光板,雾松,一楼厨房_吊柜B_中立板01,686,350,1,无纹理,1,1,1,1,非门板
250704-989,朗力,	7521087841827,,水仙苑72号,一楼厨房,18,多层板,非高光板,雾松,一楼厨房_吊柜B_底板01,864,350,1,无纹理,1,1,1,1,非门板
250704-989,朗力,	7521087841872,,水仙苑72号,一楼厨房,18,多层板,非高光板,雾松,一楼厨房_吊柜B_顶板01,864,200,1,无纹理,1,1,1,1,非门板
250704-989,朗力,	7521087841926,,水仙苑72号,一楼厨房,18,多层板,非高光板,雾松,一楼厨房_吊柜B_中立板05,636,350,1,无纹理,1,1,1,1,非门板
250704-989,朗力,	7521087841971,,水仙苑72号,一楼厨房,18,多层板,非高光板,雾松,一楼厨房_吊柜B_中立板06,636,350,1,无纹理,1,1,1,1,非门板
250704-989,朗力,	7521087842039,,水仙苑72号,一楼厨房,18,多层板,非高光板,雾松,一楼厨房_吊柜B_中立板07,636,350,1,无纹理,1,1,1,1,非门板
250704-989,朗力,	7521087842091,,水仙苑72号,一楼厨房,18,多层板,非高光板,雾松,一楼厨房_吊柜B_中立板08,636,350,1,无纹理,1,1,1,1,非门板
250704-989,朗力,	7521087842169,,水仙苑72号,一楼厨房,18,多层板,非高光板,雾松,一楼厨房_吊柜B_中立板02,686,350,1,无纹理,1,1,1,1,非门板
250704-989,朗力,	7521087842220,,水仙苑72号,一楼厨房,18,多层板,非高光板,雾松,一楼厨房_吊柜B_中立板03,686,350,1,无纹理,1,1,1,1,非门板
250704-989,朗力,	7521087842268,,水仙苑72号,一楼厨房,18,多层板,非高光板,雾松,一楼厨房_吊柜B_右立板01,686,350,1,无纹理,1,1,1,1,非门板
250704-989,朗力,	7521087842299,,水仙苑72号,一楼厨房,18,多层板,非高光板,雾松,一楼厨房_吊柜B_中立板04,686,350,1,无纹理,1,1,1,1,非门板
250704-989,朗力,	7521087842350,,水仙苑72号,一楼厨房,18,多层板,非高光板,雾松,一楼厨房_吊柜B_底板03,454,350,1,无纹理,1,1,1,1,非门板
250704-989,朗力,	7521087842404,,水仙苑72号,一楼厨房,18,多层板,非高光板,雾松,一楼厨房_吊柜B_底板02,946,350,1,无纹理,1,1,1,1,非门板
250704-989,朗力,	7521087842459,,水仙苑72号,一楼厨房,18,多层板,非高光板,雾松,一楼厨房_吊柜B_横隔板01,164,350,1,无纹理,1,1,1,1,非门板
250704-989,朗力,	7521087842541,,水仙苑72号,一楼厨房,18,多层板,非高光板,雾松,一楼厨房_吊柜B_横隔板02,164,350,1,无纹理,1,1,1,1,非门板
250704-989,朗力,	7521087842633,,水仙苑72号,一楼厨房,18,多层板,非高光板,雾松,一楼厨房_吊柜B_横隔板04,454,350,1,无纹理,1,1,1,1,非门板
250704-989,朗力,	7521087842725,,水仙苑72号,一楼厨房,18,多层板,非高光板,雾松,一楼厨房_吊柜B_横隔板03,946,350,1,无纹理,1,1,1,1,非门板
250704-989,朗力,	7521087842800,,水仙苑72号,一楼厨房,18,多层板,非高光板,雾松,一楼厨房_吊柜B_背板02,396,946,1,无纹理,1,1,1,1,非门板
250704-989,朗力,	7521087842824,,水仙苑72号,一楼厨房,18,多层板,非高光板,雾松,一楼厨房_吊柜B_背板03,396,454,1,无纹理,1,1,1,1,非门板
250704-989,朗力,	7521087842879,,水仙苑72号,一楼厨房,18,多层板,非高光板,雾松,一楼厨房_吊柜B_活动层板01,945,330,1,无纹理,1,1,1,1,非门板
250704-989,朗力,	7521087843180,,水仙苑72号,一楼厨房,18,多层板,非高光板,雾松,一楼厨房_吊柜B_顶板02,164,350,1,无纹理,1,1,1,1,非门板
250704-989,朗力,	7521087843289,,水仙苑72号,一楼厨房,18,多层板,非高光板,雾松,一楼厨房_吊柜B_拉条01,60,454,1,无纹理,1,1,1,1,非门板
250704-989,朗力,	7521087843418,,水仙苑72号,一楼厨房,18,多层板,非高光板,雾松,一楼厨房_吊柜B_顶板03,164,140,1,无纹理,1,1,1,1,非门板
250704-989,朗力,	7521087843463,,水仙苑72号,一楼厨房,18,多层板,非高光板,雾松,一楼厨房_吊柜B_顶板04,946,140,1,无纹理,1,1,1,1,非门板
250704-989,朗力,	7521087843685,,水仙苑72号,一楼厨房,18,多层板,非高光板,雾松,一楼厨房_吊柜B_活动层板03,163,330,1,无纹理,1,1,1,1,非门板
250704-989,朗力,	7521087844040,,水仙苑72号,一楼厨房,18,多层板,非高光板,雾松,一楼厨房_吊柜B_切角板01,98,864,1,无纹理,1,1,1,1,非门板
250704-989,朗力,	7521087844057,,水仙苑72号,一楼厨房,18,多层板,非高光板,雾松,一楼厨房_吊柜B_切角板02,864,150,1,无纹理,1,1,1,1,非门板
250704-989,朗力,	7521087844149,,水仙苑72号,一楼厨房,18,多层板,非高光板,雾松,一楼厨房_吊柜B_收口条05_L收口辅板01,1810,70,1,无纹理,1,1,1,1,非门板
250704-989,朗力,	7521087844156,,水仙苑72号,一楼厨房,18,多层板,非高光板,雾松,一楼厨房_吊柜B_收口条05_L收口面板01,40,1810,1,无纹理,1,1,1,1,非门板
250704-989,朗力,	7521087844125,,水仙苑72号,一楼厨房,18,多层板,非高光板,雾松,一楼厨房_吊柜B_收口条06_L收口辅板01,1472,70,1,无纹理,1,1,1,1,非门板
250704-989,朗力,	7521087844132,,水仙苑72号,一楼厨房,18,多层板,非高光板,雾松,一楼厨房_吊柜B_收口条06_L收口面板01,40,1472,1,无纹理,1,1,1,1,非门板
250704-989,朗力,	7521087845245,,水仙苑72号,一楼厨房,18,多层板,非高光板,雾松,一楼厨房_吊柜B_收口条02_L收口辅板01,350,70,1,无纹理,1,1,1,1,非门板
250704-989,朗力,	7521087845252,,水仙苑72号,一楼厨房,18,多层板,非高光板,雾松,一楼厨房_吊柜B_收口条02_L收口面板01,350,30,1,无纹理,1,1,1,1,非门板
250704-989,朗力,	7521087845313,,水仙苑72号,一楼厨房,18,多层板,非高光板,雾松,一楼厨房_吊柜B_收口条01_L收口辅板01,350,70,1,无纹理,1,1,1,1,非门板
250704-989,朗力,	7521087845320,,水仙苑72号,一楼厨房,18,多层板,非高光板,雾松,一楼厨房_吊柜B_收口条01_L收口面板01,350,30,1,无纹理,1,1,1,1,非门板
250704-989,朗力,	7521946503873,,水仙苑72号,一楼厨房,18,多层板,非高光板,雾松,一楼厨房_吊柜B_背板05,448,164,1,无纹理,1,1,1,1,非门板
250704-989,朗力,	7521946503989,,水仙苑72号,一楼厨房,18,多层板,非高光板,雾松,一楼厨房_吊柜B_活动层板02,163,321,1,无纹理,1,1,1,1,非门板
250704-989,朗力,	7521087845436,,水仙苑72号,一楼厨房,18,多层板,非高光板,雾松,一楼厨房_吊柜A_左立板01,686,406,1,无纹理,1,1,1,1,非门板
250704-989,朗力,	7521087845467,,水仙苑72号,一楼厨房,18,多层板,非高光板,雾松,一楼厨房_吊柜A_右立板01,568,406,1,无纹理,1,1,1,1,非门板
250704-989,朗力,	7521087845498,,水仙苑72号,一楼厨房,18,多层板,非高光板,雾松,一楼厨房_吊柜A_底板01,781,406,1,无纹理,1,1,1,1,非门板
250704-989,朗力,	7521087845542,,水仙苑72号,一楼厨房,18,多层板,非高光板,雾松,一楼厨房_吊柜A_顶板01,649,406,1,无纹理,1,1,1,1,非门板
250704-989,朗力,	7521087845580,,水仙苑72号,一楼厨房,18,多层板,非高光板,雾松,一楼厨房_吊柜A_背板01,650,781,1,无纹理,1,1,1,1,非门板
250704-989,朗力,	7521087845610,,水仙苑72号,一楼厨房,18,多层板,非高光板,雾松,一楼厨房_吊柜A_活动层板01,780,386,1,无纹理,1,1,1,1,非门板
250704-989,朗力,	7521087845849,,水仙苑72号,一楼厨房,18,多层板,非高光板,雾松,一楼厨房_吊柜A_切角板01,150,388,1,无纹理,1,1,1,1,非门板
250704-989,朗力,	7521087845856,,水仙苑72号,一楼厨房,18,多层板,非高光板,雾松,一楼厨房_吊柜A_切角板02,100,388,1,无纹理,1,1,1,1,非门板
250704-989,朗力,	7521087846594,,水仙苑72号,一楼厨房,18,多层板,非高光板,雾松,一楼厨房_吊柜A_收口条02_L收口辅板01,500,70,1,无纹理,1,1,1,1,非门板
250704-989,朗力,	7521087846600,,水仙苑72号,一楼厨房,18,多层板,非高光板,雾松,一楼厨房_吊柜A_收口条02_L收口面板01,40,500,1,无纹理,1,1,1,1,非门板
250704-989,朗力,	7521087859006,,水仙苑72号,二楼洗衣房衣柜,18,多层板,非高光板,雾松,二楼洗衣房衣柜_地柜A_左立板01,840,679,1,无纹理,1,1,1,1,非门板
250704-989,朗力,	7521087859037,,水仙苑72号,二楼洗衣房衣柜,18,多层板,非高光板,雾松,二楼洗衣房衣柜_地柜A_右立板01,840,679,1,无纹理,1,1,1,1,非门板
250704-989,朗力,	7521087859082,,水仙苑72号,二楼洗衣房衣柜,18,多层板,非高光板,雾松,二楼洗衣房衣柜_地柜A_踢脚线01_踢脚线隔条01,60,612,1,无纹理,1,1,1,1,非门板
250704-989,朗力,	7521087859099,,水仙苑72号,二楼洗衣房衣柜,18,多层板,非高光板,雾松,二楼洗衣房衣柜_地柜A_踢脚线01_踢脚线前挡板01,60,1263,1,无纹理,1,1,1,1,非门板
250704-989,朗力,	7521087859105,,水仙苑72号,二楼洗衣房衣柜,18,多层板,非高光板,雾松,二楼洗衣房衣柜_地柜A_踢脚线01_踢脚线后挡板01,60,1263,1,无纹理,1,1,1,1,非门板
250704-989,朗力,	7521087859129,,水仙苑72号,二楼洗衣房衣柜,18,多层板,非高光板,雾松,二楼洗衣房衣柜_地柜A_拉条02,100,1263,1,无纹理,1,1,1,1,非门板
250704-989,朗力,	7521087859280,,水仙苑72号,二楼洗衣房衣柜,18,多层板,非高光板,雾松,二楼洗衣房衣柜_地柜A_拉条03,60,839,1,无纹理,1,1,1,1,非门板
250704-989,朗力,	7521087859419,,水仙苑72号,二楼洗衣房衣柜,18,多层板,非高光板,雾松,二楼洗衣房衣柜_地柜A_中立板01,762,80,1,无纹理,1,1,1,1,非门板
250704-989,朗力,	7521087859662,,水仙苑72号,二楼洗衣房衣柜,18,多层板,非高光板,雾松,二楼洗衣房衣柜_地柜A_拉条04,60,406,1,无纹理,1,1,1,1,非门板
250704-989,朗力,	7521087859808,,水仙苑72号,二楼洗衣房衣柜,18,多层板,非高光板,雾松,二楼洗衣房衣柜_地柜A_柜门01_双开左01_左开,776,430,1,无纹理,1,1,1,1,门板
250704-989,朗力,	7521087859839,,水仙苑72号,二楼洗衣房衣柜,18,多层板,非高光板,雾松,二楼洗衣房衣柜_地柜A_柜门01_双开右01_右开,776,430,1,无纹理,1,1,1,1,门板
250704-989,朗力,	7521087859877,,水仙苑72号,二楼洗衣房衣柜,18,多层板,非高光板,雾松,二楼洗衣房衣柜_地柜A_柜门02_单开门01_右开,776,430,1,无纹理,1,1,1,1,门板
250704-989,朗力,	7521087860200,,水仙苑72号,二楼洗衣房衣柜,18,多层板,非高光板,雾松,二楼洗衣房衣柜_地柜A_围脚01_围脚板01,60,1299,1,无纹理,1,1,1,1,非门板
250704-989,朗力,	7521087860422,,水仙苑72号,二楼洗衣房衣柜,18,多层板,非高光板,雾松,二楼洗衣房衣柜_柜A_左立板01,1693,700,1,无纹理,1,1,1,1,非门板
250704-989,朗力,	7521087860453,,水仙苑72号,二楼洗衣房衣柜,18,多层板,非高光板,雾松,二楼洗衣房衣柜_柜A_右立板01,1693,700,1,无纹理,1,1,1,1,非门板
250704-989,朗力,	7521087860484,,水仙苑72号,二楼洗衣房衣柜,18,多层板,非高光板,雾松,二楼洗衣房衣柜_柜A_顶板01,620,700,1,无纹理,1,1,1,1,非门板
250704-989,朗力,	7521087860613,,水仙苑72号,二楼洗衣房衣柜,18,多层板,非高光板,雾松,二楼洗衣房衣柜_吊柜B_左立板01,997,679,1,无纹理,1,1,1,1,非门板
250704-989,朗力,	7521087860644,,水仙苑72号,二楼洗衣房衣柜,18,多层板,非高光板,雾松,二楼洗衣房衣柜_吊柜B_右立板01,957,679,1,无纹理,1,1,1,1,非门板
250704-989,朗力,	7521087860675,,水仙苑72号,二楼洗衣房衣柜,18,多层板,非高光板,雾松,二楼洗衣房衣柜_吊柜B_底板01,620,679,1,无纹理,1,1,1,1,非门板
250704-989,朗力,	7521087860729,,水仙苑72号,二楼洗衣房衣柜,18,多层板,非高光板,雾松,二楼洗衣房衣柜_吊柜B_顶板01,620,679,1,无纹理,1,1,1,1,非门板
250704-989,朗力,	7521087860767,,水仙苑72号,二楼洗衣房衣柜,18,多层板,非高光板,雾松,二楼洗衣房衣柜_吊柜B_背板01,921,620,1,无纹理,1,1,1,1,非门板
250704-989,朗力,	7521087860866,,水仙苑72号,二楼洗衣房衣柜,18,多层板,非高光板,雾松,二楼洗衣房衣柜_吊柜B_柜门01_单开门01_右开,983,656,1,无纹理,1,1,1,1,门板
250704-989,朗力,	7521087861092,,水仙苑72号,二楼洗衣房衣柜,18,多层板,非高光板,雾松,二楼洗衣房衣柜_吊柜B_活动层板01,619,659,1,无纹理,1,1,1,1,非门板
250704-989,朗力,	7521087861313,,水仙苑72号,二楼洗衣房衣柜,18,多层板,非高光板,雾松,二楼洗衣房衣柜_柜B_左立板01,1693,679,1,无纹理,1,1,1,1,非门板
250704-989,朗力,	7521087861337,,水仙苑72号,二楼洗衣房衣柜,18,多层板,非高光板,雾松,二楼洗衣房衣柜_柜B_左立板02,957,679,1,无纹理,1,1,1,1,非门板
250704-989,朗力,	7521087861412,,水仙苑72号,二楼洗衣房衣柜,18,多层板,非高光板,雾松,二楼洗衣房衣柜_柜B_右立板01,1693,679,1,无纹理,1,1,1,1,非门板
250704-989,朗力,	7521087861467,,水仙苑72号,二楼洗衣房衣柜,18,多层板,非高光板,雾松,二楼洗衣房衣柜_柜B_右立板02,957,679,1,无纹理,1,1,1,1,非门板
250704-989,朗力,	7521087861535,,水仙苑72号,二楼洗衣房衣柜,18,多层板,非高光板,雾松,二楼洗衣房衣柜_柜B_顶板01,414,679,1,无纹理,1,1,1,1,非门板
250704-989,朗力,	7521087861580,,水仙苑72号,二楼洗衣房衣柜,18,多层板,非高光板,雾松,二楼洗衣房衣柜_柜B_横隔板02,414,679,1,无纹理,1,1,1,1,非门板
250704-989,朗力,	7521087861672,,水仙苑72号,二楼洗衣房衣柜,18,多层板,非高光板,雾松,二楼洗衣房衣柜_柜B_横隔板01,414,679,1,无纹理,1,1,1,1,非门板
250704-989,朗力,	7521087861795,,水仙苑72号,二楼洗衣房衣柜,18,多层板,非高光板,雾松,二楼洗衣房衣柜_柜B_踢脚线01_踢脚线前挡板01,60,414,1,无纹理,1,1,1,1,非门板
250704-989,朗力,	7521087861801,,水仙苑72号,二楼洗衣房衣柜,18,多层板,非高光板,雾松,二楼洗衣房衣柜_柜B_踢脚线01_踢脚线后挡板01,60,414,1,无纹理,1,1,1,1,非门板
250704-989,朗力,	7521087861771,,水仙苑72号,二楼洗衣房衣柜,18,多层板,非高光板,雾松,二楼洗衣房衣柜_柜B_底板01,414,679,1,无纹理,1,1,1,1,非门板
250704-989,朗力,	7521087861825,,水仙苑72号,二楼洗衣房衣柜,18,多层板,非高光板,雾松,二楼洗衣房衣柜_柜B_背板01,1597,414,1,无纹理,1,1,1,1,非门板
250704-989,朗力,	7521087861849,,水仙苑72号,二楼洗衣房衣柜,18,多层板,非高光板,雾松,二楼洗衣房衣柜_柜B_背板02,921,414,1,无纹理,1,1,1,1,非门板
250704-989,朗力,	7521087861924,,水仙苑72号,二楼洗衣房衣柜,18,多层板,非高光板,雾松,二楼洗衣房衣柜_柜B_收口条03_L收口辅板01,1088,70,1,无纹理,1,1,1,1,非门板
250704-989,朗力,	7521087861931,,水仙苑72号,二楼洗衣房衣柜,18,多层板,非高光板,雾松,二楼洗衣房衣柜_柜B_收口条03_L收口面板01,40,1088,1,无纹理,1,1,1,1,非门板
250704-989,朗力,	7521087861993,,水仙苑72号,二楼洗衣房衣柜,18,多层板,非高光板,雾松,二楼洗衣房衣柜_柜B_柜门02_单开门01_右开,983,446,1,无纹理,1,1,1,1,门板
250704-989,朗力,	7521087862235,,水仙苑72号,二楼洗衣房衣柜,18,多层板,非高光板,雾松,二楼洗衣房衣柜_柜B_柜门01_单开门01_右开,1631,446,1,无纹理,1,1,1,1,门板
250704-989,朗力,	7521087862549,,水仙苑72号,二楼洗衣房衣柜,18,多层板,非高光板,雾松,二楼洗衣房衣柜_柜B_围脚01_围脚板01,60,450,1,无纹理,1,1,1,1,非门板
250704-989,朗力,	7521087862785,,水仙苑72号,二楼洗衣房衣柜,18,多层板,非高光板,雾松,二楼洗衣房衣柜_柜B_收口条01_侧收口01,1693,70,1,无纹理,1,1,1,1,非门板
250704-989,朗力,	7521087862778,,水仙苑72号,二楼洗衣房衣柜,18,多层板,非高光板,雾松,二楼洗衣房衣柜_柜B_收口条02_侧收口01,997,70,1,无纹理,1,1,1,1,非门板
250704-989,朗力,	7521087862884,,水仙苑72号,二楼洗衣房衣柜,18,多层板,非高光板,雾松,二楼洗衣房衣柜_柜B_活动层板04,413,659,1,无纹理,1,1,1,1,非门板
250704-989,朗力,	7521087863003,,水仙苑72号,二楼洗衣房衣柜,18,多层板,非高光板,雾松,二楼洗衣房衣柜_柜B_活动层板01,413,659,1,无纹理,1,1,1,1,非门板
250704-989,朗力,	7521087863096,,水仙苑72号,二楼洗衣房衣柜,18,多层板,非高光板,雾松,二楼洗衣房衣柜_柜B_活动层板03,413,659,1,无纹理,1,1,1,1,非门板
250704-989,朗力,	7521087863140,,水仙苑72号,二楼洗衣房衣柜,18,多层板,非高光板,雾松,二楼洗衣房衣柜_柜B_活动层板02,413,659,1,无纹理,1,1,1,1,非门板
250704-989,朗力,	7521087863539,,水仙苑72号,二楼洗衣房衣柜,18,多层板,非高光板,雾松,二楼洗衣房衣柜_吊柜A_左立板01,1230,350,1,无纹理,1,1,1,1,非门板
250704-989,朗力,	7521087863560,,水仙苑72号,二楼洗衣房衣柜,18,多层板,非高光板,雾松,二楼洗衣房衣柜_吊柜A_右立板01,1190,350,1,无纹理,1,1,1,1,非门板
250704-989,朗力,	7521087863591,,水仙苑72号,二楼洗衣房衣柜,18,多层板,非高光板,雾松,二楼洗衣房衣柜_吊柜A_底板01,1263,350,1,无纹理,1,1,1,1,非门板
250704-989,朗力,	7521087863645,,水仙苑72号,二楼洗衣房衣柜,18,多层板,非高光板,雾松,二楼洗衣房衣柜_吊柜A_顶板01,1263,350,1,无纹理,1,1,1,1,非门板
250704-989,朗力,	7521087863690,,水仙苑72号,二楼洗衣房衣柜,18,多层板,非高光板,雾松,二楼洗衣房衣柜_吊柜A_横隔板01,1263,350,1,无纹理,1,1,1,1,非门板
250704-989,朗力,	7521087863775,,水仙苑72号,二楼洗衣房衣柜,18,多层板,非高光板,雾松,二楼洗衣房衣柜_吊柜A_背板01,325,1263,1,无纹理,1,1,1,1,非门板
250704-989,朗力,	7521087863805,,水仙苑72号,二楼洗衣房衣柜,18,多层板,非高光板,雾松,二楼洗衣房衣柜_吊柜A_竖隔板01,811,350,1,无纹理,1,1,1,1,非门板
250704-989,朗力,	7521087863881,,水仙苑72号,二楼洗衣房衣柜,18,多层板,非高光板,雾松,二楼洗衣房衣柜_吊柜A_背板02,811,839,1,无纹理,1,1,1,1,非门板
250704-989,朗力,	7521087863904,,水仙苑72号,二楼洗衣房衣柜,18,多层板,非高光板,雾松,二楼洗衣房衣柜_吊柜A_背板03,811,406,1,无纹理,1,1,1,1,非门板
250704-989,朗力,	7521087863959,,水仙苑72号,二楼洗衣房衣柜,18,多层板,非高光板,雾松,二楼洗衣房衣柜_吊柜A_收口条01_L收口辅板01,1281,70,1,无纹理,1,1,1,1,非门板
250704-989,朗力,	7521087863966,,水仙苑72号,二楼洗衣房衣柜,18,多层板,非高光板,雾松,二楼洗衣房衣柜_吊柜A_收口条01_L收口面板01,40,1281,1,无纹理,1,1,1,1,非门板
250704-989,朗力,	7521087864123,,水仙苑72号,二楼洗衣房衣柜,18,多层板,非高光板,雾松,二楼洗衣房衣柜_吊柜A_横隔板02,839,332,1,无纹理,1,1,1,1,非门板
250704-989,朗力,	7521087864215,,水仙苑72号,二楼洗衣房衣柜,18,多层板,非高光板,雾松,二楼洗衣房衣柜_吊柜A_横隔板03,406,332,1,无纹理,1,1,1,1,非门板
250704-989,朗力,	7521087864307,,水仙苑72号,二楼洗衣房衣柜,18,多层板,非高光板,雾松,二楼洗衣房衣柜_吊柜A_柜门01_双开左01_左开,880,430,1,无纹理,1,1,1,1,门板
250704-989,朗力,	7521087864338,,水仙苑72号,二楼洗衣房衣柜,18,多层板,非高光板,雾松,二楼洗衣房衣柜_吊柜A_柜门01_双开右01_右开,880,430,1,无纹理,1,1,1,1,门板
250704-989,朗力,	7521087864376,,水仙苑72号,二楼洗衣房衣柜,18,多层板,非高光板,雾松,二楼洗衣房衣柜_吊柜A_柜门02_单开门01_右开,880,430,1,无纹理,1,1,1,1,门板
250704-989,朗力,	7521946506058,,水仙苑72号,二楼洗衣房衣柜,18,多层板,非高光板,雾松,二楼洗衣房衣柜_单板A_竖隔板01,1299,80,1,无纹理,1,1,1,1,非门板
250704-989,朗力,	7521946506126,,水仙苑72号,二楼洗衣房衣柜,18,多层板,非高光板,雾松,二楼洗衣房衣柜_单板B_竖隔板01,450,80,1,无纹理,1,1,1,1,非门板
250704-989,朗力,	7521946503798,,水仙苑72号,一楼厨房,9,多层板,非高光板,雾松,一楼厨房_吊柜B_背板01,562,874,1,无纹理,0,0,0,0,非门板
250704-989,朗力,	7521946503927,,水仙苑72号,一楼厨房,9,多层板,非高光板,雾松,一楼厨房_吊柜B_背板04,610,174,1,无纹理,0,0,0,0,非门板
250704-989,朗力,	7521087875976,,水仙苑72号,二楼南卧床头背景衣柜,9,欧松板,非高光板,T01,二楼南卧床头背景衣柜_地柜A_竖隔板01,100,2440,1,无纹理,1,1,1,1,非门板
250704-989,朗力,	7521087876034,,水仙苑72号,二楼南卧床头背景衣柜,9,欧松板,非高光板,T01,二楼南卧床头背景衣柜_地柜A_垫板01,100,2440,1,无纹理,1,1,1,1,非门板
250704-989,朗力,	7521087876089,,水仙苑72号,二楼南卧床头背景衣柜,9,欧松板,非高光板,T01,二楼南卧床头背景衣柜_地柜A_竖隔板03,100,2440,1,无纹理,1,1,1,1,非门板
250704-989,朗力,	7521087876133,,水仙苑72号,二楼南卧床头背景衣柜,9,欧松板,非高光板,T01,二楼南卧床头背景衣柜_地柜A_竖隔板02,100,2440,1,无纹理,1,1,1,1,非门板
250704-989,朗力,	7521087876188,,水仙苑72号,二楼南卧床头背景衣柜,9,欧松板,非高光板,T01,二楼南卧床头背景衣柜_地柜A_竖隔板04,100,2440,1,无纹理,1,1,1,1,非门板
250704-989,朗力,	7521087876232,,水仙苑72号,二楼南卧床头背景衣柜,9,欧松板,非高光板,T01,二楼南卧床头背景衣柜_地柜A_垫板02,100,2440,1,无纹理,1,1,1,1,非门板
250704-989,朗力,	7521087884398,,水仙苑72号,三楼东南卧衣柜,18,橡胶木,非高光板,7500橡胶木,三楼东南卧衣柜_柜A_左立板01,2428,540,1,竖纹,1,1,1,1,非门板
250704-989,朗力,	7521087884428,,水仙苑72号,三楼东南卧衣柜,18,橡胶木,非高光板,7500橡胶木,三楼东南卧衣柜_柜A_右立板01,2388,540,1,竖纹,1,1,1,1,非门板
250704-989,朗力,	7521087884459,,水仙苑72号,三楼东南卧衣柜,18,橡胶木,非高光板,7500橡胶木,三楼东南卧衣柜_柜A_中立板01,2428,540,1,竖纹,1,1,1,1,非门板
250704-989,朗力,	7521087884510,,水仙苑72号,三楼东南卧衣柜,18,橡胶木,非高光板,7500橡胶木,三楼东南卧衣柜_柜A_踢脚线02_踢脚线前挡板01,823,60,1,横纹,1,1,1,1,非门板
250704-989,朗力,	7521087884527,,水仙苑72号,三楼东南卧衣柜,18,橡胶木,非高光板,7500橡胶木,三楼东南卧衣柜_柜A_踢脚线02_踢脚线后挡板01,60,823,1,无纹理,1,1,1,1,非门板
250704-989,朗力,	7521087884497,,水仙苑72号,三楼东南卧衣柜,18,橡胶木,非高光板,7500橡胶木,三楼东南卧衣柜_柜A_底板02,823,540,1,竖纹,1,1,1,1,非门板
250704-989,朗力,	7521087884572,,水仙苑72号,三楼东南卧衣柜,18,橡胶木,非高光板,7500橡胶木,三楼东南卧衣柜_柜A_踢脚线01_踢脚线前挡板01,823,60,1,横纹,1,1,1,1,非门板
250704-989,朗力,	7521087884589,,水仙苑72号,三楼东南卧衣柜,18,橡胶木,非高光板,7500橡胶木,三楼东南卧衣柜_柜A_踢脚线01_踢脚线后挡板01,60,823,1,无纹理,1,1,1,1,非门板
250704-989,朗力,	7521087884558,,水仙苑72号,三楼东南卧衣柜,18,橡胶木,非高光板,7500橡胶木,三楼东南卧衣柜_柜A_底板01,823,540,1,竖纹,1,1,1,1,非门板
250704-989,朗力,	7521087884657,,水仙苑72号,三楼东南卧衣柜,18,橡胶木,非高光板,7500橡胶木,三楼东南卧衣柜_柜A_顶板01,823,540,1,竖纹,1,1,1,1,非门板
250704-989,朗力,	7521087884701,,水仙苑72号,三楼东南卧衣柜,18,橡胶木,非高光板,7500橡胶木,三楼东南卧衣柜_柜A_横隔板01,823,540,1,竖纹,1,1,1,1,非门板
250704-989,朗力,	7521087884794,,水仙苑72号,三楼东南卧衣柜,18,橡胶木,非高光板,7500橡胶木,三楼东南卧衣柜_柜A_横隔板03,823,540,1,竖纹,1,1,1,1,非门板
250704-989,朗力,	7521087884879,,水仙苑72号,三楼东南卧衣柜,18,橡胶木,非高光板,7500橡胶木,三楼东南卧衣柜_柜A_背板05,402,823,1,竖纹,1,1,1,1,非门板
250704-989,朗力,	7521087884893,,水仙苑72号,三楼东南卧衣柜,18,橡胶木,非高光板,7500橡胶木,三楼东南卧衣柜_柜A_背板03,927,823,1,竖纹,1,1,1,1,非门板
250704-989,朗力,	7521087884916,,水仙苑72号,三楼东南卧衣柜,18,橡胶木,非高光板,7500橡胶木,三楼东南卧衣柜_柜A_背板02,927,823,1,竖纹,1,1,1,1,非门板
250704-989,朗力,	7521087884947,,水仙苑72号,三楼东南卧衣柜,18,橡胶木,非高光板,7500橡胶木,三楼东南卧衣柜_柜A_横隔板02,823,540,1,竖纹,1,1,1,1,非门板
250704-989,朗力,	7521087885012,,水仙苑72号,三楼东南卧衣柜,18,橡胶木,非高光板,7500橡胶木,三楼东南卧衣柜_柜A_背板01,1450,823,1,竖纹,1,1,1,1,非门板
250704-989,朗力,	7521087885036,,水仙苑72号,三楼东南卧衣柜,18,橡胶木,非高光板,7500橡胶木,三楼东南卧衣柜_柜A_背板04,882,823,1,竖纹,1,1,1,1,非门板
250704-989,朗力,	7521087885081,,水仙苑72号,三楼东南卧衣柜,18,橡胶木,非高光板,7500橡胶木,三楼东南卧衣柜_柜A_收口条02_L收口辅板01,841,70,1,无纹理,1,1,1,1,非门板
250704-989,朗力,	7521087885098,,水仙苑72号,三楼东南卧衣柜,18,橡胶木,非高光板,7500橡胶木,三楼东南卧衣柜_柜A_收口条02_L收口面板01,841,40,1,横纹,1,1,1,1,非门板
250704-989,朗力,	7521087885449,,水仙苑72号,三楼东南卧衣柜,18,橡胶木,非高光板,7500橡胶木,三楼东南卧衣柜_柜A_收口条01_L收口辅板01,2428,70,1,无纹理,1,1,1,1,非门板
250704-989,朗力,	7521087885562,,水仙苑72号,三楼东南卧衣柜,18,橡胶木,非高光板,7500橡胶木,三楼东南卧衣柜_柜A_活动层板01,822,520,1,竖纹,1,1,1,1,非门板
250704-989,朗力,	7521087887856,,水仙苑72号,三楼东南卧衣柜,18,橡胶木,非高光板,7500橡胶木,三楼东南卧衣柜_地柜A_左立板01,582,366,1,竖纹,1,1,1,1,非门板
250704-989,朗力,	7521087887887,,水仙苑72号,三楼东南卧衣柜,18,橡胶木,非高光板,7500橡胶木,三楼东南卧衣柜_地柜A_中立板01,582,366,1,竖纹,1,1,1,1,非门板
250704-989,朗力,	7521087887924,,水仙苑72号,三楼东南卧衣柜,18,橡胶木,非高光板,7500橡胶木,三楼东南卧衣柜_地柜A_中立板02,582,366,1,竖纹,1,1,1,1,非门板
250704-989,朗力,	7521087887986,,水仙苑72号,三楼东南卧衣柜,18,橡胶木,非高光板,7500橡胶木,三楼东南卧衣柜_地柜A_右立板01,582,366,1,竖纹,1,1,1,1,非门板
250704-989,朗力,	7521087888013,,水仙苑72号,三楼东南卧衣柜,18,橡胶木,非高光板,7500橡胶木,三楼东南卧衣柜_地柜A_顶板01,1069,366,1,竖纹,1,1,1,1,非门板
250704-989,朗力,	7521087888037,,水仙苑72号,三楼东南卧衣柜,18,橡胶木,非高光板,7500橡胶木,三楼东南卧衣柜_地柜A_顶板02,1069,366,1,竖纹,1,1,1,1,非门板
250704-989,朗力,	7521087888143,,水仙苑72号,三楼东南卧衣柜,18,橡胶木,非高光板,7500橡胶木,三楼东南卧衣柜_地柜A_踢脚线01_踢脚线隔条01,60,299,1,无纹理,1,1,1,1,非门板
250704-989,朗力,	7521087888150,,水仙苑72号,三楼东南卧衣柜,18,橡胶木,非高光板,7500橡胶木,三楼东南卧衣柜_地柜A_踢脚线01_踢脚线前挡板01,1069,60,1,横纹,1,1,1,1,非门板
250704-989,朗力,	7521087888167,,水仙苑72号,三楼东南卧衣柜,18,橡胶木,非高光板,7500橡胶木,三楼东南卧衣柜_地柜A_踢脚线01_踢脚线后挡板01,60,1069,1,无纹理,1,1,1,1,非门板
250704-989,朗力,	7521087888129,,水仙苑72号,三楼东南卧衣柜,18,橡胶木,非高光板,7500橡胶木,三楼东南卧衣柜_地柜A_底板01,1069,366,1,竖纹,1,1,1,1,非门板
250704-989,朗力,	7521087888211,,水仙苑72号,三楼东南卧衣柜,18,橡胶木,非高光板,7500橡胶木,三楼东南卧衣柜_地柜A_踢脚线02_踢脚线隔条01,60,299,1,无纹理,1,1,1,1,非门板
250704-989,朗力,	7521087888228,,水仙苑72号,三楼东南卧衣柜,18,橡胶木,非高光板,7500橡胶木,三楼东南卧衣柜_地柜A_踢脚线02_踢脚线前挡板01,1069,60,1,横纹,1,1,1,1,非门板
250704-989,朗力,	7521087888235,,水仙苑72号,三楼东南卧衣柜,18,橡胶木,非高光板,7500橡胶木,三楼东南卧衣柜_地柜A_踢脚线02_踢脚线后挡板01,60,1069,1,无纹理,1,1,1,1,非门板
250704-989,朗力,	7521087888198,,水仙苑72号,三楼东南卧衣柜,18,橡胶木,非高光板,7500橡胶木,三楼东南卧衣柜_地柜A_底板02,1069,366,1,竖纹,1,1,1,1,非门板
250704-989,朗力,	7521087888297,,水仙苑72号,三楼东南卧衣柜,18,橡胶木,非高光板,7500橡胶木,三楼东南卧衣柜_地柜A_背板01,486,1069,1,竖纹,1,1,1,1,非门板
250704-989,朗力,	7521087888310,,水仙苑72号,三楼东南卧衣柜,18,橡胶木,非高光板,7500橡胶木,三楼东南卧衣柜_地柜A_背板02,486,1069,1,竖纹,1,1,1,1,非门板
250704-989,朗力,	7521087888372,,水仙苑72号,三楼东南卧衣柜,18,橡胶木,非高光板,7500橡胶木,三楼东南卧衣柜_地柜A_抽屉03_抽屉右板01,290,218.25,1,横纹,1,1,1,1,非门板
250704-989,朗力,	7521087888389,,水仙苑72号,三楼东南卧衣柜,18,橡胶木,非高光板,7500橡胶木,三楼东南卧衣柜_地柜A_抽屉03_抽屉左板01,290,218.25,1,横纹,1,1,1,1,非门板
250704-989,朗力,	7521087888396,,水仙苑72号,三楼东南卧衣柜,18,橡胶木,非高光板,7500橡胶木,三楼东南卧衣柜_地柜A_抽屉03_抽屉后板01,1020,190.25,1,横纹,1,1,1,1,非门板
250704-989,朗力,	7521087888334,,水仙苑72号,三楼东南卧衣柜,18,橡胶木,非高光板,7500橡胶木,三楼东南卧衣柜_地柜A_抽屉03_抽屉底板01,1020,290,1,竖纹,1,1,1,1,非门板
250704-989,朗力,	7522806431107,,水仙苑72号,三楼东南卧衣柜,18,橡胶木,非高光板,7500橡胶木,三楼东南卧衣柜_地柜A_抽屉03_抽盒前板01,1020,190.25,1,横纹,1,1,1,1,非门板
250704-989,朗力,	7521087888440,,水仙苑72号,三楼东南卧衣柜,18,橡胶木,非高光板,7500橡胶木,三楼东南卧衣柜_地柜A_抽屉01_抽屉右板01,290,167.75,1,横纹,1,1,1,1,非门板
250704-989,朗力,	7521087888457,,水仙苑72号,三楼东南卧衣柜,18,橡胶木,非高光板,7500橡胶木,三楼东南卧衣柜_地柜A_抽屉01_抽屉左板01,290,167.75,1,横纹,1,1,1,1,非门板
250704-989,朗力,	7521087888464,,水仙苑72号,三楼东南卧衣柜,18,橡胶木,非高光板,7500橡胶木,三楼东南卧衣柜_地柜A_抽屉01_抽屉后板01,1020,139.75,1,横纹,1,1,1,1,非门板
250704-989,朗力,	7521087888402,,水仙苑72号,三楼东南卧衣柜,18,橡胶木,非高光板,7500橡胶木,三楼东南卧衣柜_地柜A_抽屉01_抽屉底板01,1020,290,1,竖纹,1,1,1,1,非门板
250704-989,朗力,	7522806431145,,水仙苑72号,三楼东南卧衣柜,18,橡胶木,非高光板,7500橡胶木,三楼东南卧衣柜_地柜A_抽屉01_抽盒前板01,1020,139.75,1,横纹,1,1,1,1,非门板
250704-989,朗力,	7521087888518,,水仙苑72号,三楼东南卧衣柜,18,橡胶木,非高光板,7500橡胶木,三楼东南卧衣柜_地柜A_抽屉04_抽屉右板01,290,218.25,1,横纹,1,1,1,1,非门板
250704-989,朗力,	7521087888525,,水仙苑72号,三楼东南卧衣柜,18,橡胶木,非高光板,7500橡胶木,三楼东南卧衣柜_地柜A_抽屉04_抽屉左板01,290,218.25,1,横纹,1,1,1,1,非门板
250704-989,朗力,	7521087888532,,水仙苑72号,三楼东南卧衣柜,18,橡胶木,非高光板,7500橡胶木,三楼东南卧衣柜_地柜A_抽屉04_抽屉后板01,1020,190.25,1,横纹,1,1,1,1,非门板
250704-989,朗力,	7521087888471,,水仙苑72号,三楼东南卧衣柜,18,橡胶木,非高光板,7500橡胶木,三楼东南卧衣柜_地柜A_抽屉04_抽屉底板01,1020,290,1,竖纹,1,1,1,1,非门板
250704-989,朗力,	7522806431374,,水仙苑72号,三楼东南卧衣柜,18,橡胶木,非高光板,7500橡胶木,三楼东南卧衣柜_地柜A_抽屉04_抽盒前板01,1020,190.25,1,横纹,1,1,1,1,非门板
250704-989,朗力,	7521087888587,,水仙苑72号,三楼东南卧衣柜,18,橡胶木,非高光板,7500橡胶木,三楼东南卧衣柜_地柜A_抽屉02_抽屉右板01,290,167.75,1,横纹,1,1,1,1,非门板
250704-989,朗力,	7521087888594,,水仙苑72号,三楼东南卧衣柜,18,橡胶木,非高光板,7500橡胶木,三楼东南卧衣柜_地柜A_抽屉02_抽屉左板01,290,167.75,1,横纹,1,1,1,1,非门板
250704-989,朗力,	7521087888600,,水仙苑72号,三楼东南卧衣柜,18,橡胶木,非高光板,7500橡胶木,三楼东南卧衣柜_地柜A_抽屉02_抽屉后板01,1020,139.75,1,横纹,1,1,1,1,非门板
250704-989,朗力,	7521087888549,,水仙苑72号,三楼东南卧衣柜,18,橡胶木,非高光板,7500橡胶木,三楼东南卧衣柜_地柜A_抽屉02_抽屉底板01,1020,290,1,竖纹,1,1,1,1,非门板
250704-989,朗力,	7522806431411,,水仙苑72号,三楼东南卧衣柜,18,橡胶木,非高光板,7500橡胶木,三楼东南卧衣柜_地柜A_抽屉02_抽盒前板01,1020,139.75,1,横纹,1,1,1,1,非门板
250704-989,朗力,	7521087889911,,水仙苑72号,三楼东南卧衣柜,18,橡胶木,非高光板,7500橡胶木,三楼东南卧衣柜_地柜A_收口条01_L收口辅板01,582,70,1,无纹理,1,1,1,1,非门板
250704-989,朗力,	7521087902092,,水仙苑72号,三楼东南卧室书桌,18,橡胶木,非高光板,7500橡胶木,三楼东南卧室书桌_地柜B_左立板01,692,410,1,竖纹,1,1,1,1,非门板
250704-989,朗力,	7521087902122,,水仙苑72号,三楼东南卧室书桌,18,橡胶木,非高光板,7500橡胶木,三楼东南卧室书桌_地柜B_右立板01,692,410,1,竖纹,1,1,1,1,非门板
250704-989,朗力,	7521087902153,,水仙苑72号,三楼东南卧室书桌,18,橡胶木,非高光板,7500橡胶木,三楼东南卧室书桌_地柜B_中立板02,692,410,1,竖纹,1,1,1,1,非门板
250704-989,朗力,	7521087902207,,水仙苑72号,三楼东南卧室书桌,18,橡胶木,非高光板,7500橡胶木,三楼东南卧室书桌_地柜B_中立板01,692,410,1,竖纹,1,1,1,1,非门板
250704-989,朗力,	7521087902269,,水仙苑72号,三楼东南卧室书桌,18,橡胶木,非高光板,7500橡胶木,三楼东南卧室书桌_地柜B_顶板01,689,410,1,竖纹,1,1,1,1,非门板
250704-989,朗力,	7521087902283,,水仙苑72号,三楼东南卧室书桌,18,橡胶木,非高光板,7500橡胶木,三楼东南卧室书桌_地柜B_顶板02,426,410,1,竖纹,1,1,1,1,非门板
250704-989,朗力,	7521087902351,,水仙苑72号,三楼东南卧室书桌,18,橡胶木,非高光板,7500橡胶木,三楼东南卧室书桌_地柜B_踢脚线01_踢脚线前挡板01,689,60,1,横纹,1,1,1,1,非门板
250704-989,朗力,	7521087902368,,水仙苑72号,三楼东南卧室书桌,18,橡胶木,非高光板,7500橡胶木,三楼东南卧室书桌_地柜B_踢脚线01_踢脚线后挡板01,60,689,1,无纹理,1,1,1,1,非门板
250704-989,朗力,	7521087902337,,水仙苑72号,三楼东南卧室书桌,18,橡胶木,非高光板,7500橡胶木,三楼东南卧室书桌_地柜B_底板01,689,410,1,竖纹,1,1,1,1,非门板
250704-989,朗力,	7521087902412,,水仙苑72号,三楼东南卧室书桌,18,橡胶木,非高光板,7500橡胶木,三楼东南卧室书桌_地柜B_踢脚线02_踢脚线前挡板01,426,60,1,横纹,1,1,1,1,非门板
250704-989,朗力,	7521087902429,,水仙苑72号,三楼东南卧室书桌,18,橡胶木,非高光板,7500橡胶木,三楼东南卧室书桌_地柜B_踢脚线02_踢脚线后挡板01,60,426,1,无纹理,1,1,1,1,非门板
250704-989,朗力,	7521087902399,,水仙苑72号,三楼东南卧室书桌,18,橡胶木,非高光板,7500橡胶木,三楼东南卧室书桌_地柜B_底板02,426,410,1,竖纹,1,1,1,1,非门板
250704-989,朗力,	7521087902481,,水仙苑72号,三楼东南卧室书桌,18,橡胶木,非高光板,7500橡胶木,三楼东南卧室书桌_地柜B_背板01,596,689,1,竖纹,1,1,1,1,非门板
250704-989,朗力,	7521087902504,,水仙苑72号,三楼东南卧室书桌,18,橡胶木,非高光板,7500橡胶木,三楼东南卧室书桌_地柜B_背板02,596,426,1,竖纹,1,1,1,1,非门板
250704-989,朗力,	7521087902535,,水仙苑72号,三楼东南卧室书桌,18,橡胶木,非高光板,7500橡胶木,三楼东南卧室书桌_地柜B_活动层板01,425,390,1,竖纹,1,1,1,1,非门板
250704-989,朗力,	7521087903204,,水仙苑72号,三楼东南卧室书桌,18,橡胶木,非高光板,7500橡胶木,三楼东南卧室书桌_地柜B_抽屉03_抽盒前板01,640,147,1,横纹,1,1,1,1,非门板
250704-989,朗力,	7521087903211,,水仙苑72号,三楼东南卧室书桌,18,橡胶木,非高光板,7500橡胶木,三楼东南卧室书桌_地柜B_抽屉03_抽屉右板01,340,175,1,横纹,1,1,1,1,非门板
250704-989,朗力,	7521087903228,,水仙苑72号,三楼东南卧室书桌,18,橡胶木,非高光板,7500橡胶木,三楼东南卧室书桌_地柜B_抽屉03_抽屉左板01,340,175,1,横纹,1,1,1,1,非门板
250704-989,朗力,	7521087903235,,水仙苑72号,三楼东南卧室书桌,18,橡胶木,非高光板,7500橡胶木,三楼东南卧室书桌_地柜B_抽屉03_抽屉后板01,640,147,1,横纹,1,1,1,1,非门板
250704-989,朗力,	7521087903174,,水仙苑72号,三楼东南卧室书桌,18,橡胶木,非高光板,7500橡胶木,三楼东南卧室书桌_地柜B_抽屉03_抽屉底板01,640,340,1,竖纹,1,1,1,1,非门板
250704-989,朗力,	7521087903297,,水仙苑72号,三楼东南卧室书桌,18,橡胶木,非高光板,7500橡胶木,三楼东南卧室书桌_地柜B_抽屉02_抽盒前板01,640,147,1,横纹,1,1,1,1,非门板
250704-989,朗力,	7521087903303,,水仙苑72号,三楼东南卧室书桌,18,橡胶木,非高光板,7500橡胶木,三楼东南卧室书桌_地柜B_抽屉02_抽屉右板01,340,175,1,横纹,1,1,1,1,非门板
250704-989,朗力,	7521087903310,,水仙苑72号,三楼东南卧室书桌,18,橡胶木,非高光板,7500橡胶木,三楼东南卧室书桌_地柜B_抽屉02_抽屉左板01,340,175,1,横纹,1,1,1,1,非门板
250704-989,朗力,	7521087903327,,水仙苑72号,三楼东南卧室书桌,18,橡胶木,非高光板,7500橡胶木,三楼东南卧室书桌_地柜B_抽屉02_抽屉后板01,640,147,1,横纹,1,1,1,1,非门板
250704-989,朗力,	7521087903266,,水仙苑72号,三楼东南卧室书桌,18,橡胶木,非高光板,7500橡胶木,三楼东南卧室书桌_地柜B_抽屉02_抽屉底板01,640,340,1,竖纹,1,1,1,1,非门板
250704-989,朗力,	7521087903419,,水仙苑72号,三楼东南卧室书桌,18,橡胶木,非高光板,7500橡胶木,三楼东南卧室书桌_地柜B_抽屉01_抽盒前板01,640,87,1,横纹,1,1,1,1,非门板
250704-989,朗力,	7521087903426,,水仙苑72号,三楼东南卧室书桌,18,橡胶木,非高光板,7500橡胶木,三楼东南卧室书桌_地柜B_抽屉01_抽屉右板01,340,115,1,横纹,1,1,1,1,非门板
250704-989,朗力,	7521087903433,,水仙苑72号,三楼东南卧室书桌,18,橡胶木,非高光板,7500橡胶木,三楼东南卧室书桌_地柜B_抽屉01_抽屉左板01,340,115,1,横纹,1,1,1,1,非门板
250704-989,朗力,	7521087903440,,水仙苑72号,三楼东南卧室书桌,18,橡胶木,非高光板,7500橡胶木,三楼东南卧室书桌_地柜B_抽屉01_抽屉后板01,640,87,1,横纹,1,1,1,1,非门板
250704-989,朗力,	7521087903389,,水仙苑72号,三楼东南卧室书桌,18,橡胶木,非高光板,7500橡胶木,三楼东南卧室书桌_地柜B_抽屉01_抽屉底板01,640,340,1,竖纹,1,1,1,1,非门板
250704-989,朗力,	7521087904980,,水仙苑72号,三楼东南卧室书桌,18,橡胶木,非高光板,7500橡胶木,三楼东南卧室书桌_地柜B_收口条01_L收口辅板01,692,70,1,无纹理,1,1,1,1,非门板
250704-989,朗力,	7521087904416,,水仙苑72号,三楼东南卧室书桌,18,橡胶木,非高光板,7500橡胶木,三楼东南卧室书桌_地柜D_左立板01,692,380,1,竖纹,1,1,1,1,非门板
250704-989,朗力,	7521087904447,,水仙苑72号,三楼东南卧室书桌,18,橡胶木,非高光板,7500橡胶木,三楼东南卧室书桌_地柜D_右立板01,692,380,1,竖纹,1,1,1,1,非门板
250704-989,朗力,	7521087904478,,水仙苑72号,三楼东南卧室书桌,18,橡胶木,非高光板,7500橡胶木,三楼东南卧室书桌_地柜D_顶板01,256,380,1,竖纹,1,1,1,1,非门板
250704-989,朗力,	7521087904546,,水仙苑72号,三楼东南卧室书桌,18,橡胶木,非高光板,7500橡胶木,三楼东南卧室书桌_地柜D_踢脚线01_踢脚线前挡板01,256,60,1,横纹,1,1,1,1,非门板
250704-989,朗力,	7521087904553,,水仙苑72号,三楼东南卧室书桌,18,橡胶木,非高光板,7500橡胶木,三楼东南卧室书桌_地柜D_踢脚线01_踢脚线后挡板01,60,256,1,无纹理,1,1,1,1,非门板
250704-989,朗力,	7521087904522,,水仙苑72号,三楼东南卧室书桌,18,橡胶木,非高光板,7500橡胶木,三楼东南卧室书桌_地柜D_底板01,256,380,1,竖纹,1,1,1,1,非门板
250704-989,朗力,	7521087904614,,水仙苑72号,三楼东南卧室书桌,18,橡胶木,非高光板,7500橡胶木,三楼东南卧室书桌_地柜D_背板01,596,256,1,竖纹,1,1,1,1,非门板
250704-989,朗力,	7521087904911,,水仙苑72号,三楼东南卧室书桌,18,橡胶木,非高光板,7500橡胶木,三楼东南卧室书桌_地柜D_收口条01_L收口辅板01,692,70,1,无纹理,1,1,1,1,非门板
250704-989,朗力,	7522806430636,,水仙苑72号,备用条,18,橡胶木,非高光板,7500橡胶木,备用条_单板G_竖隔板01,2400,50,1,竖纹,1,1,1,1,非门板
250704-989,朗力,	7521087885456,,水仙苑72号,三楼东南卧衣柜,18,欧松板,非高光板,7500欧松板,三楼东南卧衣柜_柜A_收口条01_L收口面板01,2428,30,1,竖纹,1,1,1,1,非门板
250704-989,朗力,	7521087885692,,水仙苑72号,三楼东南卧衣柜,18,欧松板,非高光板,7500欧松板,三楼东南卧衣柜_柜A_柜门01_左开拉直器01_左开,2406,422,1,竖纹,1,1,1,1,门板
250704-989,朗力,	7521087885722,,水仙苑72号,三楼东南卧衣柜,18,欧松板,非高光板,7500欧松板,三楼东南卧衣柜_柜A_柜门01_右开拉直器01_右开,2406,422,1,竖纹,1,1,1,1,门板
250704-989,朗力,	7521087885760,,水仙苑72号,三楼东南卧衣柜,18,欧松板,非高光板,7500欧松板,三楼东南卧衣柜_柜A_柜门02_左开拉直器01_左开,2406,422,1,竖纹,1,1,1,1,门板
250704-989,朗力,	7521087885791,,水仙苑72号,三楼东南卧衣柜,18,欧松板,非高光板,7500欧松板,三楼东南卧衣柜_柜A_柜门02_右开拉直器01_右开,2406,422,1,竖纹,1,1,1,1,门板
250704-989,朗力,	7521087887351,,水仙苑72号,三楼东南卧衣柜,18,欧松板,非高光板,7500欧松板,三楼东南卧衣柜_圆弧R150_圆弧R150_圆弧异形板件3,2428,695.62,1,竖纹,1,1,1,1,非门板
250704-989,朗力,	7521087886156,,水仙苑72号,三楼东南卧衣柜,18,欧松板,非高光板,7500欧松板,三楼东南卧衣柜_圆弧R150_横隔板06,164,524,1,竖纹,0,0,0,0,非门板
250704-989,朗力,	7521087886163,,水仙苑72号,三楼东南卧衣柜,18,欧松板,非高光板,7500欧松板,三楼东南卧衣柜_圆弧R150_底板01,164,524,1,竖纹,0,0,0,0,非门板
250704-989,朗力,	7521087886255,,水仙苑72号,三楼东南卧衣柜,18,欧松板,非高光板,7500欧松板,三楼东南卧衣柜_圆弧R150_竖隔板01,2398,182,1,竖纹,1,1,1,1,非门板
250704-989,朗力,	7521087886262,,水仙苑72号,三楼东南卧衣柜,18,欧松板,非高光板,7500欧松板,三楼东南卧衣柜_圆弧R150_左立板01,2398,80,1,竖纹,1,1,1,1,非门板
250704-989,朗力,	7521087886484,,水仙苑72号,三楼东南卧衣柜,18,欧松板,非高光板,7500欧松板,三楼东南卧衣柜_圆弧R150_左立板02,2398,80,1,竖纹,1,1,1,1,非门板
250704-989,朗力,	7521087886750,,水仙苑72号,三楼东南卧衣柜,18,欧松板,非高光板,7500欧松板,三楼东南卧衣柜_圆弧R150_横隔板05,164,524,1,竖纹,0,0,0,0,非门板
250704-989,朗力,	7521087886804,,水仙苑72号,三楼东南卧衣柜,18,欧松板,非高光板,7500欧松板,三楼东南卧衣柜_圆弧R150_横隔板04,164,524,1,竖纹,0,0,0,0,非门板
250704-989,朗力,	7521087886859,,水仙苑72号,三楼东南卧衣柜,18,欧松板,非高光板,7500欧松板,三楼东南卧衣柜_圆弧R150_横隔板02,164,524,1,竖纹,0,0,0,0,非门板
250704-989,朗力,	7521087886903,,水仙苑72号,三楼东南卧衣柜,18,欧松板,非高光板,7500欧松板,三楼东南卧衣柜_圆弧R150_横隔板03,164,524,1,竖纹,0,0,0,0,非门板
250704-989,朗力,	7521087886958,,水仙苑72号,三楼东南卧衣柜,18,欧松板,非高光板,7500欧松板,三楼东南卧衣柜_圆弧R150_横隔板01,164,524,1,竖纹,0,0,0,0,非门板
250704-989,朗力,	7521087888358,,水仙苑72号,三楼东南卧衣柜,18,欧松板,非高光板,7500欧松板,三楼东南卧衣柜_地柜A_抽屉03_抽面22厚度15边框01,283.5,1102,1,竖纹,1,1,1,1,非门板
250704-989,朗力,	7521087888426,,水仙苑72号,三楼东南卧衣柜,18,欧松板,非高光板,7500欧松板,三楼东南卧衣柜_地柜A_抽屉01_抽面22厚度15边框01,283.5,1102,1,竖纹,1,1,1,1,非门板
250704-989,朗力,	7521087888495,,水仙苑72号,三楼东南卧衣柜,18,欧松板,非高光板,7500欧松板,三楼东南卧衣柜_地柜A_抽屉04_抽面22厚度15边框01,283.5,1102,1,竖纹,1,1,1,1,非门板
250704-989,朗力,	7521087888563,,水仙苑72号,三楼东南卧衣柜,18,欧松板,非高光板,7500欧松板,三楼东南卧衣柜_地柜A_抽屉02_抽面22厚度15边框01,283.5,1102,1,竖纹,1,1,1,1,非门板
250704-989,朗力,	7521087889928,,水仙苑72号,三楼东南卧衣柜,18,欧松板,非高光板,7500欧松板,三楼东南卧衣柜_地柜A_收口条01_L收口面板01,582,30,1,竖纹,1,1,1,1,非门板
250704-989,朗力,	7521087890139,,水仙苑72号,三楼东南卧衣柜,18,欧松板,非高光板,7500欧松板,三楼东南卧衣柜_地柜A_收口条02_侧收口01,2240,400,1,竖纹,1,1,1,1,非门板
250704-989,朗力,	7521087890634,,水仙苑72号,三楼东南卧衣柜,18,欧松板,非高光板,7500欧松板,三楼东南卧衣柜_地柜C_竖隔板01,580,1100,1,横纹,1,1,1,1,非门板
250704-989,朗力,	7521087890672,,水仙苑72号,三楼东南卧衣柜,18,欧松板,非高光板,7500欧松板,三楼东南卧衣柜_地柜C_竖隔板02,2530,1100,1,横纹,1,1,1,1,非门板
250704-989,朗力,	7521087890924,,水仙苑72号,三楼东南卧衣柜,18,欧松板,非高光板,7500欧松板,三楼东南卧衣柜_地柜B_顶板01,500,400,1,竖纹,1,1,1,1,非门板
250704-989,朗力,	7521087890955,,水仙苑72号,三楼东南卧衣柜,18,欧松板,非高光板,7500欧松板,三楼东南卧衣柜_地柜B_右立板01,182,380,1,竖纹,1,1,1,1,非门板
250704-989,朗力,	7521087890993,,水仙苑72号,三楼东南卧衣柜,18,欧松板,非高光板,7500欧松板,三楼东南卧衣柜_地柜B_左立板01,182,380,1,竖纹,1,1,1,1,非门板
250704-989,朗力,	7521087891037,,水仙苑72号,三楼东南卧衣柜,18,欧松板,非高光板,7500欧松板,三楼东南卧衣柜_地柜B_底板01,464,355,1,竖纹,1,1,1,1,非门板
250704-989,朗力,	7521087891075,,水仙苑72号,三楼东南卧衣柜,18,欧松板,非高光板,7500欧松板,三楼东南卧衣柜_地柜B_背板01,164,464,1,竖纹,1,1,1,1,非门板
250704-989,朗力,	7521087891211,,水仙苑72号,三楼东南卧衣柜,18,欧松板,非高光板,7500欧松板,三楼东南卧衣柜_地柜B_抽屉01_抽屉面板01,181.5,497,1,竖纹,1,1,1,1,非门板
250704-989,朗力,	7521087891228,,水仙苑72号,三楼东南卧衣柜,18,欧松板,非高光板,7500欧松板,三楼东南卧衣柜_地柜B_抽屉01_抽盒前板01,415,96,1,横纹,1,1,1,1,非门板
250704-989,朗力,	7521087891235,,水仙苑72号,三楼东南卧衣柜,18,欧松板,非高光板,7500欧松板,三楼东南卧衣柜_地柜B_抽屉01_抽屉右板01,290,124,1,横纹,1,1,1,1,非门板
250704-989,朗力,	7521087891242,,水仙苑72号,三楼东南卧衣柜,18,欧松板,非高光板,7500欧松板,三楼东南卧衣柜_地柜B_抽屉01_抽屉左板01,290,124,1,横纹,1,1,1,1,非门板
250704-989,朗力,	7521087891259,,水仙苑72号,三楼东南卧衣柜,18,欧松板,非高光板,7500欧松板,三楼东南卧衣柜_地柜B_抽屉01_抽屉后板01,415,96,1,横纹,1,1,1,1,非门板
250704-989,朗力,	7521087891198,,水仙苑72号,三楼东南卧衣柜,18,欧松板,非高光板,7500欧松板,三楼东南卧衣柜_地柜B_抽屉01_抽屉底板01,415,290,1,竖纹,1,1,1,1,非门板
250704-989,朗力,	7521087902641,,水仙苑72号,三楼东南卧室书桌,18,欧松板,非高光板,7500欧松板,三楼东南卧室书桌_地柜B_柜门01_右开01_右开,680.5,459,1,竖纹,1,1,1,1,门板
250704-989,朗力,	7521087903198,,水仙苑72号,三楼东南卧室书桌,18,欧松板,非高光板,7500欧松板,三楼东南卧室书桌_地柜B_抽屉03_抽面22厚度15边框01,224,722,1,竖纹,1,1,1,1,非门板
250704-989,朗力,	7521087903280,,水仙苑72号,三楼东南卧室书桌,18,欧松板,非高光板,7500欧松板,三楼东南卧室书桌_地柜B_抽屉02_抽面22厚度15边框01,224,722,1,竖纹,1,1,1,1,非门板
250704-989,朗力,	7521087903402,,水仙苑72号,三楼东南卧室书桌,18,欧松板,非高光板,7500欧松板,三楼东南卧室书桌_地柜B_抽屉01_抽面22厚度15边框01,226.5,722,1,竖纹,1,1,1,1,非门板
250704-989,朗力,	7521087904997,,水仙苑72号,三楼东南卧室书桌,18,欧松板,非高光板,7500欧松板,三楼东南卧室书桌_地柜B_收口条01_L收口面板01,692,30,1,竖纹,1,1,1,1,非门板
250704-989,朗力,	7521087904645,,水仙苑72号,三楼东南卧室书桌,18,欧松板,非高光板,7500欧松板,三楼东南卧室书桌_地柜D_柜门01_左开01_左开,680.5,289,1,竖纹,1,1,1,1,门板
250704-989,朗力,	7521087904928,,水仙苑72号,三楼东南卧室书桌,18,欧松板,非高光板,7500欧松板,三楼东南卧室书桌_地柜D_收口条01_L收口面板01,692,30,1,竖纹,1,1,1,1,非门板
250704-989,朗力,	7521087905123,,水仙苑72号,三楼东南卧室书桌,18,欧松板,非高光板,7500欧松板,三楼东南卧室书桌_柜A_左立板01,1608,395,1,竖纹,1,1,1,1,非门板
250704-989,朗力,	7521087905154,,水仙苑72号,三楼东南卧室书桌,18,欧松板,非高光板,7500欧松板,三楼东南卧室书桌_柜A_右立板01,1608,395,1,竖纹,1,1,1,1,非门板
250704-989,朗力,	7521087905185,,水仙苑72号,三楼东南卧室书桌,18,欧松板,非高光板,7500欧松板,三楼东南卧室书桌_柜A_底板01,344,395,1,竖纹,1,1,1,1,非门板
250704-989,朗力,	7521087905239,,水仙苑72号,三楼东南卧室书桌,18,欧松板,非高光板,7500欧松板,三楼东南卧室书桌_柜A_顶板01,344,395,1,竖纹,1,1,1,1,非门板
250704-989,朗力,	7521087905277,,水仙苑72号,三楼东南卧室书桌,18,欧松板,非高光板,7500欧松板,三楼东南卧室书桌_柜A_背板01,1572,344,1,竖纹,1,1,1,1,非门板
250704-989,朗力,	7521087905307,,水仙苑72号,三楼东南卧室书桌,18,欧松板,非高光板,7500欧松板,三楼东南卧室书桌_柜A_横隔板01,344,375,1,竖纹,1,1,1,1,非门板
250704-989,朗力,	7521087905390,,水仙苑72号,三楼东南卧室书桌,18,欧松板,非高光板,7500欧松板,三楼东南卧室书桌_柜A_活动层板02,343,375,1,竖纹,1,1,1,1,非门板
250704-989,朗力,	7521087905444,,水仙苑72号,三楼东南卧室书桌,18,欧松板,非高光板,7500欧松板,三楼东南卧室书桌_柜A_活动层板01,343,375,1,竖纹,1,1,1,1,非门板
250704-989,朗力,	7521087905673,,水仙苑72号,三楼东南卧室书桌,18,欧松板,非高光板,7500欧松板,三楼东南卧室书桌_柜A_收口条02_L收口辅板01,1608,70,1,无纹理,1,1,1,1,非门板
250704-989,朗力,	7521087905680,,水仙苑72号,三楼东南卧室书桌,18,欧松板,非高光板,7500欧松板,三楼东南卧室书桌_柜A_收口条02_L收口面板01,1608,30,1,竖纹,1,1,1,1,非门板
250704-989,朗力,	7521087905727,,水仙苑72号,三楼东南卧室书桌,18,欧松板,非高光板,7500欧松板,三楼东南卧室书桌_柜A_收口条03_L收口辅板01,410,70,1,无纹理,1,1,1,1,非门板
250704-989,朗力,	7521087905734,,水仙苑72号,三楼东南卧室书桌,18,欧松板,非高光板,7500欧松板,三楼东南卧室书桌_柜A_收口条03_L收口面板01,348,410,1,竖纹,1,1,1,1,非门板
250704-989,朗力,	7521946506447,,水仙苑72号,三楼东南卧室书桌,18,欧松板,非高光板,7500欧松板,三楼东南卧室书桌_柜A_收口条01_L收口辅板01,1956,70,1,无纹理,1,1,1,1,非门板
250704-989,朗力,	7521946506454,,水仙苑72号,三楼东南卧室书桌,18,欧松板,非高光板,7500欧松板,三楼东南卧室书桌_柜A_收口条01_L收口面板01,1956,100,1,竖纹,1,1,1,1,非门板
250704-989,朗力,	7521087906250,,水仙苑72号,三楼东南卧室书桌,18,欧松板,非高光板,7500欧松板,三楼东南卧室书桌_组装好发货里面加方管右前方留切割位_顶板01,1887,550,1,竖纹,1,1,1,1,非门板
250704-989,朗力,	7521087906281,,水仙苑72号,三楼东南卧室书桌,18,欧松板,非高光板,7500欧松板,三楼东南卧室书桌_组装好发货里面加方管右前方留切割位_竖隔板02,2312,70,1,横纹,1,1,1,1,非门板
250704-989,朗力,	7522806431565,,水仙苑72号,三楼东南卧室书桌,18,欧松板,非高光板,7500欧松板,三楼东南卧室书桌_组装好发货里面加方管右前方留切割位_中立板01,70,502,1,竖纹,1,1,1,1,非门板
250704-989,朗力,	7522806431633,,水仙苑72号,三楼东南卧室书桌,18,欧松板,非高光板,7500欧松板,三楼东南卧室书桌_组装好发货里面加方管右前方留切割位_底板01,2246,484,1,竖纹,1,1,1,1,非门板
250704-989,朗力,	7522806431701,,水仙苑72号,三楼东南卧室书桌,18,欧松板,非高光板,7500欧松板,三楼东南卧室书桌_组装好发货里面加方管右前方留切割位_中立板02,70,502,1,竖纹,1,1,1,1,非门板
250704-989,朗力,	7522806431923,,水仙苑72号,三楼东南卧室书桌,18,欧松板,非高光板,7500欧松板,三楼东南卧室书桌_组装好发货里面加方管右前方留切割位_竖隔板01,2246,70,1,横纹,1,1,1,1,非门板
250704-989,朗力,	7521087906779,,水仙苑72号,三楼东南卧室书桌,18,欧松板,非高光板,7500欧松板,三楼东南卧室书桌_地柜C_顶板01,1305,455,1,竖纹,1,1,1,1,非门板
250704-989,朗力,	7521087906809,,水仙苑72号,三楼东南卧室书桌,18,欧松板,非高光板,7500欧松板,三楼东南卧室书桌_地柜C_这块板件需要现场切，方管要通过来这边01,755,70,1,横纹,1,1,1,1,非门板
250704-989,朗力,	7521087906847,,水仙苑72号,三楼东南卧室书桌,18,欧松板,非高光板,7500欧松板,三楼东南卧室书桌_地柜C_竖隔板01,721.38,70,1,横纹,1,1,1,1,非门板
250704-989,朗力,	7521087906915,,水仙苑72号,三楼东南卧室书桌,18,欧松板,非高光板,7500欧松板,三楼东南卧室书桌_地柜C_中立板01,70,389,1,竖纹,1,1,1,1,非门板
250704-989,朗力,	7521087906991,,水仙苑72号,三楼东南卧室书桌,18,欧松板,非高光板,7500欧松板,三楼东南卧室书桌_地柜C_中立板02,70,389,1,竖纹,1,1,1,1,非门板
250704-989,朗力,	7521087907080,,水仙苑72号,三楼东南卧室书桌,18,欧松板,非高光板,7500欧松板,三楼东南卧室书桌_地柜C_底板01,685.38,389,1,竖纹,1,1,1,1,非门板
250704-989,朗力,	7521087907325,,水仙苑72号,三楼东南卧室书桌,18,欧松板,非高光板,7500欧松板,三楼东南卧室书桌_地柜C_中立板03,52,389,1,竖纹,1,1,1,1,非门板
250704-989,朗力,	7522806430674,,水仙苑72号,备用条,18,欧松板,非高光板,7500欧松板,备用条_单板H_竖隔板01,2400,50,1,竖纹,1,1,1,1,非门板
