订单号,客户,板件条码,板件备注,项目地址,房间,厚度,材质,高光板,颜色,板件名称,成品长度,成品宽度,数量,纹理,前封边,后封边,左封边,右封边,门板
250727-1021,朗力,	7535873037882,,电台路599弄76号302,厨房小阳台柜,18,欧松板,非高光板,S705,厨房小阳台柜_地柜B_底板01,864,535,1,竖纹,1,1,1,1,非门板
250727-1021,朗力,	7535873037912,,电台路599弄76号302,厨房小阳台柜,18,欧松板,非高光板,S705,厨房小阳台柜_地柜B_右立板01,837,285,1,竖纹,1,1,1,1,非门板
250727-1021,朗力,	7535873037950,,电台路599弄76号302,厨房小阳台柜,18,欧松板,非高光板,S705,厨房小阳台柜_地柜B_左立板01,837,535,1,竖纹,1,1,1,1,非门板
250727-1021,朗力,	7535873037998,,电台路599弄76号302,厨房小阳台柜,18,欧松板,非高光板,S705,厨房小阳台柜_地柜B_顶板01,828,507,1,竖纹,1,1,1,1,非门板
250727-1021,朗力,	7535873038032,,电台路599弄76号302,厨房小阳台柜,18,欧松板,非高光板,S705,厨房小阳台柜_地柜B_背板01,819,728,1,竖纹,1,1,1,1,非门板
250727-1021,朗力,	7535873038346,,电台路599弄76号302,厨房小阳台柜,18,欧松板,非高光板,S705,厨房小阳台柜_地柜B_收口条01_L收口辅板01,855,70,1,无纹理,1,1,1,1,非门板
250727-1021,朗力,	7535873038353,,电台路599弄76号302,厨房小阳台柜,18,欧松板,非高光板,S705,厨房小阳台柜_地柜B_收口条01_L收口面板01,855,30,1,竖纹,1,1,1,1,非门板
250727-1021,朗力,	7535873038476,,电台路599弄76号302,厨房小阳台柜,18,欧松板,非高光板,S705,厨房小阳台柜_地柜B_竖隔板01,855,325,1,竖纹,1,1,1,1,非门板
250727-1021,朗力,	7535873038834,,电台路599弄76号302,厨房小阳台柜,18,欧松板,非高光板,S705,厨房小阳台柜_地柜B_柜门01_单开门01_右开,825,535,1,竖纹,1,1,1,1,门板
250727-1021,朗力,	7535873039039,,电台路599弄76号302,厨房小阳台柜,18,欧松板,非高光板,S705,厨房小阳台柜_地柜B_横隔板01,828,517,1,竖纹,1,1,1,1,非门板
250727-1021,朗力,	7535873039244,,电台路599弄76号302,厨房小阳台柜,18,欧松板,非高光板,S705,厨房小阳台柜_地柜B_切角板01,819,100,1,竖纹,1,1,1,1,非门板
250727-1021,朗力,	7535873039251,,电台路599弄76号302,厨房小阳台柜,18,欧松板,非高光板,S705,厨房小阳台柜_地柜B_切角板02,819,250,1,竖纹,1,1,1,1,非门板
250727-1021,朗力,	7535873039428,,电台路599弄76号302,厨房小阳台柜,18,欧松板,非高光板,S705,厨房小阳台柜_地柜A_底板01,547,295,1,竖纹,1,1,1,1,非门板
250727-1021,朗力,	7535873039459,,电台路599弄76号302,厨房小阳台柜,18,欧松板,非高光板,S705,厨房小阳台柜_地柜A_右立板01,837,295,1,竖纹,1,1,1,1,非门板
250727-1021,朗力,	7535873039497,,电台路599弄76号302,厨房小阳台柜,18,欧松板,非高光板,S705,厨房小阳台柜_地柜A_左立板01,837,295,1,竖纹,1,1,1,1,非门板
250727-1021,朗力,	7535873039534,,电台路599弄76号302,厨房小阳台柜,18,欧松板,非高光板,S705,厨房小阳台柜_地柜A_顶板01,511,267,1,竖纹,1,1,1,1,非门板
250727-1021,朗力,	7535873039572,,电台路599弄76号302,厨房小阳台柜,18,欧松板,非高光板,S705,厨房小阳台柜_地柜A_背板01,819,511,1,竖纹,1,1,1,1,非门板
250727-1021,朗力,	7535873040059,,电台路599弄76号302,厨房小阳台柜,18,欧松板,非高光板,S705,厨房小阳台柜_地柜A_抽屉03_抽屉面板01,543,255,1,横纹,1,1,1,1,非门板
250727-1021,朗力,	7535873040066,,电台路599弄76号302,厨房小阳台柜,18,欧松板,非高光板,S705,厨房小阳台柜_地柜A_抽屉03_抽盒前板01,449,180,1,横纹,1,1,1,1,非门板
250727-1021,朗力,	7535873040073,,电台路599弄76号302,厨房小阳台柜,18,欧松板,非高光板,S705,厨房小阳台柜_地柜A_抽屉03_抽屉右板01,250,180,1,横纹,1,1,1,1,非门板
250727-1021,朗力,	7535873040080,,电台路599弄76号302,厨房小阳台柜,18,欧松板,非高光板,S705,厨房小阳台柜_地柜A_抽屉03_抽屉左板01,250,180,1,横纹,1,1,1,1,非门板
250727-1021,朗力,	7535873040097,,电台路599弄76号302,厨房小阳台柜,18,欧松板,非高光板,S705,厨房小阳台柜_地柜A_抽屉03_抽屉后板01,449,180,1,横纹,1,1,1,1,非门板
250727-1021,朗力,	7535873040035,,电台路599弄76号302,厨房小阳台柜,18,欧松板,非高光板,S705,厨房小阳台柜_地柜A_抽屉03_抽屉底板01,449,214,1,竖纹,1,1,1,1,非门板
250727-1021,朗力,	7535873040134,,电台路599弄76号302,厨房小阳台柜,18,欧松板,非高光板,S705,厨房小阳台柜_地柜A_抽屉02_抽屉面板01,543,255,1,横纹,1,1,1,1,非门板
250727-1021,朗力,	7535873040141,,电台路599弄76号302,厨房小阳台柜,18,欧松板,非高光板,S705,厨房小阳台柜_地柜A_抽屉02_抽盒前板01,449,180,1,横纹,1,1,1,1,非门板
250727-1021,朗力,	7535873040158,,电台路599弄76号302,厨房小阳台柜,18,欧松板,非高光板,S705,厨房小阳台柜_地柜A_抽屉02_抽屉右板01,250,180,1,横纹,1,1,1,1,非门板
250727-1021,朗力,	7535873040165,,电台路599弄76号302,厨房小阳台柜,18,欧松板,非高光板,S705,厨房小阳台柜_地柜A_抽屉02_抽屉左板01,250,180,1,横纹,1,1,1,1,非门板
250727-1021,朗力,	7535873040172,,电台路599弄76号302,厨房小阳台柜,18,欧松板,非高光板,S705,厨房小阳台柜_地柜A_抽屉02_抽屉后板01,449,180,1,横纹,1,1,1,1,非门板
250727-1021,朗力,	7535873040110,,电台路599弄76号302,厨房小阳台柜,18,欧松板,非高光板,S705,厨房小阳台柜_地柜A_抽屉02_抽屉底板01,449,214,1,竖纹,1,1,1,1,非门板
250727-1021,朗力,	7535873040219,,电台路599弄76号302,厨房小阳台柜,18,欧松板,非高光板,S705,厨房小阳台柜_地柜A_抽屉01_抽屉面板01,543,255,1,横纹,1,1,1,1,非门板
250727-1021,朗力,	7535873040226,,电台路599弄76号302,厨房小阳台柜,18,欧松板,非高光板,S705,厨房小阳台柜_地柜A_抽屉01_抽盒前板01,449,180,1,横纹,1,1,1,1,非门板
250727-1021,朗力,	7535873040233,,电台路599弄76号302,厨房小阳台柜,18,欧松板,非高光板,S705,厨房小阳台柜_地柜A_抽屉01_抽屉右板01,250,180,1,横纹,1,1,1,1,非门板
250727-1021,朗力,	7535873040240,,电台路599弄76号302,厨房小阳台柜,18,欧松板,非高光板,S705,厨房小阳台柜_地柜A_抽屉01_抽屉左板01,250,180,1,横纹,1,1,1,1,非门板
250727-1021,朗力,	7535873040257,,电台路599弄76号302,厨房小阳台柜,18,欧松板,非高光板,S705,厨房小阳台柜_地柜A_抽屉01_抽屉后板01,449,180,1,横纹,1,1,1,1,非门板
250727-1021,朗力,	7535873040196,,电台路599弄76号302,厨房小阳台柜,18,欧松板,非高光板,S705,厨房小阳台柜_地柜A_抽屉01_抽屉底板01,449,214,1,竖纹,1,1,1,1,非门板
250727-1021,朗力,	7535873040813,,电台路599弄76号302,厨房小阳台柜,18,欧松板,非高光板,S705,厨房小阳台柜_地柜A_收口条01_L收口辅板01,855,70,1,无纹理,1,1,1,1,非门板
250727-1021,朗力,	7535873040820,,电台路599弄76号302,厨房小阳台柜,18,欧松板,非高光板,S705,厨房小阳台柜_地柜A_收口条01_L收口面板01,855,30,1,竖纹,1,1,1,1,非门板
250727-1021,朗力,	7535873040844,,电台路599弄76号302,厨房小阳台柜,18,欧松板,非高光板,S705,厨房小阳台柜_地柜A_收口条02_L收口辅板01,855,70,1,无纹理,1,1,1,1,非门板
250727-1021,朗力,	7535873040851,,电台路599弄76号302,厨房小阳台柜,18,欧松板,非高光板,S705,厨房小阳台柜_地柜A_收口条02_L收口面板01,855,30,1,竖纹,1,1,1,1,非门板
250727-1021,朗力,	7535873044682,,电台路599弄76号302,厨房,18,欧松板,非高光板,S705,厨房_地柜C_拉条01,600,90,1,横纹,1,1,1,1,非门板
250727-1021,朗力,	7535873044903,,电台路599弄76号302,厨房,18,欧松板,非高光板,S705,厨房_地柜C_竖隔板01,735,590,1,竖纹,1,1,1,1,非门板
250727-1021,朗力,	7535873045580,,电台路599弄76号302,厨房,18,欧松板,非高光板,S705,厨房_地柜C_柜门01_单开门01_左开,705,458,1,竖纹,1,1,1,1,门板
250727-1021,朗力,	7535873046105,,电台路599弄76号302,厨房,18,欧松板,非高光板,S705,厨房_地柜C_抽屉03_抽屉面板01,459,215,1,横纹,1,1,1,1,非门板
250727-1021,朗力,	7535873046181,,电台路599弄76号302,厨房,18,欧松板,非高光板,S705,厨房_地柜C_抽屉02_抽屉面板01,459,215,1,横纹,1,1,1,1,非门板
250727-1021,朗力,	7535873046266,,电台路599弄76号302,厨房,18,欧松板,非高光板,S705,厨房_地柜C_抽屉01_抽屉面板01,459,215,1,横纹,1,1,1,1,非门板
250727-1021,朗力,	7535873047843,,电台路599弄76号302,厨房,18,欧松板,非高光板,S705,厨房_地柜A_竖隔板01,590,785,1,横纹,1,1,1,1,非门板
250727-1021,朗力,	7535873048307,,电台路599弄76号302,厨房,18,欧松板,非高光板,S705,厨房_地柜A_柜门01_双开左01_左开,755,440,1,竖纹,1,1,1,1,门板
250727-1021,朗力,	7535873048338,,电台路599弄76号302,厨房,18,欧松板,非高光板,S705,厨房_地柜A_柜门01_双开右01_右开,755,440,1,竖纹,1,1,1,1,门板
250727-1021,朗力,	7535873048550,,电台路599弄76号302,厨房,18,欧松板,非高光板,S705,厨房_地柜A_收口条01_L收口面板01,785,30,1,竖纹,1,1,1,1,非门板
250727-1021,朗力,	7535873050997,,电台路599弄76号302,厨房,18,欧松板,非高光板,S705,厨房_地柜B_柜门01_单开门01,362,597,1,竖纹,1,1,1,1,门板
250727-1021,朗力,	7535873051048,,电台路599弄76号302,厨房,18,欧松板,非高光板,S705,厨房_地柜B_柜门02_单开门01,362,597,1,竖纹,1,1,1,1,门板
250727-1021,朗力,	7535873051406,,电台路599弄76号302,厨房,18,欧松板,非高光板,S705,厨房_地柜B_抽屉01_抽屉面板01,362,362,1,横纹,1,1,1,1,非门板
250727-1021,朗力,	7535873051482,,电台路599弄76号302,厨房,18,欧松板,非高光板,S705,厨房_地柜B_抽屉03_抽屉面板01,362,179.5,1,横纹,1,1,1,1,非门板
250727-1021,朗力,	7535873051567,,电台路599弄76号302,厨房,18,欧松板,非高光板,S705,厨房_地柜B_抽屉02_抽屉面板01,362,179.5,1,横纹,1,1,1,1,非门板
250727-1021,朗力,	7535873052632,,电台路599弄76号302,厨房,18,欧松板,非高光板,S705,厨房_地柜B_收口条01_侧收口01,785,580,1,竖纹,1,1,1,1,非门板
250727-1021,朗力,	7535873052915,,电台路599弄76号302,厨房,18,欧松板,非高光板,S705,厨房_地柜B_收口条02_L收口面板01,785,30,1,竖纹,1,1,1,1,非门板
250727-1021,朗力,	7535873057866,,电台路599弄76号302,厨房,18,欧松板,非高光板,S705,厨房_吊柜B_柜门01_双开左01_左开,699,440,1,竖纹,1,1,1,1,门板
250727-1021,朗力,	7535873057897,,电台路599弄76号302,厨房,18,欧松板,非高光板,S705,厨房_吊柜B_柜门01_双开右01_右开,699,440,1,竖纹,1,1,1,1,门板
250727-1021,朗力,	7535873058054,,电台路599弄76号302,厨房,18,欧松板,非高光板,S705,厨房_吊柜B_柜门03_双开左01_左开,699,452,1,竖纹,1,1,1,1,门板
250727-1021,朗力,	7535873058085,,电台路599弄76号302,厨房,18,欧松板,非高光板,S705,厨房_吊柜B_柜门03_双开右01_右开,699,452,1,竖纹,1,1,1,1,门板
250727-1021,朗力,	7535873057590,,电台路599弄76号302,厨房,18,欧松板,非高光板,S705,厨房_吊柜B_柜门02_单开门01_右开,699,304,1,竖纹,1,1,1,1,门板
250727-1021,朗力,	7535873058825,,电台路599弄76号302,厨房,18,欧松板,非高光板,S705,厨房_吊柜B_收口条02_平收口板01,709,31,1,竖纹,1,1,1,1,非门板
250727-1021,朗力,	7535873060460,,电台路599弄76号302,厨房,18,欧松板,非高光板,S705,厨房_吊柜A_收口条02_平收口板01,709,31,1,竖纹,1,1,1,1,非门板
250727-1021,朗力,	7535873060972,,电台路599弄76号302,厨房,18,欧松板,非高光板,S705,厨房_吊柜A_收口条01_侧收口01,709,350,1,竖纹,1,1,1,1,非门板
250727-1021,朗力,	7535873061207,,电台路599弄76号302,厨房,18,欧松板,非高光板,S705,厨房_吊柜A_柜门01_双开左01_左开,699,422,1,竖纹,1,1,1,1,门板
250727-1021,朗力,	7535873061238,,电台路599弄76号302,厨房,18,欧松板,非高光板,S705,厨房_吊柜A_柜门01_双开右01_右开,699,422,1,竖纹,1,1,1,1,门板
250727-1021,朗力,	7535873061283,,电台路599弄76号302,厨房,18,欧松板,非高光板,S705,厨房_吊柜A_柜门02_双开左01_左开,699,353,1,竖纹,1,1,1,1,门板
250727-1021,朗力,	7535873061313,,电台路599弄76号302,厨房,18,欧松板,非高光板,S705,厨房_吊柜A_柜门02_双开右01_右开,699,353,1,竖纹,1,1,1,1,门板
250727-1021,朗力,	7535873062891,,电台路599弄76号302,餐边柜,18,欧松板,非高光板,S705,餐边柜_柜A_左立板01,2298,325,1,竖纹,1,1,1,1,非门板
250727-1021,朗力,	7535873062921,,电台路599弄76号302,餐边柜,18,欧松板,非高光板,S705,餐边柜_柜A_右立板01,2338,330,1,竖纹,1,1,1,1,非门板
250727-1021,朗力,	7535873062952,,电台路599弄76号302,餐边柜,18,欧松板,非高光板,S705,餐边柜_柜A_顶板01,362,325,1,竖纹,1,1,1,1,非门板
250727-1021,朗力,	7535873063027,,电台路599弄76号302,餐边柜,18,欧松板,非高光板,S705,餐边柜_柜A_踢脚线01_踢脚线前挡板01,362,60,1,横纹,1,1,1,1,非门板
250727-1021,朗力,	7535873063034,,电台路599弄76号302,餐边柜,18,欧松板,非高光板,S705,餐边柜_柜A_踢脚线01_踢脚线后挡板01,60,362,1,无纹理,1,1,1,1,非门板
250727-1021,朗力,	7535873063003,,电台路599弄76号302,餐边柜,18,欧松板,非高光板,S705,餐边柜_柜A_底板01,362,325,1,竖纹,1,1,1,1,非门板
250727-1021,朗力,	7535873063096,,电台路599弄76号302,餐边柜,18,欧松板,非高光板,S705,餐边柜_柜A_背板01,2202,362,1,竖纹,1,1,1,1,非门板
250727-1021,朗力,	7535873063300,,电台路599弄76号302,餐边柜,18,欧松板,非高光板,S705,餐边柜_柜A_收口条01_侧收口01,2338,350,1,竖纹,1,1,1,1,非门板
250727-1021,朗力,	7535873063409,,电台路599弄76号302,餐边柜,18,欧松板,非高光板,S705,餐边柜_柜A_收口条02_L收口辅板01,380,70,1,无纹理,1,1,1,1,非门板
250727-1021,朗力,	7535873063416,,电台路599弄76号302,餐边柜,18,欧松板,非高光板,S705,餐边柜_柜A_收口条02_L收口面板01,380,40,1,横纹,1,1,1,1,非门板
250727-1021,朗力,	7535873063522,,电台路599弄76号302,餐边柜,18,欧松板,非高光板,S705,餐边柜_柜A_柜门01_左开拉直器01_左开,2318,395,1,竖纹,1,1,1,1,门板
250727-1021,朗力,	7535873063683,,电台路599弄76号302,餐边柜,18,欧松板,非高光板,S705,餐边柜_柜A_横隔板02,362,305,1,竖纹,1,1,1,1,非门板
250727-1021,朗力,	7535873063737,,电台路599弄76号302,餐边柜,18,欧松板,非高光板,S705,餐边柜_柜A_活动层板03,361,305,1,竖纹,1,1,1,1,非门板
250727-1021,朗力,	7535873063782,,电台路599弄76号302,餐边柜,18,欧松板,非高光板,S705,餐边柜_柜A_横隔板01,362,305,1,竖纹,1,1,1,1,非门板
250727-1021,朗力,	7535873063836,,电台路599弄76号302,餐边柜,18,欧松板,非高光板,S705,餐边柜_柜A_活动层板02,361,305,1,竖纹,1,1,1,1,非门板
250727-1021,朗力,	7535873063881,,电台路599弄76号302,餐边柜,18,欧松板,非高光板,S705,餐边柜_柜A_活动层板01,361,305,1,竖纹,1,1,1,1,非门板
250727-1021,朗力,	7535873064123,,电台路599弄76号302,餐边柜,18,欧松板,非高光板,S705,餐边柜_柜B_右立板01,2298,325,1,竖纹,1,1,1,1,非门板
250727-1021,朗力,	7535873064130,,电台路599弄76号302,餐边柜,18,欧松板,非高光板,S705,餐边柜_柜B_左立板01,2338,330,1,竖纹,1,1,1,1,非门板
250727-1021,朗力,	7535873064147,,电台路599弄76号302,餐边柜,18,欧松板,非高光板,S705,餐边柜_柜B_顶板01,362,325,1,竖纹,1,1,1,1,非门板
250727-1021,朗力,	7535873064154,,电台路599弄76号302,餐边柜,18,欧松板,非高光板,S705,餐边柜_柜B_踢脚线01_踢脚线前挡板01,362,60,1,横纹,1,1,1,1,非门板
250727-1021,朗力,	7535873064161,,电台路599弄76号302,餐边柜,18,欧松板,非高光板,S705,餐边柜_柜B_踢脚线01_踢脚线后挡板01,60,362,1,无纹理,1,1,1,1,非门板
250727-1021,朗力,	7535873064178,,电台路599弄76号302,餐边柜,18,欧松板,非高光板,S705,餐边柜_柜B_底板01,362,325,1,竖纹,1,1,1,1,非门板
250727-1021,朗力,	7535873064185,,电台路599弄76号302,餐边柜,18,欧松板,非高光板,S705,餐边柜_柜B_背板01,2202,362,1,竖纹,1,1,1,1,非门板
250727-1021,朗力,	7535873064192,,电台路599弄76号302,餐边柜,18,欧松板,非高光板,S705,餐边柜_柜B_收口条01_侧收口01,2338,70,1,竖纹,1,1,1,1,非门板
250727-1021,朗力,	7535873064208,,电台路599弄76号302,餐边柜,18,欧松板,非高光板,S705,餐边柜_柜B_收口条02_L收口辅板01,380,70,1,无纹理,1,1,1,1,非门板
250727-1021,朗力,	7535873064215,,电台路599弄76号302,餐边柜,18,欧松板,非高光板,S705,餐边柜_柜B_收口条02_L收口面板01,380,40,1,横纹,1,1,1,1,非门板
250727-1021,朗力,	7535873064222,,电台路599弄76号302,餐边柜,18,欧松板,非高光板,S705,餐边柜_柜B_柜门01_右开拉直器01_右开,2318,395,1,竖纹,1,1,1,1,门板
250727-1021,朗力,	7535873064246,,电台路599弄76号302,餐边柜,18,欧松板,非高光板,S705,餐边柜_柜B_横隔板02,362,305,1,竖纹,1,1,1,1,非门板
250727-1021,朗力,	7535873064253,,电台路599弄76号302,餐边柜,18,欧松板,非高光板,S705,餐边柜_柜B_活动层板03,361,305,1,竖纹,1,1,1,1,非门板
250727-1021,朗力,	7535873064260,,电台路599弄76号302,餐边柜,18,欧松板,非高光板,S705,餐边柜_柜B_横隔板01,362,305,1,竖纹,1,1,1,1,非门板
250727-1021,朗力,	7535873064277,,电台路599弄76号302,餐边柜,18,欧松板,非高光板,S705,餐边柜_柜B_活动层板02,361,305,1,竖纹,1,1,1,1,非门板
250727-1021,朗力,	7535873064284,,电台路599弄76号302,餐边柜,18,欧松板,非高光板,S705,餐边柜_柜B_活动层板01,361,305,1,竖纹,1,1,1,1,非门板
250727-1021,朗力,	7536633034738,,电台路599弄76号302,餐边柜,18,欧松板,非高光板,S705,餐边柜_地柜A_右立板01,885,325,1,竖纹,1,1,1,1,非门板
250727-1021,朗力,	7536633034769,,电台路599弄76号302,餐边柜,18,欧松板,非高光板,S705,餐边柜_地柜A_左立板01,885,325,1,竖纹,1,1,1,1,非门板
250727-1021,朗力,	7536633034790,,电台路599弄76号302,餐边柜,18,欧松板,非高光板,S705,餐边柜_地柜A_中立板01,885,325,1,竖纹,1,1,1,1,非门板
250727-1021,朗力,	7536633034844,,电台路599弄76号302,餐边柜,18,欧松板,非高光板,S705,餐边柜_地柜A_中立板02,885,325,1,竖纹,1,1,1,1,非门板
250727-1021,朗力,	7536633034905,,电台路599弄76号302,餐边柜,18,欧松板,非高光板,S705,餐边柜_地柜A_顶板01,758,297,1,竖纹,1,1,1,1,非门板
250727-1021,朗力,	7536633034929,,电台路599弄76号302,餐边柜,18,欧松板,非高光板,S705,餐边柜_地柜A_顶板02,758,297,1,竖纹,1,1,1,1,非门板
250727-1021,朗力,	7536633034998,,电台路599弄76号302,餐边柜,18,欧松板,非高光板,S705,餐边柜_地柜A_踢脚线01_踢脚线前挡板01,758,60,1,横纹,1,1,1,1,非门板
250727-1021,朗力,	7536633035001,,电台路599弄76号302,餐边柜,18,欧松板,非高光板,S705,餐边柜_地柜A_踢脚线01_踢脚线后挡板01,60,758,1,无纹理,1,1,1,1,非门板
250727-1021,朗力,	7536633034974,,电台路599弄76号302,餐边柜,18,欧松板,非高光板,S705,餐边柜_地柜A_底板01,758,325,1,竖纹,1,1,1,1,非门板
250727-1021,朗力,	7536633035056,,电台路599弄76号302,餐边柜,18,欧松板,非高光板,S705,餐边柜_地柜A_踢脚线02_踢脚线前挡板01,758,60,1,横纹,1,1,1,1,非门板
250727-1021,朗力,	7536633035063,,电台路599弄76号302,餐边柜,18,欧松板,非高光板,S705,餐边柜_地柜A_踢脚线02_踢脚线后挡板01,60,758,1,无纹理,1,1,1,1,非门板
250727-1021,朗力,	7536633035032,,电台路599弄76号302,餐边柜,18,欧松板,非高光板,S705,餐边柜_地柜A_底板02,758,325,1,竖纹,1,1,1,1,非门板
250727-1021,朗力,	7536633035124,,电台路599弄76号302,餐边柜,18,欧松板,非高光板,S705,餐边柜_地柜A_背板01,789,758,1,竖纹,1,1,1,1,非门板
250727-1021,朗力,	7536633035148,,电台路599弄76号302,餐边柜,18,欧松板,非高光板,S705,餐边柜_地柜A_背板02,789,758,1,竖纹,1,1,1,1,非门板
250727-1021,朗力,	7536633035179,,电台路599弄76号302,餐边柜,18,欧松板,非高光板,S705,餐边柜_地柜A_活动层板01,757,305,1,竖纹,1,1,1,1,非门板
250727-1021,朗力,	7536633037371,,电台路599弄76号302,餐边柜,18,欧松板,非高光板,S705,餐边柜_地柜A_抽屉01_抽屉面板01,791,262,1,横纹,1,1,1,1,非门板
250727-1021,朗力,	7536633037388,,电台路599弄76号302,餐边柜,18,欧松板,非高光板,S705,餐边柜_地柜A_抽屉01_抽盒前板01,696,160,1,横纹,1,1,1,1,非门板
250727-1021,朗力,	7536633037395,,电台路599弄76号302,餐边柜,18,欧松板,非高光板,S705,餐边柜_地柜A_抽屉01_抽屉右板01,300,160,1,横纹,1,1,1,1,非门板
250727-1021,朗力,	7536633037401,,电台路599弄76号302,餐边柜,18,欧松板,非高光板,S705,餐边柜_地柜A_抽屉01_抽屉左板01,300,160,1,横纹,1,1,1,1,非门板
250727-1021,朗力,	7536633037418,,电台路599弄76号302,餐边柜,18,欧松板,非高光板,S705,餐边柜_地柜A_抽屉01_抽屉后板01,696,160,1,横纹,1,1,1,1,非门板
250727-1021,朗力,	7536633037357,,电台路599弄76号302,餐边柜,18,欧松板,非高光板,S705,餐边柜_地柜A_抽屉01_抽屉底板01,696,264,1,竖纹,1,1,1,1,非门板
250727-1021,朗力,	7536633037456,,电台路599弄76号302,餐边柜,18,欧松板,非高光板,S705,餐边柜_地柜A_抽屉02_抽屉面板01,791,262,1,横纹,1,1,1,1,非门板
250727-1021,朗力,	7536633037463,,电台路599弄76号302,餐边柜,18,欧松板,非高光板,S705,餐边柜_地柜A_抽屉02_抽盒前板01,696,180,1,横纹,1,1,1,1,非门板
250727-1021,朗力,	7536633037470,,电台路599弄76号302,餐边柜,18,欧松板,非高光板,S705,餐边柜_地柜A_抽屉02_抽屉右板01,300,180,1,横纹,1,1,1,1,非门板
250727-1021,朗力,	7536633037487,,电台路599弄76号302,餐边柜,18,欧松板,非高光板,S705,餐边柜_地柜A_抽屉02_抽屉左板01,300,180,1,横纹,1,1,1,1,非门板
250727-1021,朗力,	7536633037494,,电台路599弄76号302,餐边柜,18,欧松板,非高光板,S705,餐边柜_地柜A_抽屉02_抽屉后板01,696,180,1,横纹,1,1,1,1,非门板
250727-1021,朗力,	7536633037432,,电台路599弄76号302,餐边柜,18,欧松板,非高光板,S705,餐边柜_地柜A_抽屉02_抽屉底板01,696,264,1,竖纹,1,1,1,1,非门板
250727-1021,朗力,	7536633037609,,电台路599弄76号302,餐边柜,18,欧松板,非高光板,S705,餐边柜_地柜A_抽屉03_抽屉面板01,791,261,1,横纹,1,1,1,1,非门板
250727-1021,朗力,	7536633037616,,电台路599弄76号302,餐边柜,18,欧松板,非高光板,S705,餐边柜_地柜A_抽屉03_抽盒前板01,696,180,1,横纹,1,1,1,1,非门板
250727-1021,朗力,	7536633037623,,电台路599弄76号302,餐边柜,18,欧松板,非高光板,S705,餐边柜_地柜A_抽屉03_抽屉右板01,300,180,1,横纹,1,1,1,1,非门板
250727-1021,朗力,	7536633037630,,电台路599弄76号302,餐边柜,18,欧松板,非高光板,S705,餐边柜_地柜A_抽屉03_抽屉左板01,300,180,1,横纹,1,1,1,1,非门板
250727-1021,朗力,	7536633037647,,电台路599弄76号302,餐边柜,18,欧松板,非高光板,S705,餐边柜_地柜A_抽屉03_抽屉后板01,696,180,1,横纹,1,1,1,1,非门板
250727-1021,朗力,	7536633037586,,电台路599弄76号302,餐边柜,18,欧松板,非高光板,S705,餐边柜_地柜A_抽屉03_抽屉底板01,696,264,1,竖纹,1,1,1,1,非门板
250727-1021,朗力,	7536633038323,,电台路599弄76号302,餐边柜,18,欧松板,非高光板,S705,餐边柜_地柜A_柜门01_双开左01_左开,845,394,1,竖纹,1,1,1,1,门板
250727-1021,朗力,	7536633038354,,电台路599弄76号302,餐边柜,18,欧松板,非高光板,S705,餐边柜_地柜A_柜门01_双开右01_右开,845,394,1,竖纹,1,1,1,1,门板
250727-1021,朗力,	7536633052220,,电台路599弄76号302,主卧床边柜,18,欧松板,非高光板,S705,主卧床边柜_柜A_左立板01,2460,580,1,竖纹,1,1,1,1,非门板
250727-1021,朗力,	7536633052251,,电台路599弄76号302,主卧床边柜,18,欧松板,非高光板,S705,主卧床边柜_柜A_右立板01,2460,580,1,竖纹,1,1,1,1,非门板
250727-1021,朗力,	7536633052282,,电台路599弄76号302,主卧床边柜,18,欧松板,非高光板,S705,主卧床边柜_柜A_中立板01,2460,580,1,竖纹,1,1,1,1,非门板
250727-1021,朗力,	7536633052336,,电台路599弄76号302,主卧床边柜,18,欧松板,非高光板,S705,主卧床边柜_柜A_顶板01,398,580,1,竖纹,1,1,1,1,非门板
250727-1021,朗力,	7536633052350,,电台路599弄76号302,主卧床边柜,18,欧松板,非高光板,S705,主卧床边柜_柜A_顶板02,823,580,1,竖纹,1,1,1,1,非门板
250727-1021,朗力,	7536633052428,,电台路599弄76号302,主卧床边柜,18,欧松板,非高光板,S705,主卧床边柜_柜A_踢脚线01_踢脚线前挡板01,398,60,1,横纹,1,1,1,1,非门板
250727-1021,朗力,	7536633052435,,电台路599弄76号302,主卧床边柜,18,欧松板,非高光板,S705,主卧床边柜_柜A_踢脚线01_踢脚线后挡板01,60,398,1,无纹理,1,1,1,1,非门板
250727-1021,朗力,	7536633052404,,电台路599弄76号302,主卧床边柜,18,欧松板,非高光板,S705,主卧床边柜_柜A_底板01,398,580,1,竖纹,1,1,1,1,非门板
250727-1021,朗力,	7536633052558,,电台路599弄76号302,主卧床边柜,18,欧松板,非高光板,S705,主卧床边柜_柜A_背板02,2364,398,1,竖纹,1,1,1,1,非门板
250727-1021,朗力,	7536633052572,,电台路599弄76号302,主卧床边柜,18,欧松板,非高光板,S705,主卧床边柜_柜A_背板01,2442,823,1,竖纹,1,1,1,1,非门板
250727-1021,朗力,	7536633052626,,电台路599弄76号302,主卧床边柜,18,欧松板,非高光板,S705,主卧床边柜_柜A_踢脚线02_踢脚线前挡板01,823,60,1,横纹,1,1,1,1,非门板
250727-1021,朗力,	7536633052633,,电台路599弄76号302,主卧床边柜,18,欧松板,非高光板,S705,主卧床边柜_柜A_踢脚线02_踢脚线后挡板01,60,823,1,无纹理,1,1,1,1,非门板
250727-1021,朗力,	7536633052831,,电台路599弄76号302,主卧床边柜,18,欧松板,非高光板,S705,主卧床边柜_柜A_踢脚线02_踢脚线隔条01,60,494,1,无纹理,1,1,1,1,非门板
250727-1021,朗力,	7536633052602,,电台路599弄76号302,主卧床边柜,18,欧松板,非高光板,S705,主卧床边柜_柜A_底板02,823,561,1,竖纹,1,1,1,1,非门板
250727-1021,朗力,	7536633052923,,电台路599弄76号302,主卧床边柜,18,欧松板,非高光板,S705,主卧床边柜_柜A_横隔板01,823,562,1,竖纹,1,1,1,1,非门板
250727-1021,朗力,	7536633053012,,电台路599弄76号302,主卧床边柜,18,欧松板,非高光板,S705,主卧床边柜_柜A_活动层板01,397,560,1,竖纹,1,1,1,1,非门板
250727-1021,朗力,	7536633053128,,电台路599弄76号302,主卧床边柜,18,欧松板,非高光板,S705,主卧床边柜_柜A_横隔板03,823,562,1,竖纹,1,1,1,1,非门板
250727-1021,朗力,	7536633053210,,电台路599弄76号302,主卧床边柜,18,欧松板,非高光板,S705,主卧床边柜_柜A_横隔板02,398,562,1,竖纹,1,1,1,1,非门板
250727-1021,朗力,	7536633053326,,电台路599弄76号302,主卧床边柜,18,欧松板,非高光板,S705,主卧床边柜_柜A_收口条01_L收口辅板01,1662,70,1,无纹理,1,1,1,1,非门板
250727-1021,朗力,	7536633053333,,电台路599弄76号302,主卧床边柜,18,欧松板,非高光板,S705,主卧床边柜_柜A_收口条01_L收口面板01,1662,40,1,横纹,1,1,1,1,非门板
250727-1021,朗力,	7536633053425,,电台路599弄76号302,主卧床边柜,18,欧松板,非高光板,S705,主卧床边柜_柜A_柜门03_左开下横C型通体01_左开,1910,422,1,竖纹,1,1,1,1,门板
250727-1021,朗力,	7536633053432,,电台路599弄76号302,主卧床边柜,18,欧松板,非高光板,S705,主卧床边柜_柜A_柜门03_右开下横C型通体01_右开,1910,422,1,竖纹,1,1,1,1,门板
250727-1021,朗力,	7536633053456,,电台路599弄76号302,主卧床边柜,18,欧松板,非高光板,S705,主卧床边柜_柜A_柜门02_左开下横C型通体01_左开,1910,422,1,竖纹,1,1,1,1,门板
250727-1021,朗力,	7536633053760,,电台路599弄76号302,主卧床边柜,18,欧松板,非高光板,S705,主卧床边柜_柜A_柜门01_左开上横J型通体01_左开,568,422,1,竖纹,1,1,1,1,门板
250727-1021,朗力,	7536633053913,,电台路599弄76号302,主卧床边柜,18,欧松板,非高光板,S705,主卧床边柜_柜A_抽屉02_抽面一长J型通体01,847,282.75,1,横纹,1,1,1,1,非门板
250727-1021,朗力,	7536633053920,,电台路599弄76号302,主卧床边柜,18,欧松板,非高光板,S705,主卧床边柜_柜A_抽屉02_抽盒前板01,761,220,1,横纹,1,1,1,1,非门板
250727-1021,朗力,	7536633053937,,电台路599弄76号302,主卧床边柜,18,欧松板,非高光板,S705,主卧床边柜_柜A_抽屉02_抽屉右板01,450,220,1,横纹,1,1,1,1,非门板
250727-1021,朗力,	7536633053944,,电台路599弄76号302,主卧床边柜,18,欧松板,非高光板,S705,主卧床边柜_柜A_抽屉02_抽屉左板01,450,220,1,横纹,1,1,1,1,非门板
250727-1021,朗力,	7536633053951,,电台路599弄76号302,主卧床边柜,18,欧松板,非高光板,S705,主卧床边柜_柜A_抽屉02_抽屉后板01,761,220,1,横纹,1,1,1,1,非门板
250727-1021,朗力,	7536633053890,,电台路599弄76号302,主卧床边柜,18,欧松板,非高光板,S705,主卧床边柜_柜A_抽屉02_抽屉底板01,761,414,1,竖纹,1,1,1,1,非门板
250727-1021,朗力,	7536633053982,,电台路599弄76号302,主卧床边柜,18,欧松板,非高光板,S705,主卧床边柜_柜A_抽屉01_抽面一长J型通体01,847,282.75,1,横纹,1,1,1,1,非门板
250727-1021,朗力,	7536633053999,,电台路599弄76号302,主卧床边柜,18,欧松板,非高光板,S705,主卧床边柜_柜A_抽屉01_抽盒前板01,761,170,1,横纹,1,1,1,1,非门板
250727-1021,朗力,	7536633054002,,电台路599弄76号302,主卧床边柜,18,欧松板,非高光板,S705,主卧床边柜_柜A_抽屉01_抽屉右板01,450,170,1,横纹,1,1,1,1,非门板
250727-1021,朗力,	7536633054019,,电台路599弄76号302,主卧床边柜,18,欧松板,非高光板,S705,主卧床边柜_柜A_抽屉01_抽屉左板01,450,170,1,横纹,1,1,1,1,非门板
250727-1021,朗力,	7536633054026,,电台路599弄76号302,主卧床边柜,18,欧松板,非高光板,S705,主卧床边柜_柜A_抽屉01_抽屉后板01,761,170,1,横纹,1,1,1,1,非门板
250727-1021,朗力,	7536633053968,,电台路599弄76号302,主卧床边柜,18,欧松板,非高光板,S705,主卧床边柜_柜A_抽屉01_抽屉底板01,761,414,1,竖纹,1,1,1,1,非门板
250727-1021,朗力,	7536633054620,,电台路599弄76号302,主卧床边柜,18,欧松板,非高光板,S705,主卧床边柜_地柜A_左立板01,420,560,1,竖纹,1,1,1,1,非门板
250727-1021,朗力,	7536633054651,,电台路599弄76号302,主卧床边柜,18,欧松板,非高光板,S705,主卧床边柜_地柜A_右立板01,420,560,1,竖纹,1,1,1,1,非门板
250727-1021,朗力,	7536633054682,,电台路599弄76号302,主卧床边柜,18,欧松板,非高光板,S705,主卧床边柜_地柜A_顶板01,389,560,1,竖纹,1,1,1,1,非门板
250727-1021,朗力,	7536633054750,,电台路599弄76号302,主卧床边柜,18,欧松板,非高光板,S705,主卧床边柜_地柜A_踢脚线01_踢脚线前挡板01,389,60,1,横纹,1,1,1,1,非门板
250727-1021,朗力,	7536633054767,,电台路599弄76号302,主卧床边柜,18,欧松板,非高光板,S705,主卧床边柜_地柜A_踢脚线01_踢脚线后挡板01,60,389,1,无纹理,1,1,1,1,非门板
250727-1021,朗力,	7536633054835,,电台路599弄76号302,主卧床边柜,18,欧松板,非高光板,S705,主卧床边柜_地柜A_踢脚线01_踢脚线隔条01,60,493,1,无纹理,1,1,1,1,非门板
250727-1021,朗力,	7536633054842,,电台路599弄76号302,主卧床边柜,18,欧松板,非高光板,S705,主卧床边柜_地柜A_踢脚线01_踢脚线隔条02,60,493,1,无纹理,1,1,1,1,非门板
250727-1021,朗力,	7536633054736,,电台路599弄76号302,主卧床边柜,18,欧松板,非高光板,S705,主卧床边柜_地柜A_底板01,389,560,1,竖纹,1,1,1,1,非门板
250727-1021,朗力,	7536633054866,,电台路599弄76号302,主卧床边柜,18,欧松板,非高光板,S705,主卧床边柜_地柜A_背板01,324,389,1,竖纹,1,1,1,1,非门板
250727-1021,朗力,	7536633054897,,电台路599弄76号302,主卧床边柜,18,欧松板,非高光板,S705,主卧床边柜_地柜A_柜门01_单开门01_左开,405,422,1,竖纹,1,1,1,1,门板
250727-1021,朗力,	7536633055054,,电台路599弄76号302,主卧床边柜,18,欧松板,非高光板,S705,主卧床边柜_地柜A_收口条01_L收口辅板01,420,70,1,无纹理,1,1,1,1,非门板
250727-1021,朗力,	7536633055061,,电台路599弄76号302,主卧床边柜,18,欧松板,非高光板,S705,主卧床边柜_地柜A_收口条01_L收口面板01,420,30,1,竖纹,1,1,1,1,非门板
250727-1021,朗力,	7536633055399,,电台路599弄76号302,主卧床边柜,18,欧松板,非高光板,S705,主卧床边柜_柜B_右立板01,1880,560,1,竖纹,1,1,1,1,非门板
250727-1021,朗力,	7536633055429,,电台路599弄76号302,主卧床边柜,18,欧松板,非高光板,S705,主卧床边柜_柜B_左立板01,1880,560,1,竖纹,1,1,1,1,非门板
250727-1021,朗力,	7536633055450,,电台路599弄76号302,主卧床边柜,18,欧松板,非高光板,S705,主卧床边柜_柜B_顶板01,389,560,1,竖纹,1,1,1,1,非门板
250727-1021,朗力,	7536633055498,,电台路599弄76号302,主卧床边柜,18,欧松板,非高光板,S705,主卧床边柜_柜B_背板01,1862,389,1,竖纹,1,1,1,1,非门板
250727-1021,朗力,	7536633055528,,电台路599弄76号302,主卧床边柜,18,欧松板,非高光板,S705,主卧床边柜_柜B_灯带260居前01,389,542,1,竖纹,1,1,1,1,非门板
250727-1021,朗力,	7536633055610,,电台路599弄76号302,主卧床边柜,18,欧松板,非高光板,S705,主卧床边柜_柜B_收口条02_L收口辅板01,425,70,1,无纹理,1,1,1,1,非门板
250727-1021,朗力,	7536633055627,,电台路599弄76号302,主卧床边柜,18,欧松板,非高光板,S705,主卧床边柜_柜B_收口条02_L收口面板01,425,40,1,横纹,1,1,1,1,非门板
250727-1021,朗力,	7536633055689,,电台路599弄76号302,主卧床边柜,18,欧松板,非高光板,S705,主卧床边柜_柜B_收口条01_L收口辅板01,1920,70,1,无纹理,1,1,1,1,非门板
250727-1021,朗力,	7536633055696,,电台路599弄76号302,主卧床边柜,18,欧松板,非高光板,S705,主卧床边柜_柜B_收口条01_L收口面板01,1920,30,1,竖纹,1,1,1,1,非门板
250727-1021,朗力,	7536633055788,,电台路599弄76号302,主卧床边柜,18,欧松板,非高光板,S705,主卧床边柜_柜B_柜门01_单开门01_左开,1465,422,1,竖纹,1,1,1,1,门板
250727-1021,朗力,	7536633055900,,电台路599弄76号302,主卧床边柜,18,欧松板,非高光板,S705,主卧床边柜_柜B_活动层板03,388,540,1,竖纹,1,1,1,1,非门板
250727-1021,朗力,	7536633055955,,电台路599弄76号302,主卧床边柜,18,欧松板,非高光板,S705,主卧床边柜_柜B_活动层板02,388,540,1,竖纹,1,1,1,1,非门板
250727-1021,朗力,	7536633056006,,电台路599弄76号302,主卧床边柜,18,欧松板,非高光板,S705,主卧床边柜_柜B_活动层板01,388,540,1,竖纹,1,1,1,1,非门板
250727-1021,朗力,	7536633057270,,电台路599弄76号302,主卧床边柜,18,欧松板,非高光板,S705,主卧床边柜_柜C_收口条03_侧收口01,2500,70,1,竖纹,1,1,1,1,非门板
250727-1021,朗力,	7536633057249,,电台路599弄76号302,主卧床边柜,18,欧松板,非高光板,S705,主卧床边柜_柜C_收口条01_侧收口01,2480,425,1,竖纹,1,1,1,1,非门板
250727-1021,朗力,	7536633057706,,电台路599弄76号302,主卧床边柜,18,欧松板,非高光板,S705,主卧床边柜_柜C_柜门01_单开门01_右开,2480,556,1,竖纹,1,1,1,1,门板
250727-1021,朗力,	7536633058208,,电台路599弄76号302,主卧床边柜,18,欧松板,非高光板,S705,主卧床边柜_地柜B_顶板01,1150,455,1,竖纹,1,1,1,1,非门板
250727-1021,朗力,	7536633058253,,电台路599弄76号302,主卧床边柜,18,欧松板,非高光板,S705,主卧床边柜_地柜B_底板01,1094,435,1,竖纹,1,1,1,1,非门板
250727-1021,朗力,	7536633058284,,电台路599弄76号302,主卧床边柜,18,欧松板,非高光板,S705,主卧床边柜_地柜B_右立板01,142,435,1,竖纹,1,1,1,1,非门板
250727-1021,朗力,	7536633058338,,电台路599弄76号302,主卧床边柜,18,欧松板,非高光板,S705,主卧床边柜_地柜B_左立板01,142,435,1,竖纹,1,1,1,1,非门板
250727-1021,朗力,	7536633058376,,电台路599弄76号302,主卧床边柜,18,欧松板,非高光板,S705,主卧床边柜_地柜B_背板01,124,1094,1,竖纹,1,1,1,1,非门板
250727-1021,朗力,	7536633058437,,电台路599弄76号302,主卧床边柜,18,欧松板,非高光板,S705,主卧床边柜_地柜B_中立板01,124,397,1,竖纹,1,1,1,1,非门板
250727-1021,朗力,	7536633058741,,电台路599弄76号302,主卧床边柜,18,欧松板,非高光板,S705,主卧床边柜_地柜B_竖隔板01,142,610,1,竖纹,1,1,1,1,非门板
250727-1021,朗力,	7536633059069,,电台路599弄76号302,主卧床边柜,18,欧松板,非高光板,S705,主卧床边柜_地柜B_抽屉01_抽屉面板01,518,140,1,横纹,1,1,1,1,非门板
250727-1021,朗力,	7536633059076,,电台路599弄76号302,主卧床边柜,18,欧松板,非高光板,S705,主卧床边柜_地柜B_抽屉01_抽盒前板01,431,110,1,横纹,1,1,1,1,非门板
250727-1021,朗力,	7536633059083,,电台路599弄76号302,主卧床边柜,18,欧松板,非高光板,S705,主卧床边柜_地柜B_抽屉01_抽屉右板01,350,110,1,横纹,1,1,1,1,非门板
250727-1021,朗力,	7536633059090,,电台路599弄76号302,主卧床边柜,18,欧松板,非高光板,S705,主卧床边柜_地柜B_抽屉01_抽屉左板01,350,110,1,横纹,1,1,1,1,非门板
250727-1021,朗力,	7536633059106,,电台路599弄76号302,主卧床边柜,18,欧松板,非高光板,S705,主卧床边柜_地柜B_抽屉01_抽屉后板01,431,110,1,横纹,1,1,1,1,非门板
250727-1021,朗力,	7536633059045,,电台路599弄76号302,主卧床边柜,18,欧松板,非高光板,S705,主卧床边柜_地柜B_抽屉01_抽屉底板01,431,314,1,竖纹,1,1,1,1,非门板
250727-1021,朗力,	7536633059687,,电台路599弄76号302,主卧床尾柜,18,欧松板,非高光板,S705,主卧床尾柜_柜A_左立板01,2500,480,1,竖纹,1,1,1,1,非门板
250727-1021,朗力,	7536633059717,,电台路599弄76号302,主卧床尾柜,18,欧松板,非高光板,S705,主卧床尾柜_柜A_中立板01,2460,480,1,竖纹,1,1,1,1,非门板
250727-1021,朗力,	7536633059755,,电台路599弄76号302,主卧床尾柜,18,欧松板,非高光板,S705,主卧床尾柜_柜A_顶板01,814,480,1,竖纹,1,1,1,1,非门板
250727-1021,朗力,	7536633059809,,电台路599弄76号302,主卧床尾柜,18,欧松板,非高光板,S705,主卧床尾柜_柜A_竖隔板01,620,480,1,竖纹,1,1,1,1,非门板
250727-1021,朗力,	7536633059861,,电台路599弄76号302,主卧床尾柜,18,欧松板,非高光板,S705,主卧床尾柜_柜A_右立板01,620,480,1,竖纹,1,1,1,1,非门板
250727-1021,朗力,	7536633059915,,电台路599弄76号302,主卧床尾柜,18,欧松板,非高光板,S705,主卧床尾柜_柜A_踢脚线01_踢脚线前挡板01,814,60,1,横纹,1,1,1,1,非门板
250727-1021,朗力,	7536633059922,,电台路599弄76号302,主卧床尾柜,18,欧松板,非高光板,S705,主卧床尾柜_柜A_踢脚线01_踢脚线后挡板01,60,814,1,无纹理,1,1,1,1,非门板
250727-1021,朗力,	7536633059892,,电台路599弄76号302,主卧床尾柜,18,欧松板,非高光板,S705,主卧床尾柜_柜A_底板01,814,480,1,竖纹,1,1,1,1,非门板
250727-1021,朗力,	7536633059977,,电台路599弄76号302,主卧床尾柜,18,欧松板,非高光板,S705,主卧床尾柜_柜A_踢脚线02_踢脚线前挡板01,814,60,1,横纹,1,1,1,1,非门板
250727-1021,朗力,	7536633059984,,电台路599弄76号302,主卧床尾柜,18,欧松板,非高光板,S705,主卧床尾柜_柜A_踢脚线02_踢脚线后挡板01,60,814,1,无纹理,1,1,1,1,非门板
250727-1021,朗力,	7536633059953,,电台路599弄76号302,主卧床尾柜,18,欧松板,非高光板,S705,主卧床尾柜_柜A_底板02,814,480,1,竖纹,1,1,1,1,非门板
250727-1021,朗力,	7536633060041,,电台路599弄76号302,主卧床尾柜,18,欧松板,非高光板,S705,主卧床尾柜_柜A_竖隔板02,1680,480,1,竖纹,1,1,1,1,非门板
250727-1021,朗力,	7536633060096,,电台路599弄76号302,主卧床尾柜,18,欧松板,非高光板,S705,主卧床尾柜_柜A_右立板02,1720,480,1,竖纹,1,1,1,1,非门板
250727-1021,朗力,	7536633060249,,电台路599弄76号302,主卧床尾柜,18,欧松板,非高光板,S705,主卧床尾柜_柜A_横隔板01,814,480,1,竖纹,1,1,1,1,非门板
250727-1021,朗力,	7536633060478,,电台路599弄76号302,主卧床尾柜,18,欧松板,非高光板,S705,主卧床尾柜_柜A_横隔板04,814,480,1,竖纹,1,1,1,1,非门板
250727-1021,朗力,	7536633060560,,电台路599弄76号302,主卧床尾柜,18,欧松板,非高光板,S705,主卧床尾柜_柜A_顶板02,814,480,1,竖纹,1,1,1,1,非门板
250727-1021,朗力,	7536633060607,,电台路599弄76号302,主卧床尾柜,18,欧松板,非高光板,S705,主卧床尾柜_柜A_背板01,1872,814,1,竖纹,1,1,1,1,非门板
250727-1021,朗力,	7536633060621,,电台路599弄76号302,主卧床尾柜,18,欧松板,非高光板,S705,主卧床尾柜_柜A_背板03,1152,814,1,竖纹,1,1,1,1,非门板
250727-1021,朗力,	7536633060645,,电台路599弄76号302,主卧床尾柜,18,欧松板,非高光板,S705,主卧床尾柜_柜A_背板02,524,814,1,竖纹,1,1,1,1,非门板
250727-1021,朗力,	7536633060690,,电台路599弄76号302,主卧床尾柜,18,欧松板,非高光板,S705,主卧床尾柜_柜A_收口条01_L收口辅板01,1664,70,1,无纹理,1,1,1,1,非门板
250727-1021,朗力,	7536633060706,,电台路599弄76号302,主卧床尾柜,18,欧松板,非高光板,S705,主卧床尾柜_柜A_收口条01_L收口面板01,1664,40,1,横纹,1,1,1,1,非门板
250727-1021,朗力,	7536633060911,,电台路599弄76号302,主卧床尾柜,18,欧松板,非高光板,S705,主卧床尾柜_柜A_横隔板03,814,462,1,竖纹,1,1,1,1,非门板
250727-1021,朗力,	7536633061000,,电台路599弄76号302,主卧床尾柜,18,欧松板,非高光板,S705,主卧床尾柜_柜A_横隔板02,814,462,1,竖纹,1,1,1,1,非门板
250727-1021,朗力,	7536633061147,,电台路599弄76号302,主卧床尾柜,18,欧松板,非高光板,S705,主卧床尾柜_柜A_柜门02_左开下横J型通体01_左开,1706,421.75,1,竖纹,1,1,1,1,门板
250727-1021,朗力,	7536633061178,,电台路599弄76号302,主卧床尾柜,18,欧松板,非高光板,S705,主卧床尾柜_柜A_柜门02_右开下横J型通体01_右开,1706,421.75,1,竖纹,1,1,1,1,门板
250727-1021,朗力,	7536633061215,,电台路599弄76号302,主卧床尾柜,18,欧松板,非高光板,S705,主卧床尾柜_柜A_柜门03_左开下横J型通体黑色抽面上方安装01_左开,1706,422.75,1,竖纹,1,1,1,1,门板
250727-1021,朗力,	7536633061246,,电台路599弄76号302,主卧床尾柜,18,欧松板,非高光板,S705,主卧床尾柜_柜A_柜门03_右开下横J型通体黑色抽面上方安装01_右开,1706,422.75,1,竖纹,1,1,1,1,门板
250727-1021,朗力,	7536633061482,,电台路599弄76号302,主卧床尾柜,18,欧松板,非高光板,S705,主卧床尾柜_柜A_柜门01_左开上横J型通体01_左开,608,421.75,1,竖纹,1,1,1,1,门板
250727-1021,朗力,	7536633061512,,电台路599弄76号302,主卧床尾柜,18,欧松板,非高光板,S705,主卧床尾柜_柜A_柜门01_右开上横J型通体01_右开,608,421.75,1,竖纹,1,1,1,1,门板
250727-1021,朗力,	7536633061666,,电台路599弄76号302,主卧床尾柜,18,欧松板,非高光板,S705,主卧床尾柜_柜A_抽屉02_抽面一长J型通体01,848.5,302.25,1,横纹,1,1,1,1,非门板
250727-1021,朗力,	7536633061673,,电台路599弄76号302,主卧床尾柜,18,欧松板,非高光板,S705,主卧床尾柜_柜A_抽屉02_抽盒前板01,752,210,1,横纹,1,1,1,1,非门板
250727-1021,朗力,	7536633061680,,电台路599弄76号302,主卧床尾柜,18,欧松板,非高光板,S705,主卧床尾柜_柜A_抽屉02_抽屉右板01,400,210,1,横纹,1,1,1,1,非门板
250727-1021,朗力,	7536633061697,,电台路599弄76号302,主卧床尾柜,18,欧松板,非高光板,S705,主卧床尾柜_柜A_抽屉02_抽屉左板01,400,210,1,横纹,1,1,1,1,非门板
250727-1021,朗力,	7536633061703,,电台路599弄76号302,主卧床尾柜,18,欧松板,非高光板,S705,主卧床尾柜_柜A_抽屉02_抽屉后板01,752,210,1,横纹,1,1,1,1,非门板
250727-1021,朗力,	7536633061642,,电台路599弄76号302,主卧床尾柜,18,欧松板,非高光板,S705,主卧床尾柜_柜A_抽屉02_抽屉底板01,752,364,1,竖纹,1,1,1,1,非门板
250727-1021,朗力,	7536633061734,,电台路599弄76号302,主卧床尾柜,18,欧松板,非高光板,S705,主卧床尾柜_柜A_抽屉01_抽面一长J型通体01,848.5,302.75,1,横纹,1,1,1,1,非门板
250727-1021,朗力,	7536633061741,,电台路599弄76号302,主卧床尾柜,18,欧松板,非高光板,S705,主卧床尾柜_柜A_抽屉01_抽盒前板01,752,180,1,横纹,1,1,1,1,非门板
250727-1021,朗力,	7536633061758,,电台路599弄76号302,主卧床尾柜,18,欧松板,非高光板,S705,主卧床尾柜_柜A_抽屉01_抽屉右板01,400,180,1,横纹,1,1,1,1,非门板
250727-1021,朗力,	7536633061765,,电台路599弄76号302,主卧床尾柜,18,欧松板,非高光板,S705,主卧床尾柜_柜A_抽屉01_抽屉左板01,400,180,1,横纹,1,1,1,1,非门板
250727-1021,朗力,	7536633061772,,电台路599弄76号302,主卧床尾柜,18,欧松板,非高光板,S705,主卧床尾柜_柜A_抽屉01_抽屉后板01,752,180,1,横纹,1,1,1,1,非门板
250727-1021,朗力,	7536633061710,,电台路599弄76号302,主卧床尾柜,18,欧松板,非高光板,S705,主卧床尾柜_柜A_抽屉01_抽屉底板01,752,364,1,竖纹,1,1,1,1,非门板
250727-1021,朗力,	7536633062106,,电台路599弄76号302,主卧床尾柜,18,欧松板,非高光板,S705,主卧床尾柜_柜A_抽屉03_抽面一长C型通体01,846.5,160,1,横纹,1,1,1,1,非门板
250727-1021,朗力,	7536633062113,,电台路599弄76号302,主卧床尾柜,18,欧松板,非高光板,S705,主卧床尾柜_柜A_抽屉03_抽盒前板01,752,110,1,横纹,1,1,1,1,非门板
250727-1021,朗力,	7536633062120,,电台路599弄76号302,主卧床尾柜,18,欧松板,非高光板,S705,主卧床尾柜_柜A_抽屉03_抽屉右板01,400,110,1,横纹,1,1,1,1,非门板
250727-1021,朗力,	7536633062137,,电台路599弄76号302,主卧床尾柜,18,欧松板,非高光板,S705,主卧床尾柜_柜A_抽屉03_抽屉左板01,400,110,1,横纹,1,1,1,1,非门板
250727-1021,朗力,	7536633062144,,电台路599弄76号302,主卧床尾柜,18,欧松板,非高光板,S705,主卧床尾柜_柜A_抽屉03_抽屉后板01,752,110,1,横纹,1,1,1,1,非门板
250727-1021,朗力,	7536633062083,,电台路599弄76号302,主卧床尾柜,18,欧松板,非高光板,S705,主卧床尾柜_柜A_抽屉03_抽屉底板01,752,364,1,竖纹,1,1,1,1,非门板
250727-1021,朗力,	7536633062618,,电台路599弄76号302,主卧床尾柜,18,欧松板,非高光板,S705,主卧床尾柜_柜A_横隔板05,814,480,1,竖纹,1,1,1,1,非门板
250727-1021,朗力,	7536633062700,,电台路599弄76号302,主卧床尾柜,18,欧松板,非高光板,S705,主卧床尾柜_柜A_横隔板06,814,480,1,竖纹,1,1,1,1,非门板
250727-1021,朗力,	7538404300097,,电台路599弄76号302,主卧床尾柜,18,欧松板,非高光板,S705,主卧床尾柜_柜A_背板04,474,814,1,竖纹,1,1,1,1,非门板
250727-1021,朗力,	7538404300165,,电台路599弄76号302,主卧床尾柜,18,欧松板,非高光板,S705,主卧床尾柜_柜A_背板05,474,814,1,竖纹,1,1,1,1,非门板
250727-1021,朗力,	7536633064209,,电台路599弄76号302,主卧床尾柜,18,欧松板,非高光板,S705,主卧床尾柜_单板A_竖隔板01,620,900,1,竖纹,1,1,1,1,非门板
250727-1021,朗力,	7536633064278,,电台路599弄76号302,主卧床尾柜,18,欧松板,非高光板,S705,主卧床尾柜_单板B_竖隔板01,720,900,1,竖纹,1,1,1,1,非门板
250727-1021,朗力,	7536633065725,,电台路599弄76号302,冰箱柜鞋柜,18,欧松板,非高光板,S705,冰箱柜鞋柜_柜C_左立板01,2299,620,1,竖纹,1,1,1,1,非门板
250727-1021,朗力,	7536633065756,,电台路599弄76号302,冰箱柜鞋柜,18,欧松板,非高光板,S705,冰箱柜鞋柜_柜C_右立板01,2299,620,1,竖纹,1,1,1,1,非门板
250727-1021,朗力,	7536633065787,,电台路599弄76号302,冰箱柜鞋柜,18,欧松板,非高光板,S705,冰箱柜鞋柜_柜C_中立板01,2299,620,1,竖纹,1,1,1,1,非门板
250727-1021,朗力,	7536633065831,,电台路599弄76号302,冰箱柜鞋柜,18,欧松板,非高光板,S705,冰箱柜鞋柜_柜C_顶板01,348,620,1,竖纹,1,1,1,1,非门板
250727-1021,朗力,	7536633065855,,电台路599弄76号302,冰箱柜鞋柜,18,欧松板,非高光板,S705,冰箱柜鞋柜_柜C_顶板02,723,620,1,竖纹,1,1,1,1,非门板
250727-1021,朗力,	7536633065923,,电台路599弄76号302,冰箱柜鞋柜,18,欧松板,非高光板,S705,冰箱柜鞋柜_柜C_踢脚线01_踢脚线前挡板01,348,60,1,横纹,1,1,1,1,非门板
250727-1021,朗力,	7536633065930,,电台路599弄76号302,冰箱柜鞋柜,18,欧松板,非高光板,S705,冰箱柜鞋柜_柜C_踢脚线01_踢脚线后挡板01,60,348,1,无纹理,1,1,1,1,非门板
250727-1021,朗力,	7536633065909,,电台路599弄76号302,冰箱柜鞋柜,18,欧松板,非高光板,S705,冰箱柜鞋柜_柜C_底板01,348,620,1,竖纹,1,1,1,1,非门板
250727-1021,朗力,	7536633066029,,电台路599弄76号302,冰箱柜鞋柜,18,欧松板,非高光板,S705,冰箱柜鞋柜_柜C_踢脚线02_踢脚线前挡板01,723,60,1,横纹,1,1,1,1,非门板
250727-1021,朗力,	7536633066036,,电台路599弄76号302,冰箱柜鞋柜,18,欧松板,非高光板,S705,冰箱柜鞋柜_柜C_踢脚线02_踢脚线后挡板01,60,723,1,无纹理,1,1,1,1,非门板
250727-1021,朗力,	7536633066005,,电台路599弄76号302,冰箱柜鞋柜,18,欧松板,非高光板,S705,冰箱柜鞋柜_柜C_底板02,723,620,1,竖纹,1,1,1,1,非门板
250727-1021,朗力,	7536633066104,,电台路599弄76号302,冰箱柜鞋柜,18,欧松板,非高光板,S705,冰箱柜鞋柜_柜C_横隔板02,723,620,1,竖纹,1,1,1,1,非门板
250727-1021,朗力,	7536633066180,,电台路599弄76号302,冰箱柜鞋柜,18,欧松板,非高光板,S705,冰箱柜鞋柜_柜C_背板01,2203,348,1,竖纹,1,1,1,1,非门板
250727-1021,朗力,	7536633066203,,电台路599弄76号302,冰箱柜鞋柜,18,欧松板,非高光板,S705,冰箱柜鞋柜_柜C_背板03,485,723,1,竖纹,1,1,1,1,非门板
250727-1021,朗力,	7536633066227,,电台路599弄76号302,冰箱柜鞋柜,18,欧松板,非高光板,S705,冰箱柜鞋柜_柜C_背板02,1700,723,1,竖纹,1,1,1,1,非门板
250727-1021,朗力,	7536633066272,,电台路599弄76号302,冰箱柜鞋柜,18,欧松板,非高光板,S705,冰箱柜鞋柜_柜C_收口条01_L收口辅板01,1125,70,1,无纹理,1,1,1,1,非门板
250727-1021,朗力,	7536633066289,,电台路599弄76号302,冰箱柜鞋柜,18,欧松板,非高光板,S705,冰箱柜鞋柜_柜C_收口条01_L收口面板01,1125,40,1,横纹,1,1,1,1,非门板
250727-1021,朗力,	7536633066425,,电台路599弄76号302,冰箱柜鞋柜,18,欧松板,非高光板,S705,冰箱柜鞋柜_柜C_柜门01_左开拉直器1050J型拉手01_左开,2319,372,1,竖纹,1,1,1,1,门板
250727-1021,朗力,	7536633066678,,电台路599弄76号302,冰箱柜鞋柜,18,欧松板,非高光板,S705,冰箱柜鞋柜_柜C_柜门02_左开拉直器1050J型拉手01_左开,2319,372,1,竖纹,1,1,1,1,门板
250727-1021,朗力,	7536633066753,,电台路599弄76号302,冰箱柜鞋柜,18,欧松板,非高光板,S705,冰箱柜鞋柜_柜C_柜门03_右开拉直器01_右开,2319,372,1,竖纹,1,1,1,1,门板
250727-1021,朗力,	7536633066982,,电台路599弄76号302,冰箱柜鞋柜,18,欧松板,非高光板,S705,冰箱柜鞋柜_柜C_活动层板04,722,550,1,竖纹,1,1,1,1,非门板
250727-1021,朗力,	7536633067125,,电台路599弄76号302,冰箱柜鞋柜,18,欧松板,非高光板,S705,冰箱柜鞋柜_柜C_横隔板03,348,600,1,竖纹,1,1,1,1,非门板
250727-1021,朗力,	7536633067170,,电台路599弄76号302,冰箱柜鞋柜,18,欧松板,非高光板,S705,冰箱柜鞋柜_柜C_活动层板03,347,600,1,竖纹,1,1,1,1,非门板
250727-1021,朗力,	7536633067224,,电台路599弄76号302,冰箱柜鞋柜,18,欧松板,非高光板,S705,冰箱柜鞋柜_柜C_横隔板01,348,600,1,竖纹,1,1,1,1,非门板
250727-1021,朗力,	7536633067279,,电台路599弄76号302,冰箱柜鞋柜,18,欧松板,非高光板,S705,冰箱柜鞋柜_柜C_活动层板02,347,600,1,竖纹,1,1,1,1,非门板
250727-1021,朗力,	7536633067323,,电台路599弄76号302,冰箱柜鞋柜,18,欧松板,非高光板,S705,冰箱柜鞋柜_柜C_活动层板01,347,600,1,竖纹,1,1,1,1,非门板
250727-1021,朗力,	7536633067682,,电台路599弄76号302,冰箱柜鞋柜,18,欧松板,非高光板,S705,冰箱柜鞋柜_柜B_右立板01,1952,640,1,竖纹,1,1,1,1,非门板
250727-1021,朗力,	7536633067712,,电台路599弄76号302,冰箱柜鞋柜,18,欧松板,非高光板,S705,冰箱柜鞋柜_柜B_左立板01,1952,640,1,竖纹,1,1,1,1,非门板
250727-1021,朗力,	7536633067743,,电台路599弄76号302,冰箱柜鞋柜,18,欧松板,非高光板,S705,冰箱柜鞋柜_柜B_顶板01,838,640,1,竖纹,1,1,1,1,非门板
250727-1021,朗力,	7536633067781,,电台路599弄76号302,冰箱柜鞋柜,18,欧松板,非高光板,S705,冰箱柜鞋柜_柜B_背板01,1934,838,1,竖纹,1,1,1,1,非门板
250727-1021,朗力,	7536633067989,,电台路599弄76号302,冰箱柜鞋柜,18,欧松板,非高光板,S705,冰箱柜鞋柜_吊柜A_右立板01,347,600,1,竖纹,1,1,1,1,非门板
250727-1021,朗力,	7536633068016,,电台路599弄76号302,冰箱柜鞋柜,18,欧松板,非高光板,S705,冰箱柜鞋柜_吊柜A_左立板01,347,600,1,竖纹,1,1,1,1,非门板
250727-1021,朗力,	7536633068047,,电台路599弄76号302,冰箱柜鞋柜,18,欧松板,非高光板,S705,冰箱柜鞋柜_吊柜A_顶板01,838,600,1,竖纹,1,1,1,1,非门板
250727-1021,朗力,	7536633068092,,电台路599弄76号302,冰箱柜鞋柜,18,欧松板,非高光板,S705,冰箱柜鞋柜_吊柜A_底板01,838,600,1,竖纹,1,1,1,1,非门板
250727-1021,朗力,	7536633068139,,电台路599弄76号302,冰箱柜鞋柜,18,欧松板,非高光板,S705,冰箱柜鞋柜_吊柜A_背板01,311,838,1,竖纹,1,1,1,1,非门板
250727-1021,朗力,	7536633068160,,电台路599弄76号302,冰箱柜鞋柜,18,欧松板,非高光板,S705,冰箱柜鞋柜_吊柜A_收口条01_L收口辅板01,874,70,1,无纹理,1,1,1,1,非门板
250727-1021,朗力,	7536633068177,,电台路599弄76号302,冰箱柜鞋柜,18,欧松板,非高光板,S705,冰箱柜鞋柜_吊柜A_收口条01_L收口面板01,874,40,1,横纹,1,1,1,1,非门板
250727-1021,朗力,	7536633068191,,电台路599弄76号302,冰箱柜鞋柜,18,欧松板,非高光板,S705,冰箱柜鞋柜_吊柜A_柜门01_双开左01_左开,375,435.5,1,竖纹,1,1,1,1,门板
250727-1021,朗力,	7536633068221,,电台路599弄76号302,冰箱柜鞋柜,18,欧松板,非高光板,S705,冰箱柜鞋柜_吊柜A_柜门01_双开右01_右开,375,435.5,1,竖纹,1,1,1,1,门板
250727-1021,朗力,	7536633068528,,电台路599弄76号302,冰箱柜鞋柜,18,欧松板,非高光板,S705,冰箱柜鞋柜_柜A_右立板01,2339,628,1,竖纹,1,1,1,1,非门板
250727-1021,朗力,	7536633068559,,电台路599弄76号302,冰箱柜鞋柜,18,欧松板,非高光板,S705,冰箱柜鞋柜_柜A_左立板01,2339,630,1,竖纹,1,1,1,1,非门板
250727-1021,朗力,	7536633068641,,电台路599弄76号302,冰箱柜鞋柜,18,欧松板,非高光板,S705,冰箱柜鞋柜_柜A_柜门01_左开拉直器01_左开,2319,312,1,竖纹,1,1,1,1,门板
250727-1021,朗力,	7536633069082,,电台路599弄76号302,冰箱柜鞋柜,18,欧松板,非高光板,S705,冰箱柜鞋柜_地柜A_顶板01,632,374,1,竖纹,1,1,1,1,非门板
250727-1021,朗力,	7536633069112,,电台路599弄76号302,冰箱柜鞋柜,18,欧松板,非高光板,S705,冰箱柜鞋柜_地柜A_左立板01,410,374,1,竖纹,1,1,1,1,非门板
250727-1021,朗力,	7536633069150,,电台路599弄76号302,冰箱柜鞋柜,18,欧松板,非高光板,S705,冰箱柜鞋柜_地柜A_右立板01,410,374,1,竖纹,1,1,1,1,非门板
250727-1021,朗力,	7536633069181,,电台路599弄76号302,冰箱柜鞋柜,18,欧松板,非高光板,S705,冰箱柜鞋柜_地柜A_背板01,410,596,1,竖纹,1,1,1,1,非门板
250727-1021,朗力,	7536633069211,,电台路599弄76号302,冰箱柜鞋柜,18,欧松板,非高光板,S705,冰箱柜鞋柜_地柜A_活动层板01,595,354,1,竖纹,1,1,1,1,非门板
250727-1021,朗力,	7536633069532,,电台路599弄76号302,冰箱柜鞋柜,18,欧松板,非高光板,S705,冰箱柜鞋柜_柜D_竖隔板01,1911,632,1,竖纹,1,1,1,1,非门板
250727-1021,朗力,	7536633069754,,电台路599弄76号302,入户门套,18,欧松板,非高光板,S705,入户门套_一长海棠角_竖隔板01,2339,418,1,竖纹,1,1,1,1,非门板
250727-1021,朗力,	7536633069860,,电台路599弄76号302,入户门套,18,欧松板,非高光板,S705,入户门套_一长海棠角01_竖隔板01,2339,50,1,竖纹,1,1,1,1,非门板
250727-1021,朗力,	7536633069907,,电台路599弄76号302,入户门套,18,欧松板,非高光板,S705,入户门套_一长海棠角02_竖隔板01,912,343,1,竖纹,1,1,1,1,非门板
250727-1021,朗力,	7536633069990,,电台路599弄76号302,入户门套,18,欧松板,非高光板,S705,入户门套_一长开卡槽_竖隔板01,936,182,1,竖纹,1,1,1,1,非门板
250727-1021,朗力,	7536633070057,,电台路599弄76号302,入户门套,18,欧松板,非高光板,S705,入户门套_一长开卡槽01_竖隔板01,1990,182,1,竖纹,1,1,1,1,非门板
250727-1021,朗力,	7536633070071,,电台路599弄76号302,入户门套,18,欧松板,非高光板,S705,入户门套_一长开卡槽02_竖隔板01,1990,182,1,竖纹,1,1,1,1,非门板
250727-1021,朗力,	7536633070262,,电台路599弄76号302,次卧衣柜书桌,18,欧松板,非高光板,S705,次卧衣柜书桌_衣柜_左立板01,2462,550,1,竖纹,1,1,1,1,非门板
250727-1021,朗力,	7536633070293,,电台路599弄76号302,次卧衣柜书桌,18,欧松板,非高光板,S705,次卧衣柜书桌_衣柜_中立板01,2462,550,1,竖纹,1,1,1,1,非门板
250727-1021,朗力,	7536633070330,,电台路599弄76号302,次卧衣柜书桌,18,欧松板,非高光板,S705,次卧衣柜书桌_衣柜_中立板02,2462,550,1,竖纹,1,1,1,1,非门板
250727-1021,朗力,	7536633070378,,电台路599弄76号302,次卧衣柜书桌,18,欧松板,非高光板,S705,次卧衣柜书桌_衣柜_中立板03,2462,550,1,竖纹,1,1,1,1,非门板
250727-1021,朗力,	7536633070439,,电台路599弄76号302,次卧衣柜书桌,18,欧松板,非高光板,S705,次卧衣柜书桌_衣柜_中立板04,2462,550,1,竖纹,1,1,1,1,非门板
250727-1021,朗力,	7536633070477,,电台路599弄76号302,次卧衣柜书桌,18,欧松板,非高光板,S705,次卧衣柜书桌_衣柜_右立板01,2462,550,1,竖纹,1,1,1,1,非门板
250727-1021,朗力,	7536633070507,,电台路599弄76号302,次卧衣柜书桌,18,欧松板,非高光板,S705,次卧衣柜书桌_衣柜_顶板01,494,550,1,竖纹,1,1,1,1,非门板
250727-1021,朗力,	7536633070521,,电台路599弄76号302,次卧衣柜书桌,18,欧松板,非高光板,S705,次卧衣柜书桌_衣柜_顶板02,961,550,1,竖纹,1,1,1,1,非门板
250727-1021,朗力,	7536633070576,,电台路599弄76号302,次卧衣柜书桌,18,欧松板,非高光板,S705,次卧衣柜书桌_衣柜_顶板03,1039,550,1,竖纹,1,1,1,1,非门板
250727-1021,朗力,	7536633070590,,电台路599弄76号302,次卧衣柜书桌,18,欧松板,非高光板,S705,次卧衣柜书桌_衣柜_顶板04,506,550,1,竖纹,1,1,1,1,非门板
250727-1021,朗力,	7536633070668,,电台路599弄76号302,次卧衣柜书桌,18,欧松板,非高光板,S705,次卧衣柜书桌_衣柜_踢脚线02_踢脚线前挡板01,961,60,1,横纹,1,1,1,1,非门板
250727-1021,朗力,	7536633070675,,电台路599弄76号302,次卧衣柜书桌,18,欧松板,非高光板,S705,次卧衣柜书桌_衣柜_踢脚线02_踢脚线后挡板01,60,961,1,无纹理,1,1,1,1,非门板
250727-1021,朗力,	7536633070644,,电台路599弄76号302,次卧衣柜书桌,18,欧松板,非高光板,S705,次卧衣柜书桌_衣柜_底板02,961,550,1,竖纹,1,1,1,1,非门板
250727-1021,朗力,	7536633070729,,电台路599弄76号302,次卧衣柜书桌,18,欧松板,非高光板,S705,次卧衣柜书桌_衣柜_踢脚线01_踢脚线前挡板01,494,60,1,横纹,1,1,1,1,非门板
250727-1021,朗力,	7536633070736,,电台路599弄76号302,次卧衣柜书桌,18,欧松板,非高光板,S705,次卧衣柜书桌_衣柜_踢脚线01_踢脚线后挡板01,60,494,1,无纹理,1,1,1,1,非门板
250727-1021,朗力,	7536633070705,,电台路599弄76号302,次卧衣柜书桌,18,欧松板,非高光板,S705,次卧衣柜书桌_衣柜_底板01,494,550,1,竖纹,1,1,1,1,非门板
250727-1021,朗力,	7536633070781,,电台路599弄76号302,次卧衣柜书桌,18,欧松板,非高光板,S705,次卧衣柜书桌_衣柜_踢脚线03_踢脚线前挡板01,506,60,1,横纹,1,1,1,1,非门板
250727-1021,朗力,	7536633070798,,电台路599弄76号302,次卧衣柜书桌,18,欧松板,非高光板,S705,次卧衣柜书桌_衣柜_踢脚线03_踢脚线后挡板01,60,506,1,无纹理,1,1,1,1,非门板
250727-1021,朗力,	7536633070767,,电台路599弄76号302,次卧衣柜书桌,18,欧松板,非高光板,S705,次卧衣柜书桌_衣柜_底板03,506,550,1,竖纹,1,1,1,1,非门板
250727-1021,朗力,	7536633070866,,电台路599弄76号302,次卧衣柜书桌,18,欧松板,非高光板,S705,次卧衣柜书桌_衣柜_拉条06,961,70,1,横纹,1,1,1,1,非门板
250727-1021,朗力,	7536633070880,,电台路599弄76号302,次卧衣柜书桌,18,欧松板,非高光板,S705,次卧衣柜书桌_衣柜_拉条04,961,70,1,横纹,1,1,1,1,非门板
250727-1021,朗力,	7536633070941,,电台路599弄76号302,次卧衣柜书桌,18,欧松板,非高光板,S705,次卧衣柜书桌_衣柜_拉条05,494,70,1,横纹,1,1,1,1,非门板
250727-1021,朗力,	7536633070965,,电台路599弄76号302,次卧衣柜书桌,18,欧松板,非高光板,S705,次卧衣柜书桌_衣柜_拉条03,494,70,1,横纹,1,1,1,1,非门板
250727-1021,朗力,	7536633071122,,电台路599弄76号302,次卧衣柜书桌,18,欧松板,非高光板,S705,次卧衣柜书桌_衣柜_背板04,2366,506,1,竖纹,1,1,1,1,非门板
250727-1021,朗力,	7536633071207,,电台路599弄76号302,次卧衣柜书桌,18,欧松板,非高光板,S705,次卧衣柜书桌_衣柜_横隔板02,1039,550,1,竖纹,1,1,1,1,非门板
250727-1021,朗力,	7536633071290,,电台路599弄76号302,次卧衣柜书桌,18,欧松板,非高光板,S705,次卧衣柜书桌_衣柜_横隔板06,1039,550,1,竖纹,1,1,1,1,非门板
250727-1021,朗力,	7536633071375,,电台路599弄76号302,次卧衣柜书桌,18,欧松板,非高光板,S705,次卧衣柜书桌_衣柜_背板05,1141,1039,1,竖纹,1,1,1,1,非门板
250727-1021,朗力,	7536633071399,,电台路599弄76号302,次卧衣柜书桌,18,欧松板,非高光板,S705,次卧衣柜书桌_衣柜_背板01,841,1039,1,竖纹,1,1,1,1,非门板
250727-1021,朗力,	7536633071412,,电台路599弄76号302,次卧衣柜书桌,18,欧松板,非高光板,S705,次卧衣柜书桌_衣柜_背板06,426,1039,1,竖纹,1,1,1,1,非门板
250727-1021,朗力,	7536633071559,,电台路599弄76号302,次卧衣柜书桌,18,欧松板,非高光板,S705,次卧衣柜书桌_衣柜_收口条03_L收口辅板01,1509,70,1,无纹理,1,1,1,1,非门板
250727-1021,朗力,	7536633071566,,电台路599弄76号302,次卧衣柜书桌,18,欧松板,非高光板,S705,次卧衣柜书桌_衣柜_收口条03_L收口面板01,1509,40,1,横纹,1,1,1,1,非门板
250727-1021,朗力,	7536633071535,,电台路599弄76号302,次卧衣柜书桌,18,欧松板,非高光板,S705,次卧衣柜书桌_衣柜_收口条04_L收口辅板01,1599,70,1,无纹理,1,1,1,1,非门板
250727-1021,朗力,	7536633071542,,电台路599弄76号302,次卧衣柜书桌,18,欧松板,非高光板,S705,次卧衣柜书桌_衣柜_收口条04_L收口面板01,1599,40,1,横纹,1,1,1,1,非门板
250727-1021,朗力,	7536633071856,,电台路599弄76号302,次卧衣柜书桌,18,欧松板,非高光板,S705,次卧衣柜书桌_衣柜_收口条01_侧收口01,2502,70,1,竖纹,1,1,1,1,非门板
250727-1021,朗力,	7536633071702,,电台路599弄76号302,次卧衣柜书桌,18,欧松板,非高光板,S705,次卧衣柜书桌_衣柜_收口条02_L收口辅板01,2502,70,1,无纹理,1,1,1,1,非门板
250727-1021,朗力,	7536633071719,,电台路599弄76号302,次卧衣柜书桌,18,欧松板,非高光板,S705,次卧衣柜书桌_衣柜_收口条02_L收口面板01,2502,30,1,竖纹,1,1,1,1,非门板
250727-1021,朗力,	7536633071931,,电台路599弄76号302,次卧衣柜书桌,18,欧松板,非高光板,S705,次卧衣柜书桌_衣柜_竖隔板01,850,1509,1,无纹理,1,1,1,1,非门板
250727-1021,朗力,	7536633072242,,电台路599弄76号302,次卧衣柜书桌,18,欧松板,非高光板,S705,次卧衣柜书桌_衣柜_拉条01,494,70,1,横纹,1,1,1,1,非门板
250727-1021,朗力,	7536633072280,,电台路599弄76号302,次卧衣柜书桌,18,欧松板,非高光板,S705,次卧衣柜书桌_衣柜_拉条02,961,70,1,横纹,1,1,1,1,非门板
250727-1021,朗力,	7536633072419,,电台路599弄76号302,次卧衣柜书桌,18,欧松板,非高光板,S705,次卧衣柜书桌_衣柜_柜门05_左开下横J型通体01_左开,1640,500,1,竖纹,1,1,1,1,门板
250727-1021,朗力,	7536633072440,,电台路599弄76号302,次卧衣柜书桌,18,欧松板,非高光板,S705,次卧衣柜书桌_衣柜_柜门05_右开下横J型通体01_右开,1640,500,1,竖纹,1,1,1,1,门板
250727-1021,朗力,	7536633072488,,电台路599弄76号302,次卧衣柜书桌,18,欧松板,非高光板,S705,次卧衣柜书桌_衣柜_柜门04_左开下横J型通体01_左开,1640,500,1,竖纹,1,1,1,1,门板
250727-1021,朗力,	7536633072686,,电台路599弄76号302,次卧衣柜书桌,18,欧松板,非高光板,S705,次卧衣柜书桌_衣柜_横隔板01,506,532,1,竖纹,1,1,1,1,非门板
250727-1021,朗力,	7536633072778,,电台路599弄76号302,次卧衣柜书桌,18,欧松板,非高光板,S705,次卧衣柜书桌_衣柜_柜门03_左开下横J型通体01_左开,1640,530,1,竖纹,1,1,1,1,门板
250727-1021,朗力,	7536633072808,,电台路599弄76号302,次卧衣柜书桌,18,欧松板,非高光板,S705,次卧衣柜书桌_衣柜_柜门03_右开下横J型通体01_右开,1640,530,1,竖纹,1,1,1,1,门板
250727-1021,朗力,	7536633072846,,电台路599弄76号302,次卧衣柜书桌,18,欧松板,非高光板,S705,次卧衣柜书桌_衣柜_柜门02_右开下横C型通体01_右开,1922,530,1,竖纹,1,1,1,1,门板
250727-1021,朗力,	7536633073102,,电台路599弄76号302,次卧衣柜书桌,18,欧松板,非高光板,S705,次卧衣柜书桌_衣柜_柜门01_左开上横C型通体注意拉手做平的C型01_左开,840,530,1,竖纹,1,1,1,1,门板
250727-1021,朗力,	7536633073133,,电台路599弄76号302,次卧衣柜书桌,18,欧松板,非高光板,S705,次卧衣柜书桌_衣柜_柜门01_右开上横C型通体注意拉手做平的C型01_右开,840,530,1,竖纹,1,1,1,1,门板
250727-1021,朗力,	7536633073287,,电台路599弄76号302,次卧衣柜书桌,18,欧松板,非高光板,S705,次卧衣柜书桌_衣柜_抽屉02_抽面一长J型通体01,530,277.25,1,横纹,1,1,1,1,非门板
250727-1021,朗力,	7536633073294,,电台路599弄76号302,次卧衣柜书桌,18,欧松板,非高光板,S705,次卧衣柜书桌_衣柜_抽屉02_抽盒前板01,444,210,1,横纹,1,1,1,1,非门板
250727-1021,朗力,	7536633073300,,电台路599弄76号302,次卧衣柜书桌,18,欧松板,非高光板,S705,次卧衣柜书桌_衣柜_抽屉02_抽屉右板01,450,210,1,横纹,1,1,1,1,非门板
250727-1021,朗力,	7536633073317,,电台路599弄76号302,次卧衣柜书桌,18,欧松板,非高光板,S705,次卧衣柜书桌_衣柜_抽屉02_抽屉左板01,450,210,1,横纹,1,1,1,1,非门板
250727-1021,朗力,	7536633073324,,电台路599弄76号302,次卧衣柜书桌,18,欧松板,非高光板,S705,次卧衣柜书桌_衣柜_抽屉02_抽屉后板01,444,210,1,横纹,1,1,1,1,非门板
250727-1021,朗力,	7536633073263,,电台路599弄76号302,次卧衣柜书桌,18,欧松板,非高光板,S705,次卧衣柜书桌_衣柜_抽屉02_抽屉底板01,444,414,1,竖纹,1,1,1,1,非门板
250727-1021,朗力,	7536633073355,,电台路599弄76号302,次卧衣柜书桌,18,欧松板,非高光板,S705,次卧衣柜书桌_衣柜_抽屉01_抽面一长J型通体01,530,277.75,1,横纹,1,1,1,1,非门板
250727-1021,朗力,	7536633073362,,电台路599弄76号302,次卧衣柜书桌,18,欧松板,非高光板,S705,次卧衣柜书桌_衣柜_抽屉01_抽盒前板01,444,168,1,横纹,1,1,1,1,非门板
250727-1021,朗力,	7536633073379,,电台路599弄76号302,次卧衣柜书桌,18,欧松板,非高光板,S705,次卧衣柜书桌_衣柜_抽屉01_抽屉右板01,450,168,1,横纹,1,1,1,1,非门板
250727-1021,朗力,	7536633073386,,电台路599弄76号302,次卧衣柜书桌,18,欧松板,非高光板,S705,次卧衣柜书桌_衣柜_抽屉01_抽屉左板01,450,168,1,横纹,1,1,1,1,非门板
250727-1021,朗力,	7536633073393,,电台路599弄76号302,次卧衣柜书桌,18,欧松板,非高光板,S705,次卧衣柜书桌_衣柜_抽屉01_抽屉后板01,444,168,1,横纹,1,1,1,1,非门板
250727-1021,朗力,	7536633073331,,电台路599弄76号302,次卧衣柜书桌,18,欧松板,非高光板,S705,次卧衣柜书桌_衣柜_抽屉01_抽屉底板01,444,414,1,竖纹,1,1,1,1,非门板
250727-1021,朗力,	7536633073683,,电台路599弄76号302,次卧衣柜书桌,18,欧松板,非高光板,S705,次卧衣柜书桌_衣柜_横隔板05,961,523,1,竖纹,1,1,1,1,非门板
250727-1021,朗力,	7536633073775,,电台路599弄76号302,次卧衣柜书桌,18,欧松板,非高光板,S705,次卧衣柜书桌_衣柜_横隔板04,961,523,1,竖纹,1,1,1,1,非门板
250727-1021,朗力,	7536633073874,,电台路599弄76号302,次卧衣柜书桌,18,欧松板,非高光板,S705,次卧衣柜书桌_衣柜_活动层板02,493,521,1,竖纹,1,1,1,1,非门板
250727-1021,朗力,	7536633073966,,电台路599弄76号302,次卧衣柜书桌,18,欧松板,非高光板,S705,次卧衣柜书桌_衣柜_活动层板01,493,521,1,竖纹,1,1,1,1,非门板
250727-1021,朗力,	7536633074055,,电台路599弄76号302,次卧衣柜书桌,18,欧松板,非高光板,S705,次卧衣柜书桌_衣柜_横隔板03,494,521,1,竖纹,1,1,1,1,非门板
250727-1021,朗力,	7536633074222,,电台路599弄76号302,次卧衣柜书桌,18,欧松板,非高光板,S705,次卧衣柜书桌_衣柜_横隔板07,506,532,1,竖纹,1,1,1,1,非门板
250727-1021,朗力,	7536633077292,,电台路599弄76号302,次卧衣柜书桌,18,欧松板,非高光板,S705,次卧衣柜书桌_书桌吊柜_左立板01,1082,300,1,竖纹,1,1,1,1,非门板
250727-1021,朗力,	7536633077322,,电台路599弄76号302,次卧衣柜书桌,18,欧松板,非高光板,S705,次卧衣柜书桌_书桌吊柜_右立板01,1122,300,1,竖纹,1,1,1,1,非门板
250727-1021,朗力,	7536633077353,,电台路599弄76号302,次卧衣柜书桌,18,欧松板,非高光板,S705,次卧衣柜书桌_书桌吊柜_中立板01,1082,300,1,竖纹,1,1,1,1,非门板
250727-1021,朗力,	7536633077407,,电台路599弄76号302,次卧衣柜书桌,18,欧松板,非高光板,S705,次卧衣柜书桌_书桌吊柜_中立板02,1082,300,1,竖纹,1,1,1,1,非门板
250727-1021,朗力,	7536633077469,,电台路599弄76号302,次卧衣柜书桌,18,欧松板,非高光板,S705,次卧衣柜书桌_书桌吊柜_灯带140居前01,768,300,1,竖纹,1,1,1,1,非门板
250727-1021,朗力,	7536633077483,,电台路599弄76号302,次卧衣柜书桌,18,欧松板,非高光板,S705,次卧衣柜书桌_书桌吊柜_灯带140居前02,768,300,1,竖纹,1,1,1,1,非门板
250727-1021,朗力,	7536633077537,,电台路599弄76号302,次卧衣柜书桌,18,欧松板,非高光板,S705,次卧衣柜书桌_书桌吊柜_顶板01,768,300,1,竖纹,1,1,1,1,非门板
250727-1021,朗力,	7536633077551,,电台路599弄76号302,次卧衣柜书桌,18,欧松板,非高光板,S705,次卧衣柜书桌_书桌吊柜_顶板02,768,300,1,竖纹,1,1,1,1,非门板
250727-1021,朗力,	7536633077599,,电台路599弄76号302,次卧衣柜书桌,18,欧松板,非高光板,S705,次卧衣柜书桌_书桌吊柜_背板01,1046,768,1,竖纹,1,1,1,1,非门板
250727-1021,朗力,	7536633077612,,电台路599弄76号302,次卧衣柜书桌,18,欧松板,非高光板,S705,次卧衣柜书桌_书桌吊柜_背板02,1046,768,1,竖纹,1,1,1,1,非门板
250727-1021,朗力,	7536633077643,,电台路599弄76号302,次卧衣柜书桌,18,欧松板,非高光板,S705,次卧衣柜书桌_书桌吊柜_灯带140居前03,768,277,1,竖纹,1,1,1,1,非门板
250727-1021,朗力,	7536633077735,,电台路599弄76号302,次卧衣柜书桌,18,欧松板,非高光板,S705,次卧衣柜书桌_书桌吊柜_灯带140居前04,768,277,1,竖纹,1,1,1,1,非门板
250727-1021,朗力,	7536633077827,,电台路599弄76号302,次卧衣柜书桌,18,欧松板,非高光板,S705,次卧衣柜书桌_书桌吊柜_活动层板01,767,275,1,竖纹,1,1,1,1,非门板
250727-1021,朗力,	7536633077919,,电台路599弄76号302,次卧衣柜书桌,18,欧松板,非高光板,S705,次卧衣柜书桌_书桌吊柜_活动层板02,767,275,1,竖纹,1,1,1,1,非门板
250727-1021,朗力,	7536633078039,,电台路599弄76号302,次卧衣柜书桌,18,欧松板,非高光板,S705,次卧衣柜书桌_书桌吊柜_收口条03_平收口板01,1590,40,1,横纹,1,1,1,1,非门板
250727-1021,朗力,	7536633078169,,电台路599弄76号302,次卧衣柜书桌,18,欧松板,非高光板,S705,次卧衣柜书桌_书桌吊柜_柜门01_双开左01_左开,779,399,1,竖纹,1,1,1,1,门板
250727-1021,朗力,	7536633078190,,电台路599弄76号302,次卧衣柜书桌,18,欧松板,非高光板,S705,次卧衣柜书桌_书桌吊柜_柜门01_双开右01_右开,779,399,1,竖纹,1,1,1,1,门板
250727-1021,朗力,	7536633078237,,电台路599弄76号302,次卧衣柜书桌,18,欧松板,非高光板,S705,次卧衣柜书桌_书桌吊柜_柜门02_双开左01_左开,779,399,1,竖纹,1,1,1,1,门板
250727-1021,朗力,	7536633078268,,电台路599弄76号302,次卧衣柜书桌,18,欧松板,非高光板,S705,次卧衣柜书桌_书桌吊柜_柜门02_双开右01_右开,779,399,1,竖纹,1,1,1,1,门板
250727-1021,朗力,	7536633078756,,电台路599弄76号302,次卧衣柜书桌,18,欧松板,非高光板,S705,次卧衣柜书桌_书桌吊柜_收口条02_侧收口01,1122,70,1,竖纹,1,1,1,1,非门板
250727-1021,朗力,	7536633079203,,电台路599弄76号302,次卧衣柜书桌,18,欧松板,非高光板,S705,次卧衣柜书桌_书桌吊柜_收口条01_侧收口01,250,70,1,竖纹,1,1,1,1,非门板
250727-1021,朗力,	7536633079340,,电台路599弄76号302,次卧衣柜书桌,18,欧松板,非高光板,S705,次卧衣柜书桌_榻榻米A_左立板01,958,382,1,竖纹,1,1,1,1,非门板
250727-1021,朗力,	7536633079371,,电台路599弄76号302,次卧衣柜书桌,18,欧松板,非高光板,S705,次卧衣柜书桌_榻榻米A_右立板01,958,382,1,竖纹,1,1,1,1,非门板
250727-1021,朗力,	7536633079401,,电台路599弄76号302,次卧衣柜书桌,18,欧松板,非高光板,S705,次卧衣柜书桌_榻榻米A_底板01,1473,382,1,竖纹,1,1,1,1,非门板
250727-1021,朗力,	7536633079456,,电台路599弄76号302,次卧衣柜书桌,18,欧松板,非高光板,S705,次卧衣柜书桌_榻榻米A_顶板01,1473,382,1,竖纹,1,1,1,1,非门板
250727-1021,朗力,	7536633079500,,电台路599弄76号302,次卧衣柜书桌,18,欧松板,非高光板,S705,次卧衣柜书桌_榻榻米A_中立板02,922,382,1,竖纹,1,1,1,1,非门板
250727-1021,朗力,	7536633079555,,电台路599弄76号302,次卧衣柜书桌,18,欧松板,非高光板,S705,次卧衣柜书桌_榻榻米A_中立板01,922,382,1,竖纹,1,1,1,1,非门板
250727-1021,朗力,	7536633079791,,电台路599弄76号302,次卧衣柜书桌,18,欧松板,非高光板,S705,次卧衣柜书桌_榻榻米A_背板01,922,476,1,竖纹,1,1,1,1,非门板
250727-1021,朗力,	7536633079814,,电台路599弄76号302,次卧衣柜书桌,18,欧松板,非高光板,S705,次卧衣柜书桌_榻榻米A_背板02,922,485,1,竖纹,1,1,1,1,非门板
250727-1021,朗力,	7536633079838,,电台路599弄76号302,次卧衣柜书桌,18,欧松板,非高光板,S705,次卧衣柜书桌_榻榻米A_背板03,922,476,1,竖纹,1,1,1,1,非门板
250727-1021,朗力,	7536633079869,,电台路599弄76号302,次卧衣柜书桌,18,欧松板,非高光板,S705,次卧衣柜书桌_榻榻米A_竖隔板01,198,1509,1,无纹理,1,1,1,1,非门板
250727-1021,朗力,	7536633080278,,电台路599弄76号302,次卧衣柜书桌,18,欧松板,非高光板,S705,次卧衣柜书桌_榻榻米A_柜门01_单开门01_右开,757,500,1,竖纹,1,1,1,1,门板
250727-1021,朗力,	7536633080322,,电台路599弄76号302,次卧衣柜书桌,18,欧松板,非高光板,S705,次卧衣柜书桌_榻榻米A_柜门02_单开门01_右开,757,500,1,竖纹,1,1,1,1,门板
250727-1021,朗力,	7536633080377,,电台路599弄76号302,次卧衣柜书桌,18,欧松板,非高光板,S705,次卧衣柜书桌_榻榻米A_柜门03_单开门01_右开,757,500,1,竖纹,1,1,1,1,门板
250727-1021,朗力,	7536633080735,,电台路599弄76号302,次卧衣柜书桌,18,欧松板,非高光板,S705,次卧衣柜书桌_榻榻米A_收口条01_L收口辅板01,1509,70,1,无纹理,1,1,1,1,非门板
250727-1021,朗力,	7536633080742,,电台路599弄76号302,次卧衣柜书桌,18,欧松板,非高光板,S705,次卧衣柜书桌_榻榻米A_收口条01_L收口面板01,1509,40,1,横纹,1,1,1,1,非门板
250727-1021,朗力,	7536633080940,,电台路599弄76号302,次卧衣柜书桌,18,欧松板,非高光板,S705,次卧衣柜书桌_地柜A_顶板01,1509,1200,1,横纹,1,1,1,1,非门板
250727-1021,朗力,	7536633080971,,电台路599弄76号302,次卧衣柜书桌,18,欧松板,非高光板,S705,次卧衣柜书桌_地柜A_左立板01,1491,382,1,横纹,1,1,1,1,非门板
250727-1021,朗力,	7536633081015,,电台路599弄76号302,次卧衣柜书桌,18,欧松板,非高光板,S705,次卧衣柜书桌_地柜A_右立板01,1491,382,1,横纹,1,1,1,1,非门板
250727-1021,朗力,	7536633081121,,电台路599弄76号302,次卧衣柜书桌,18,欧松板,非高光板,S705,次卧衣柜书桌_地柜A_中立板01,1491,382,1,横纹,1,1,1,1,非门板
250727-1021,朗力,	7536633081183,,电台路599弄76号302,次卧衣柜书桌,18,欧松板,非高光板,S705,次卧衣柜书桌_地柜A_拉条01,563,60,1,横纹,1,1,1,1,非门板
250727-1021,朗力,	7536633081206,,电台路599弄76号302,次卧衣柜书桌,18,欧松板,非高光板,S705,次卧衣柜书桌_地柜A_拉条02,563,60,1,横纹,1,1,1,1,非门板
250727-1021,朗力,	7536633081428,,电台路599弄76号302,次卧衣柜书桌,18,欧松板,非高光板,S705,次卧衣柜书桌_地柜A_收口条01_侧收口01,382,70,1,竖纹,1,1,1,1,非门板
250727-1021,朗力,	7536633081770,,电台路599弄76号302,次卧衣柜书桌,18,欧松板,非高光板,S705,次卧衣柜书桌_地柜A_抽屉01_抽面一长斜切01,587,342,1,横纹,1,1,1,1,非门板
250727-1021,朗力,	7536633081787,,电台路599弄76号302,次卧衣柜书桌,18,欧松板,非高光板,S705,次卧衣柜书桌_地柜A_抽屉01_抽盒前板01,501,292,1,横纹,1,1,1,1,非门板
250727-1021,朗力,	7536633081794,,电台路599弄76号302,次卧衣柜书桌,18,欧松板,非高光板,S705,次卧衣柜书桌_地柜A_抽屉01_抽屉右板01,721,292,1,横纹,1,1,1,1,非门板
250727-1021,朗力,	7536633081800,,电台路599弄76号302,次卧衣柜书桌,18,欧松板,非高光板,S705,次卧衣柜书桌_地柜A_抽屉01_抽屉左板01,721,292,1,横纹,1,1,1,1,非门板
250727-1021,朗力,	7536633081817,,电台路599弄76号302,次卧衣柜书桌,18,欧松板,非高光板,S705,次卧衣柜书桌_地柜A_抽屉01_抽屉后板01,501,273,1,横纹,1,1,1,1,非门板
250727-1021,朗力,	7536633081756,,电台路599弄76号302,次卧衣柜书桌,18,欧松板,非高光板,S705,次卧衣柜书桌_地柜A_抽屉01_抽屉底板01,501,685,1,竖纹,1,1,1,1,非门板
250727-1021,朗力,	7536633081848,,电台路599弄76号302,次卧衣柜书桌,18,欧松板,非高光板,S705,次卧衣柜书桌_地柜A_抽屉02_抽面一长斜切01,587,342,1,横纹,1,1,1,1,非门板
250727-1021,朗力,	7536633081855,,电台路599弄76号302,次卧衣柜书桌,18,欧松板,非高光板,S705,次卧衣柜书桌_地柜A_抽屉02_抽盒前板01,501,292,1,横纹,1,1,1,1,非门板
250727-1021,朗力,	7536633081862,,电台路599弄76号302,次卧衣柜书桌,18,欧松板,非高光板,S705,次卧衣柜书桌_地柜A_抽屉02_抽屉右板01,721,292,1,横纹,1,1,1,1,非门板
250727-1021,朗力,	7536633081879,,电台路599弄76号302,次卧衣柜书桌,18,欧松板,非高光板,S705,次卧衣柜书桌_地柜A_抽屉02_抽屉左板01,721,292,1,横纹,1,1,1,1,非门板
250727-1021,朗力,	7536633081886,,电台路599弄76号302,次卧衣柜书桌,18,欧松板,非高光板,S705,次卧衣柜书桌_地柜A_抽屉02_抽屉后板01,501,273,1,横纹,1,1,1,1,非门板
250727-1021,朗力,	7536633081824,,电台路599弄76号302,次卧衣柜书桌,18,欧松板,非高光板,S705,次卧衣柜书桌_地柜A_抽屉02_抽屉底板01,501,685,1,无纹理,1,1,1,1,非门板
250727-1021,朗力,	7536633082821,,电台路599弄76号302,次卧衣柜书桌,18,欧松板,非高光板,S705,次卧衣柜书桌_地柜A_抽屉03_抽盒前板01,501,292,1,横纹,1,1,1,1,非门板
250727-1021,朗力,	7536633082838,,电台路599弄76号302,次卧衣柜书桌,18,欧松板,非高光板,S705,次卧衣柜书桌_地柜A_抽屉03_抽屉右板01,721,292,1,横纹,1,1,1,1,非门板
250727-1021,朗力,	7536633082845,,电台路599弄76号302,次卧衣柜书桌,18,欧松板,非高光板,S705,次卧衣柜书桌_地柜A_抽屉03_抽屉左板01,721,292,1,横纹,1,1,1,1,非门板
250727-1021,朗力,	7536633082852,,电台路599弄76号302,次卧衣柜书桌,18,欧松板,非高光板,S705,次卧衣柜书桌_地柜A_抽屉03_抽屉后板01,501,273,1,横纹,1,1,1,1,非门板
250727-1021,朗力,	7536633082791,,电台路599弄76号302,次卧衣柜书桌,18,欧松板,非高光板,S705,次卧衣柜书桌_地柜A_抽屉03_抽屉底板01,501,685,1,竖纹,1,1,1,1,非门板
250727-1021,朗力,	7536633082890,,电台路599弄76号302,次卧衣柜书桌,18,欧松板,非高光板,S705,次卧衣柜书桌_地柜A_抽屉04_抽盒前板01,501,292,1,横纹,1,1,1,1,非门板
250727-1021,朗力,	7536633082906,,电台路599弄76号302,次卧衣柜书桌,18,欧松板,非高光板,S705,次卧衣柜书桌_地柜A_抽屉04_抽屉右板01,721,292,1,横纹,1,1,1,1,非门板
250727-1021,朗力,	7536633082913,,电台路599弄76号302,次卧衣柜书桌,18,欧松板,非高光板,S705,次卧衣柜书桌_地柜A_抽屉04_抽屉左板01,721,292,1,横纹,1,1,1,1,非门板
250727-1021,朗力,	7536633082920,,电台路599弄76号302,次卧衣柜书桌,18,欧松板,非高光板,S705,次卧衣柜书桌_地柜A_抽屉04_抽屉后板01,501,273,1,横纹,1,1,1,1,非门板
250727-1021,朗力,	7536633082869,,电台路599弄76号302,次卧衣柜书桌,18,欧松板,非高光板,S705,次卧衣柜书桌_地柜A_抽屉04_抽屉底板01,501,685,1,竖纹,1,1,1,1,非门板
250727-1021,朗力,	7536633083255,,电台路599弄76号302,次卧衣柜书桌,18,欧松板,非高光板,S705,次卧衣柜书桌_地柜A_竖隔板01,382,563,1,竖纹,1,1,1,1,非门板
250727-1021,朗力,	7536633083309,,电台路599弄76号302,次卧衣柜书桌,18,欧松板,非高光板,S705,次卧衣柜书桌_地柜A_竖隔板02,382,563,1,竖纹,1,1,1,1,非门板
250727-1021,朗力,	7536633083651,,电台路599弄76号302,次卧衣柜书桌,18,欧松板,非高光板,S705,次卧衣柜书桌_地柜A_收口条02_侧收口01,2198,70,1,竖纹,1,1,1,1,非门板
250727-1021,朗力,	7536633083996,,电台路599弄76号302,次卧衣柜书桌,18,欧松板,非高光板,S705,次卧衣柜书桌_U型榻榻米拉手_顶板01,501,74,1,竖纹,1,1,1,1,非门板
250727-1021,朗力,	7536633084023,,电台路599弄76号302,次卧衣柜书桌,18,欧松板,非高光板,S705,次卧衣柜书桌_U型榻榻米拉手_竖隔板02,50,501,1,竖纹,1,1,1,1,非门板
250727-1021,朗力,	7536633084061,,电台路599弄76号302,次卧衣柜书桌,18,欧松板,非高光板,S705,次卧衣柜书桌_U型榻榻米拉手_竖隔板01,50,501,1,竖纹,1,1,1,1,非门板
250727-1021,朗力,	7536633084139,,电台路599弄76号302,次卧衣柜书桌,18,欧松板,非高光板,S705,次卧衣柜书桌_U型榻榻米拉手01_顶板01,501,74,1,竖纹,1,1,1,1,非门板
250727-1021,朗力,	7536633084146,,电台路599弄76号302,次卧衣柜书桌,18,欧松板,非高光板,S705,次卧衣柜书桌_U型榻榻米拉手01_竖隔板02,50,501,1,竖纹,1,1,1,1,非门板
250727-1021,朗力,	7536633084153,,电台路599弄76号302,次卧衣柜书桌,18,欧松板,非高光板,S705,次卧衣柜书桌_U型榻榻米拉手01_竖隔板01,50,501,1,竖纹,1,1,1,1,非门板
250727-1021,朗力,	7536633086126,,电台路599弄76号302,中岛,18,欧松板,非高光板,S705,中岛_地柜A_左立板01,915,740,1,竖纹,1,1,1,1,非门板
250727-1021,朗力,	7536633086157,,电台路599弄76号302,中岛,18,欧松板,非高光板,S705,中岛_地柜A_右立板01,915,740,1,竖纹,1,1,1,1,非门板
250727-1021,朗力,	7536633086201,,电台路599弄76号302,中岛,18,欧松板,非高光板,S705,中岛_地柜A_踢脚线01_踢脚线前挡板01,734,60,1,横纹,1,1,1,1,非门板
250727-1021,朗力,	7536633086218,,电台路599弄76号302,中岛,18,欧松板,非高光板,S705,中岛_地柜A_踢脚线01_踢脚线后挡板01,60,734,1,无纹理,1,1,1,1,非门板
250727-1021,朗力,	7536633086331,,电台路599弄76号302,中岛,18,欧松板,非高光板,S705,中岛_地柜A_踢脚线01_踢脚线隔条01,60,702,1,无纹理,1,1,1,1,非门板
250727-1021,朗力,	7536633086348,,电台路599弄76号302,中岛,18,欧松板,非高光板,S705,中岛_地柜A_踢脚线01_踢脚线隔条02,60,702,1,无纹理,1,1,1,1,非门板
250727-1021,朗力,	7536633086188,,电台路599弄76号302,中岛,18,欧松板,非高光板,S705,中岛_地柜A_底板01,734,740,1,竖纹,1,1,1,1,非门板
250727-1021,朗力,	7536633086461,,电台路599弄76号302,中岛,18,欧松板,非高光板,S705,中岛_地柜A_顶板01,734,684,1,竖纹,1,1,1,1,非门板
250727-1021,朗力,	7536633086515,,电台路599弄76号302,中岛,18,欧松板,非高光板,S705,中岛_地柜A_竖隔板01,819,734,1,竖纹,1,1,1,1,非门板
250727-1021,朗力,	7536633087499,,电台路599弄76号302,中岛,18,欧松板,非高光板,S705,中岛_地柜A_抽屉03_抽屉面板01,766,271,1,横纹,1,1,1,1,非门板
250727-1021,朗力,	7536633087505,,电台路599弄76号302,中岛,18,欧松板,非高光板,S705,中岛_地柜A_抽屉03_抽盒前板01,672,150,1,横纹,1,1,1,1,非门板
250727-1021,朗力,	7536633087512,,电台路599弄76号302,中岛,18,欧松板,非高光板,S705,中岛_地柜A_抽屉03_抽屉右板01,400,150,1,横纹,1,1,1,1,非门板
250727-1021,朗力,	7536633087529,,电台路599弄76号302,中岛,18,欧松板,非高光板,S705,中岛_地柜A_抽屉03_抽屉左板01,400,150,1,横纹,1,1,1,1,非门板
250727-1021,朗力,	7536633087536,,电台路599弄76号302,中岛,18,欧松板,非高光板,S705,中岛_地柜A_抽屉03_抽屉后板01,672,150,1,横纹,1,1,1,1,非门板
250727-1021,朗力,	7536633087475,,电台路599弄76号302,中岛,18,欧松板,非高光板,S705,中岛_地柜A_抽屉03_抽屉底板01,672,364,1,竖纹,1,1,1,1,非门板
250727-1021,朗力,	7536633087574,,电台路599弄76号302,中岛,18,欧松板,非高光板,S705,中岛_地柜A_抽屉02_抽屉面板01,766,272,1,横纹,1,1,1,1,非门板
250727-1021,朗力,	7536633087581,,电台路599弄76号302,中岛,18,欧松板,非高光板,S705,中岛_地柜A_抽屉02_抽盒前板01,672,200,1,横纹,1,1,1,1,非门板
250727-1021,朗力,	7536633087598,,电台路599弄76号302,中岛,18,欧松板,非高光板,S705,中岛_地柜A_抽屉02_抽屉右板01,400,200,1,横纹,1,1,1,1,非门板
250727-1021,朗力,	7536633087604,,电台路599弄76号302,中岛,18,欧松板,非高光板,S705,中岛_地柜A_抽屉02_抽屉左板01,400,200,1,横纹,1,1,1,1,非门板
250727-1021,朗力,	7536633087611,,电台路599弄76号302,中岛,18,欧松板,非高光板,S705,中岛_地柜A_抽屉02_抽屉后板01,672,200,1,横纹,1,1,1,1,非门板
250727-1021,朗力,	7536633087550,,电台路599弄76号302,中岛,18,欧松板,非高光板,S705,中岛_地柜A_抽屉02_抽屉底板01,672,364,1,竖纹,1,1,1,1,非门板
250727-1021,朗力,	7536633087659,,电台路599弄76号302,中岛,18,欧松板,非高光板,S705,中岛_地柜A_抽屉01_抽屉面板01,766,272,1,横纹,1,1,1,1,非门板
250727-1021,朗力,	7536633087666,,电台路599弄76号302,中岛,18,欧松板,非高光板,S705,中岛_地柜A_抽屉01_抽盒前板01,672,170,1,横纹,1,1,1,1,非门板
250727-1021,朗力,	7536633087673,,电台路599弄76号302,中岛,18,欧松板,非高光板,S705,中岛_地柜A_抽屉01_抽屉右板01,400,170,1,横纹,1,1,1,1,非门板
250727-1021,朗力,	7536633087680,,电台路599弄76号302,中岛,18,欧松板,非高光板,S705,中岛_地柜A_抽屉01_抽屉左板01,400,170,1,横纹,1,1,1,1,非门板
250727-1021,朗力,	7536633087697,,电台路599弄76号302,中岛,18,欧松板,非高光板,S705,中岛_地柜A_抽屉01_抽屉后板01,672,170,1,横纹,1,1,1,1,非门板
250727-1021,朗力,	7536633087635,,电台路599弄76号302,中岛,18,欧松板,非高光板,S705,中岛_地柜A_抽屉01_抽屉底板01,672,364,1,竖纹,1,1,1,1,非门板
250727-1021,朗力,	7536633089141,,电台路599弄76号302,中岛,18,欧松板,非高光板,S705,中岛_地柜A_柜门01_双开左01_左开,875,382,1,竖纹,1,1,1,1,门板
250727-1021,朗力,	7536633089172,,电台路599弄76号302,中岛,18,欧松板,非高光板,S705,中岛_地柜A_柜门01_双开右01_右开,875,382,1,竖纹,1,1,1,1,门板
250727-1021,朗力,	7536633089349,,电台路599弄76号302,中岛,18,欧松板,非高光板,S705,中岛_地柜A_活动层板01,733,300,1,竖纹,1,1,1,1,非门板
250727-1021,朗力,	7536633089646,,电台路599弄76号302,电视柜,18,欧松板,非高光板,S705,电视柜_地柜A_右立板01,682,345,1,竖纹,1,1,1,1,非门板
250727-1021,朗力,	7536633089738,,电台路599弄76号302,电视柜,18,欧松板,非高光板,S705,电视柜_地柜A_左立板01,682,345,1,竖纹,1,1,1,1,非门板
250727-1021,朗力,	7536633089769,,电台路599弄76号302,电视柜,18,欧松板,非高光板,S705,电视柜_地柜A_顶板01,596,345,1,竖纹,1,1,1,1,非门板
250727-1021,朗力,	7536633089837,,电台路599弄76号302,电视柜,18,欧松板,非高光板,S705,电视柜_地柜A_踢脚线01_踢脚线前挡板01,596,60,1,横纹,1,1,1,1,非门板
250727-1021,朗力,	7536633089844,,电台路599弄76号302,电视柜,18,欧松板,非高光板,S705,电视柜_地柜A_踢脚线01_踢脚线后挡板01,60,596,1,无纹理,1,1,1,1,非门板
250727-1021,朗力,	7536633089813,,电台路599弄76号302,电视柜,18,欧松板,非高光板,S705,电视柜_地柜A_底板01,596,345,1,竖纹,1,1,1,1,非门板
250727-1021,朗力,	7536633089905,,电台路599弄76号302,电视柜,18,欧松板,非高光板,S705,电视柜_地柜A_背板01,586,596,1,竖纹,1,1,1,1,非门板
250727-1021,朗力,	7536633089943,,电台路599弄76号302,电视柜,18,欧松板,非高光板,S705,电视柜_地柜A_抽屉03_抽屉面板01,628,221,1,横纹,1,1,1,1,非门板
250727-1021,朗力,	7536633089967,,电台路599弄76号302,电视柜,18,欧松板,非高光板,S705,电视柜_地柜A_抽屉03_抽屉右板01,290,160,1,横纹,1,1,1,1,非门板
250727-1021,朗力,	7536633089974,,电台路599弄76号302,电视柜,18,欧松板,非高光板,S705,电视柜_地柜A_抽屉03_抽屉左板01,290,160,1,横纹,1,1,1,1,非门板
250727-1021,朗力,	7536633089981,,电台路599弄76号302,电视柜,18,欧松板,非高光板,S705,电视柜_地柜A_抽屉03_抽屉后板01,547,132,1,横纹,1,1,1,1,非门板
250727-1021,朗力,	7536633089929,,电台路599弄76号302,电视柜,18,欧松板,非高光板,S705,电视柜_地柜A_抽屉03_抽屉底板01,547,290,1,竖纹,1,1,1,1,非门板
250727-1021,朗力,	7537560616424,,电台路599弄76号302,电视柜,18,欧松板,非高光板,S705,电视柜_地柜A_抽屉03_抽盒前板01,547,132,1,横纹,1,1,1,1,非门板
250727-1021,朗力,	7536633090017,,电台路599弄76号302,电视柜,18,欧松板,非高光板,S705,电视柜_地柜A_抽屉02_抽屉面板01,628,222.5,1,横纹,1,1,1,1,非门板
250727-1021,朗力,	7536633090031,,电台路599弄76号302,电视柜,18,欧松板,非高光板,S705,电视柜_地柜A_抽屉02_抽屉右板01,290,160,1,横纹,1,1,1,1,非门板
250727-1021,朗力,	7536633090048,,电台路599弄76号302,电视柜,18,欧松板,非高光板,S705,电视柜_地柜A_抽屉02_抽屉左板01,290,160,1,横纹,1,1,1,1,非门板
250727-1021,朗力,	7536633090055,,电台路599弄76号302,电视柜,18,欧松板,非高光板,S705,电视柜_地柜A_抽屉02_抽屉后板01,547,132,1,横纹,1,1,1,1,非门板
250727-1021,朗力,	7536633089998,,电台路599弄76号302,电视柜,18,欧松板,非高光板,S705,电视柜_地柜A_抽屉02_抽屉底板01,547,290,1,竖纹,1,1,1,1,非门板
250727-1021,朗力,	7537560616462,,电台路599弄76号302,电视柜,18,欧松板,非高光板,S705,电视柜_地柜A_抽屉02_抽盒前板01,547,132,1,横纹,1,1,1,1,非门板
250727-1021,朗力,	7536633090086,,电台路599弄76号302,电视柜,18,欧松板,非高光板,S705,电视柜_地柜A_抽屉01_抽屉面板01,628,222.5,1,横纹,1,1,1,1,非门板
250727-1021,朗力,	7536633090109,,电台路599弄76号302,电视柜,18,欧松板,非高光板,S705,电视柜_地柜A_抽屉01_抽屉右板01,290,110,1,横纹,1,1,1,1,非门板
250727-1021,朗力,	7536633090116,,电台路599弄76号302,电视柜,18,欧松板,非高光板,S705,电视柜_地柜A_抽屉01_抽屉左板01,290,110,1,横纹,1,1,1,1,非门板
250727-1021,朗力,	7536633090123,,电台路599弄76号302,电视柜,18,欧松板,非高光板,S705,电视柜_地柜A_抽屉01_抽屉后板01,547,82,1,横纹,1,1,1,1,非门板
250727-1021,朗力,	7536633090062,,电台路599弄76号302,电视柜,18,欧松板,非高光板,S705,电视柜_地柜A_抽屉01_抽屉底板01,547,290,1,竖纹,1,1,1,1,非门板
250727-1021,朗力,	7537560616448,,电台路599弄76号302,电视柜,18,欧松板,非高光板,S705,电视柜_地柜A_抽屉01_抽盒前板01,547,82,1,横纹,1,1,1,1,非门板
250727-1021,朗力,	7536633090574,,电台路599弄76号302,电视柜,18,欧松板,非高光板,S705,电视柜_地柜A_收口条01_L收口辅板01,682,70,1,无纹理,1,1,1,1,非门板
250727-1021,朗力,	7536633090581,,电台路599弄76号302,电视柜,18,欧松板,非高光板,S705,电视柜_地柜A_收口条01_L收口面板01,682,30,1,竖纹,1,1,1,1,非门板
250727-1021,朗力,	7536633090765,,电台路599弄76号302,电视柜,18,欧松板,非高光板,S705,电视柜_地柜B_左立板01,682,349,1,竖纹,1,1,1,1,非门板
250727-1021,朗力,	7536633090796,,电台路599弄76号302,电视柜,18,欧松板,非高光板,S705,电视柜_地柜B_右立板01,682,349,1,竖纹,1,1,1,1,非门板
250727-1021,朗力,	7536633090826,,电台路599弄76号302,电视柜,18,欧松板,非高光板,S705,电视柜_地柜B_中立板01,682,349,1,竖纹,1,1,1,1,非门板
250727-1021,朗力,	7536633090864,,电台路599弄76号302,电视柜,18,欧松板,非高光板,S705,电视柜_地柜B_顶板01,851,349,1,竖纹,1,1,1,1,非门板
250727-1021,朗力,	7536633090888,,电台路599弄76号302,电视柜,18,欧松板,非高光板,S705,电视柜_地柜B_顶板02,851,349,1,竖纹,1,1,1,1,非门板
250727-1021,朗力,	7536633090956,,电台路599弄76号302,电视柜,18,欧松板,非高光板,S705,电视柜_地柜B_踢脚线01_踢脚线前挡板01,851,60,1,横纹,1,1,1,1,非门板
250727-1021,朗力,	7536633090963,,电台路599弄76号302,电视柜,18,欧松板,非高光板,S705,电视柜_地柜B_踢脚线01_踢脚线后挡板01,60,851,1,无纹理,1,1,1,1,非门板
250727-1021,朗力,	7536633090932,,电台路599弄76号302,电视柜,18,欧松板,非高光板,S705,电视柜_地柜B_底板01,851,349,1,竖纹,1,1,1,1,非门板
250727-1021,朗力,	7536633091014,,电台路599弄76号302,电视柜,18,欧松板,非高光板,S705,电视柜_地柜B_踢脚线02_踢脚线前挡板01,851,60,1,横纹,1,1,1,1,非门板
250727-1021,朗力,	7536633091021,,电台路599弄76号302,电视柜,18,欧松板,非高光板,S705,电视柜_地柜B_踢脚线02_踢脚线后挡板01,60,851,1,无纹理,1,1,1,1,非门板
250727-1021,朗力,	7536633090994,,电台路599弄76号302,电视柜,18,欧松板,非高光板,S705,电视柜_地柜B_底板02,851,349,1,竖纹,1,1,1,1,非门板
250727-1021,朗力,	7536633091083,,电台路599弄76号302,电视柜,18,欧松板,非高光板,S705,电视柜_地柜B_背板01,586,851,1,竖纹,1,1,1,1,非门板
250727-1021,朗力,	7536633091106,,电台路599弄76号302,电视柜,18,欧松板,非高光板,S705,电视柜_地柜B_背板02,586,851,1,竖纹,1,1,1,1,非门板
250727-1021,朗力,	7536633091137,,电台路599弄76号302,电视柜,18,欧松板,非高光板,S705,电视柜_地柜B_柜门01_双开左01_左开,672,436.75,1,竖纹,1,1,1,1,门板
250727-1021,朗力,	7536633091168,,电台路599弄76号302,电视柜,18,欧松板,非高光板,S705,电视柜_地柜B_柜门01_双开右01_右开,672,436.75,1,竖纹,1,1,1,1,门板
250727-1021,朗力,	7536633091205,,电台路599弄76号302,电视柜,18,欧松板,非高光板,S705,电视柜_地柜B_柜门02_双开左01_左开,672,436.75,1,竖纹,1,1,1,1,门板
250727-1021,朗力,	7536633091236,,电台路599弄76号302,电视柜,18,欧松板,非高光板,S705,电视柜_地柜B_柜门02_双开右01_右开,672,436.75,1,竖纹,1,1,1,1,门板
250727-1021,朗力,	7536633091434,,电台路599弄76号302,电视柜,18,欧松板,非高光板,S705,电视柜_地柜B_活动层板01,850,329,1,竖纹,1,1,1,1,非门板
250727-1021,朗力,	7536633091533,,电台路599弄76号302,电视柜,18,欧松板,非高光板,S705,电视柜_地柜B_活动层板02,850,329,1,竖纹,1,1,1,1,非门板
250727-1021,朗力,	7537514666505,,电台路599弄76号302,电视柜,18,欧松板,非高光板,S705,电视柜_地柜C_右立板01,682,345,1,竖纹,1,1,1,1,非门板
250727-1021,朗力,	7537514666512,,电台路599弄76号302,电视柜,18,欧松板,非高光板,S705,电视柜_地柜C_左立板01,682,345,1,竖纹,1,1,1,1,非门板
250727-1021,朗力,	7537514666529,,电台路599弄76号302,电视柜,18,欧松板,非高光板,S705,电视柜_地柜C_顶板01,403,345,1,竖纹,1,1,1,1,非门板
250727-1021,朗力,	7537514666536,,电台路599弄76号302,电视柜,18,欧松板,非高光板,S705,电视柜_地柜C_踢脚线01_踢脚线前挡板01,403,60,1,横纹,1,1,1,1,非门板
250727-1021,朗力,	7537514666543,,电台路599弄76号302,电视柜,18,欧松板,非高光板,S705,电视柜_地柜C_踢脚线01_踢脚线后挡板01,60,403,1,无纹理,1,1,1,1,非门板
250727-1021,朗力,	7537514666550,,电台路599弄76号302,电视柜,18,欧松板,非高光板,S705,电视柜_地柜C_底板01,403,345,1,竖纹,1,1,1,1,非门板
250727-1021,朗力,	7537514666567,,电台路599弄76号302,电视柜,18,欧松板,非高光板,S705,电视柜_地柜C_背板01,586,403,1,竖纹,1,1,1,1,非门板
250727-1021,朗力,	7537514666574,,电台路599弄76号302,电视柜,18,欧松板,非高光板,S705,电视柜_地柜C_抽屉03_抽屉面板01,435,221,1,横纹,1,1,1,1,非门板
250727-1021,朗力,	7537514666598,,电台路599弄76号302,电视柜,18,欧松板,非高光板,S705,电视柜_地柜C_抽屉03_抽屉右板01,290,160,1,横纹,1,1,1,1,非门板
250727-1021,朗力,	7537514666604,,电台路599弄76号302,电视柜,18,欧松板,非高光板,S705,电视柜_地柜C_抽屉03_抽屉左板01,290,160,1,横纹,1,1,1,1,非门板
250727-1021,朗力,	7537514666611,,电台路599弄76号302,电视柜,18,欧松板,非高光板,S705,电视柜_地柜C_抽屉03_抽屉后板01,354,132,1,横纹,1,1,1,1,非门板
250727-1021,朗力,	7537514666628,,电台路599弄76号302,电视柜,18,欧松板,非高光板,S705,电视柜_地柜C_抽屉03_抽屉底板01,354,290,1,竖纹,1,1,1,1,非门板
250727-1021,朗力,	7537560616660,,电台路599弄76号302,电视柜,18,欧松板,非高光板,S705,电视柜_地柜C_抽屉03_抽盒前板01,354,132,1,横纹,1,1,1,1,非门板
250727-1021,朗力,	7537514666635,,电台路599弄76号302,电视柜,18,欧松板,非高光板,S705,电视柜_地柜C_抽屉02_抽屉面板01,435,222.5,1,横纹,1,1,1,1,非门板
250727-1021,朗力,	7537514666659,,电台路599弄76号302,电视柜,18,欧松板,非高光板,S705,电视柜_地柜C_抽屉02_抽屉右板01,290,160,1,横纹,1,1,1,1,非门板
250727-1021,朗力,	7537514666666,,电台路599弄76号302,电视柜,18,欧松板,非高光板,S705,电视柜_地柜C_抽屉02_抽屉左板01,290,160,1,横纹,1,1,1,1,非门板
250727-1021,朗力,	7537514666673,,电台路599弄76号302,电视柜,18,欧松板,非高光板,S705,电视柜_地柜C_抽屉02_抽屉后板01,354,132,1,横纹,1,1,1,1,非门板
250727-1021,朗力,	7537514666680,,电台路599弄76号302,电视柜,18,欧松板,非高光板,S705,电视柜_地柜C_抽屉02_抽屉底板01,354,290,1,竖纹,1,1,1,1,非门板
250727-1021,朗力,	7537560616622,,电台路599弄76号302,电视柜,18,欧松板,非高光板,S705,电视柜_地柜C_抽屉02_抽盒前板01,354,132,1,横纹,1,1,1,1,非门板
250727-1021,朗力,	7537514666697,,电台路599弄76号302,电视柜,18,欧松板,非高光板,S705,电视柜_地柜C_抽屉01_抽屉面板01,435,222.5,1,横纹,1,1,1,1,非门板
250727-1021,朗力,	7537514666710,,电台路599弄76号302,电视柜,18,欧松板,非高光板,S705,电视柜_地柜C_抽屉01_抽屉右板01,290,110,1,横纹,1,1,1,1,非门板
250727-1021,朗力,	7537514666727,,电台路599弄76号302,电视柜,18,欧松板,非高光板,S705,电视柜_地柜C_抽屉01_抽屉左板01,290,110,1,横纹,1,1,1,1,非门板
250727-1021,朗力,	7537514666734,,电台路599弄76号302,电视柜,18,欧松板,非高光板,S705,电视柜_地柜C_抽屉01_抽屉后板01,354,82,1,横纹,1,1,1,1,非门板
250727-1021,朗力,	7537514666741,,电台路599弄76号302,电视柜,18,欧松板,非高光板,S705,电视柜_地柜C_抽屉01_抽屉底板01,354,290,1,竖纹,1,1,1,1,非门板
250727-1021,朗力,	7537560616646,,电台路599弄76号302,电视柜,18,欧松板,非高光板,S705,电视柜_地柜C_抽屉01_抽盒前板01,354,82,1,横纹,1,1,1,1,非门板
250727-1021,朗力,	7537560604896,,电台路599弄76号302,电视柜,18,欧松板,非高光板,S705,电视柜_吊柜A_左立板01,585,349,1,竖纹,1,1,1,1,非门板
250727-1021,朗力,	7537560604926,,电台路599弄76号302,电视柜,18,欧松板,非高光板,S705,电视柜_吊柜A_右立板01,585,349,1,竖纹,1,1,1,1,非门板
250727-1021,朗力,	7537560604957,,电台路599弄76号302,电视柜,18,欧松板,非高光板,S705,电视柜_吊柜A_顶板01,596,349,1,竖纹,1,1,1,1,非门板
250727-1021,朗力,	7537560605008,,电台路599弄76号302,电视柜,18,欧松板,非高光板,S705,电视柜_吊柜A_底板01,596,349,1,竖纹,1,1,1,1,非门板
250727-1021,朗力,	7537560605046,,电台路599弄76号302,电视柜,18,欧松板,非高光板,S705,电视柜_吊柜A_背板01,549,596,1,竖纹,1,1,1,1,非门板
250727-1021,朗力,	7537560605091,,电台路599弄76号302,电视柜,18,欧松板,非高光板,S705,电视柜_吊柜A_活动层板01,595,329,1,竖纹,1,1,1,1,非门板
250727-1021,朗力,	7537560606487,,电台路599弄76号302,电视柜,18,欧松板,非高光板,S705,电视柜_吊柜A_收口条02_L收口辅板01,632,70,1,无纹理,1,1,1,1,非门板
250727-1021,朗力,	7537560606494,,电台路599弄76号302,电视柜,18,欧松板,非高光板,S705,电视柜_吊柜A_收口条02_L收口面板01,632,40,1,横纹,1,1,1,1,非门板
250727-1021,朗力,	7537560606685,,电台路599弄76号302,电视柜,18,欧松板,非高光板,S705,电视柜_吊柜A_柜门01_单开门01_左开,617,628,1,竖纹,1,1,1,1,门板
250727-1021,朗力,	7537560606906,,电台路599弄76号302,电视柜,18,欧松板,非高光板,S705,电视柜_吊柜A_收口条01_L收口辅板01,625,70,1,无纹理,1,1,1,1,非门板
250727-1021,朗力,	7537560606913,,电台路599弄76号302,电视柜,18,欧松板,非高光板,S705,电视柜_吊柜A_收口条01_L收口面板01,625,30,1,竖纹,1,1,1,1,非门板
250727-1021,朗力,	7537560605190,,电台路599弄76号302,电视柜,18,欧松板,非高光板,S705,电视柜_吊柜B_左立板01,585,349,1,竖纹,1,1,1,1,非门板
250727-1021,朗力,	7537560605206,,电台路599弄76号302,电视柜,18,欧松板,非高光板,S705,电视柜_吊柜B_右立板01,585,349,1,竖纹,1,1,1,1,非门板
250727-1021,朗力,	7537560605213,,电台路599弄76号302,电视柜,18,欧松板,非高光板,S705,电视柜_吊柜B_顶板01,1720,349,1,竖纹,1,1,1,1,非门板
250727-1021,朗力,	7537560605220,,电台路599弄76号302,电视柜,18,欧松板,非高光板,S705,电视柜_吊柜B_底板01,1720,349,1,竖纹,1,1,1,1,非门板
250727-1021,朗力,	7537560605404,,电台路599弄76号302,电视柜,18,欧松板,非高光板,S705,电视柜_吊柜B_中立板01,549,349,1,竖纹,1,1,1,1,非门板
250727-1021,朗力,	7537560605473,,电台路599弄76号302,电视柜,18,欧松板,非高光板,S705,电视柜_吊柜B_背板01,549,851,1,竖纹,1,1,1,1,非门板
250727-1021,朗力,	7537560605497,,电台路599弄76号302,电视柜,18,欧松板,非高光板,S705,电视柜_吊柜B_背板02,549,851,1,竖纹,1,1,1,1,非门板
250727-1021,朗力,	7537560605527,,电台路599弄76号302,电视柜,18,欧松板,非高光板,S705,电视柜_吊柜B_收口条01_L收口辅板01,2195,70,1,无纹理,1,1,1,1,非门板
250727-1021,朗力,	7537560605534,,电台路599弄76号302,电视柜,18,欧松板,非高光板,S705,电视柜_吊柜B_收口条01_L收口面板01,2195,40,1,横纹,1,1,1,1,非门板
250727-1021,朗力,	7537560605596,,电台路599弄76号302,电视柜,18,欧松板,非高光板,S705,电视柜_吊柜B_柜门01_双开左01_左开,617,436.75,1,竖纹,1,1,1,1,门板
250727-1021,朗力,	7537560605626,,电台路599弄76号302,电视柜,18,欧松板,非高光板,S705,电视柜_吊柜B_柜门01_双开右01_右开,617,436.75,1,竖纹,1,1,1,1,门板
250727-1021,朗力,	7537560605664,,电台路599弄76号302,电视柜,18,欧松板,非高光板,S705,电视柜_吊柜B_柜门02_双开左01_左开,617,436.75,1,竖纹,1,1,1,1,门板
250727-1021,朗力,	7537560605695,,电台路599弄76号302,电视柜,18,欧松板,非高光板,S705,电视柜_吊柜B_柜门02_双开右01_右开,617,436.75,1,竖纹,1,1,1,1,门板
250727-1021,朗力,	7537560605961,,电台路599弄76号302,电视柜,18,欧松板,非高光板,S705,电视柜_吊柜B_活动层板01,850,329,1,竖纹,1,1,1,1,非门板
250727-1021,朗力,	7537560606067,,电台路599弄76号302,电视柜,18,欧松板,非高光板,S705,电视柜_吊柜B_活动层板02,850,329,1,竖纹,1,1,1,1,非门板
250727-1021,朗力,	7537560605282,,电台路599弄76号302,电视柜,18,欧松板,非高光板,S705,电视柜_吊柜C_左立板01,585,349,1,竖纹,1,1,1,1,非门板
250727-1021,朗力,	7537560605299,,电台路599弄76号302,电视柜,18,欧松板,非高光板,S705,电视柜_吊柜C_右立板01,585,349,1,竖纹,1,1,1,1,非门板
250727-1021,朗力,	7537560605305,,电台路599弄76号302,电视柜,18,欧松板,非高光板,S705,电视柜_吊柜C_顶板01,403,349,1,竖纹,1,1,1,1,非门板
250727-1021,朗力,	7537560605312,,电台路599弄76号302,电视柜,18,欧松板,非高光板,S705,电视柜_吊柜C_底板01,403,349,1,竖纹,1,1,1,1,非门板
250727-1021,朗力,	7537560605329,,电台路599弄76号302,电视柜,18,欧松板,非高光板,S705,电视柜_吊柜C_背板01,549,403,1,竖纹,1,1,1,1,非门板
250727-1021,朗力,	7537560605336,,电台路599弄76号302,电视柜,18,欧松板,非高光板,S705,电视柜_吊柜C_活动层板01,402,329,1,竖纹,1,1,1,1,非门板
250727-1021,朗力,	7537560606227,,电台路599弄76号302,电视柜,18,欧松板,非高光板,S705,电视柜_吊柜C_柜门01_单开门01_右开,617,435,1,竖纹,1,1,1,1,门板
250727-1021,朗力,	7537560607408,,电台路599弄76号302,电视柜,18,欧松板,非高光板,S705,电视柜_地柜D_左立板01,682,331,1,竖纹,1,1,1,1,非门板
250727-1021,朗力,	7537560607439,,电台路599弄76号302,电视柜,18,欧松板,非高光板,S705,电视柜_地柜D_右立板01,682,331,1,竖纹,1,1,1,1,非门板
250727-1021,朗力,	7537560607453,,电台路599弄76号302,电视柜,18,欧松板,非高光板,S705,电视柜_地柜D_背板01,682,804,1,竖纹,1,1,1,1,非门板
250727-1021,朗力,	7537560607651,,电台路599弄76号302,电视柜,18,欧松板,非高光板,S705,电视柜_地柜D_顶板01,768,331,1,竖纹,1,1,1,1,非门板
250727-1021,朗力,	7537560607774,,电台路599弄76号302,电视柜,18,欧松板,非高光板,S705,电视柜_地柜D_踢脚线01_踢脚线前挡板01,768,60,1,横纹,1,1,1,1,非门板
250727-1021,朗力,	7537560607781,,电台路599弄76号302,电视柜,18,欧松板,非高光板,S705,电视柜_地柜D_踢脚线01_踢脚线后挡板01,60,768,1,无纹理,1,1,1,1,非门板
250727-1021,朗力,	7537560607750,,电台路599弄76号302,电视柜,18,欧松板,非高光板,S705,电视柜_地柜D_底板01,768,331,1,竖纹,1,1,1,1,非门板
250727-1021,朗力,	7537560607910,,电台路599弄76号302,电视柜,18,欧松板,非高光板,S705,电视柜_地柜D_柜门01_双开左01_左开,672,399,1,竖纹,1,1,1,1,门板
250727-1021,朗力,	7537560607941,,电台路599弄76号302,电视柜,18,欧松板,非高光板,S705,电视柜_地柜D_柜门01_双开右01_右开,672,399,1,竖纹,1,1,1,1,门板
250727-1021,朗力,	7537560608115,,电台路599弄76号302,电视柜,18,欧松板,非高光板,S705,电视柜_地柜D_收口条01_侧收口01,682,370,1,竖纹,1,1,1,1,非门板
250727-1021,朗力,	7537560610613,,电台路599弄76号302,电视柜,18,欧松板,非高光板,S705,电视柜_柜A_柜门01_单开门01_右开,330,505.5,1,竖纹,1,1,1,1,门板
250727-1021,朗力,	7537560611290,,电台路599弄76号302,电视柜,18,欧松板,非高光板,S705,电视柜_柜A_收口条03_侧收口01,625,370,1,竖纹,1,1,1,1,非门板
250727-1021,朗力,	7537560611641,,电台路599弄76号302,电视柜,18,欧松板,非高光板,S705,电视柜_柜A_收口条06_墙板一长开槽01,617,800,1,竖纹,1,1,1,1,非门板
250727-1021,朗力,	7537560613058,,电台路599弄76号302,电视柜,18,欧松板,非高光板,S705,电视柜_地柜F_柜门01_右开上横J型通体01_右开,670,461,1,竖纹,1,1,1,1,门板
250727-1021,朗力,	7537560613102,,电台路599弄76号302,电视柜,18,欧松板,非高光板,S705,电视柜_地柜F_抽屉01_抽面一长C型通体01,461,166,1,横纹,1,1,1,1,非门板
250727-1021,朗力,	7537560613461,,电台路599弄76号302,电视柜,18,欧松板,非高光板,S705,电视柜_地柜F_收口条01_L收口面板01,850,30,1,竖纹,1,1,1,1,非门板
250727-1021,朗力,	7537560614765,,电台路599弄76号302,电视柜,18,欧松板,非高光板,S705,电视柜_柜C_右立板01,1487,494,1,竖纹,1,1,1,1,非门板
250727-1021,朗力,	7537560615687,,电台路599弄76号302,电视柜,18,欧松板,非高光板,S705,电视柜_柜C_柜门01_单开门01_左开,332,489,1,竖纹,1,1,1,1,门板
250727-1021,朗力,	7537560614017,,电台路599弄76号302,电视柜,18,欧松板,非高光板,S705,电视柜_地柜E_柜门01_左开上横J型通体01_左开,528.5,499,1,竖纹,1,1,1,1,门板
250727-1021,朗力,	7537560614048,,电台路599弄76号302,电视柜,18,欧松板,非高光板,S705,电视柜_地柜E_柜门01_右开上横J型通体01_右开,528.5,499,1,竖纹,1,1,1,1,门板
250727-1021,朗力,	7537560618923,,电台路599弄76号302,电视柜拼色隐形门,18,欧松板,非高光板,S705,电视柜拼色隐形门_一长海棠角_竖隔板01,2500,300,1,竖纹,1,1,1,1,非门板
250727-1021,朗力,	7537560619012,,电台路599弄76号302,电视柜拼色隐形门,18,欧松板,非高光板,S705,电视柜拼色隐形门_一长海棠角01_竖隔板01,2500,50,1,竖纹,1,1,1,1,非门板
250727-1021,朗力,	7537560619050,,电台路599弄76号302,电视柜拼色隐形门,18,欧松板,非高光板,S705,电视柜拼色隐形门_楣板_竖隔板01,895,163,1,竖纹,1,1,1,1,非门板
250727-1021,朗力,	7538404295652,,电台路599弄76号302,阳台柜,18,欧松板,非高光板,S705,阳台柜_柜A_收口条01_L收口面板01,2345,30,1,竖纹,1,1,1,1,非门板
250727-1021,朗力,	7538404295768,,电台路599弄76号302,阳台柜,18,欧松板,非高光板,S705,阳台柜_柜A_柜门03_双开左01_左开,525,394,1,竖纹,1,1,1,1,门板
250727-1021,朗力,	7538404295799,,电台路599弄76号302,阳台柜,18,欧松板,非高光板,S705,阳台柜_柜A_柜门03_双开右01_右开,525,394,1,竖纹,1,1,1,1,门板
250727-1021,朗力,	7538404296024,,电台路599弄76号302,阳台柜,18,欧松板,非高光板,S705,阳台柜_柜A_柜门04_双开左01_左开,525,284.5,1,竖纹,1,1,1,1,门板
250727-1021,朗力,	7538404296055,,电台路599弄76号302,阳台柜,18,欧松板,非高光板,S705,阳台柜_柜A_柜门04_双开右01_右开,525,284.5,1,竖纹,1,1,1,1,门板
250727-1021,朗力,	7538404296130,,电台路599弄76号302,阳台柜,18,欧松板,非高光板,S705,阳台柜_柜A_柜门01_单开门01_左开,1798,166,1,竖纹,1,1,1,1,门板
250727-1021,朗力,	7538404297144,,电台路599弄76号302,阳台柜,18,欧松板,非高光板,S705,阳台柜_柜A_抽屉02_抽面一长J型通体拉手01,571,270.75,1,横纹,1,1,1,1,非门板
250727-1021,朗力,	7538404297212,,电台路599弄76号302,阳台柜,18,欧松板,非高光板,S705,阳台柜_柜A_抽屉01_抽面一长J型通体拉手01,571,270.75,1,横纹,1,1,1,1,非门板
250727-1021,朗力,	7538404297502,,电台路599弄76号302,阳台柜,18,欧松板,非高光板,S705,阳台柜_柜A_柜门02_下翻门一长J型通体拉手01_下开,270,571,1,竖纹,1,1,1,1,门板
250727-1021,朗力,	7538404298073,,电台路599弄76号302,阳台柜,18,欧松板,非高光板,S705,阳台柜_柜A_收口条02_侧收口01,2345,635,1,竖纹,1,1,1,1,非门板
250727-1021,朗力,	7538591562223,,电台路599弄76号302,备用板,18,欧松板,非高光板,S705,备用板_单板A_竖隔板01,2700,100,1,竖纹,1,1,1,1,非门板
250727-1021,朗力,	7538591562308,,电台路599弄76号302,备用板,18,欧松板,非高光板,S705,备用板_单板B_竖隔板01,2700,60,1,竖纹,1,1,1,1,非门板
250727-1021,朗力,	7538591562322,,电台路599弄76号302,备用板,18,欧松板,非高光板,S705,备用板_单板C_竖隔板01,2700,60,1,竖纹,1,1,1,1,非门板
250727-1021,朗力,	7535873042268,,电台路599弄76号302,厨房,18,多层板,非高光板,S705,厨房_地柜C_底板01,1052,560,1,竖纹,1,1,1,1,非门板
250727-1021,朗力,	7535873042299,,电台路599弄76号302,厨房,18,多层板,非高光板,S705,厨房_地柜C_右立板01,717,560,1,竖纹,1,1,1,1,非门板
250727-1021,朗力,	7535873042336,,电台路599弄76号302,厨房,18,多层板,非高光板,S705,厨房_地柜C_左立板01,717,440,1,竖纹,1,1,1,1,非门板
250727-1021,朗力,	7535873042374,,电台路599弄76号302,厨房,18,多层板,非高光板,S705,厨房_地柜C_中立板04,717,560,1,竖纹,1,1,1,1,非门板
250727-1021,朗力,	7535873042442,,电台路599弄76号302,厨房,18,多层板,非高光板,S705,厨房_地柜C_中立板03,717,560,1,竖纹,1,1,1,1,非门板
250727-1021,朗力,	7535873042527,,电台路599弄76号302,厨房,18,多层板,非高光板,S705,厨房_地柜C_中立板02,717,560,1,竖纹,1,1,1,1,非门板
250727-1021,朗力,	7535873042596,,电台路599弄76号302,厨房,18,多层板,非高光板,S705,厨房_地柜C_中立板01,717,560,1,竖纹,1,1,1,1,非门板
250727-1021,朗力,	7535873042664,,电台路599弄76号302,厨房,18,多层板,非高光板,S705,厨房_地柜C_底板02,600,510,1,竖纹,1,1,1,1,非门板
250727-1021,朗力,	7535873042770,,电台路599弄76号302,厨房,18,多层板,非高光板,S705,厨房_地柜C_底板03,462,560,1,竖纹,1,1,1,1,非门板
250727-1021,朗力,	7535873042954,,电台路599弄76号302,厨房,18,多层板,非高光板,S705,厨房_地柜C_顶板01,1016,532,1,竖纹,1,1,1,1,非门板
250727-1021,朗力,	7535873043005,,电台路599弄76号302,厨房,18,多层板,非高光板,S705,厨房_地柜C_顶板02,426,532,1,竖纹,1,1,1,1,非门板
250727-1021,朗力,	7535873043043,,电台路599弄76号302,厨房,18,多层板,非高光板,S705,厨房_地柜C_背板01,699,916,1,竖纹,1,1,1,1,非门板
250727-1021,朗力,	7535873043067,,电台路599弄76号302,厨房,18,多层板,非高光板,S705,厨房_地柜C_背板02,699,426,1,竖纹,1,1,1,1,非门板
250727-1021,朗力,	7535873043081,,电台路599弄76号302,厨房,18,多层板,非高光板,S705,厨房_地柜C_拉条02,564,80,1,横纹,1,1,1,1,非门板
250727-1021,朗力,	7535873043302,,电台路599弄76号302,厨房,18,多层板,非高光板,S705,厨房_地柜C_拉条03,564,58,1,横纹,1,1,1,1,非门板
250727-1021,朗力,	7535873045320,,电台路599弄76号302,厨房,18,多层板,非高光板,S705,厨房_地柜C_活动层板01,1016,540,1,竖纹,1,1,1,1,非门板
250727-1021,朗力,	7535873046112,,电台路599弄76号302,厨房,18,多层板,非高光板,S705,厨房_地柜C_抽屉03_抽盒前板01,364,130,1,横纹,1,1,1,1,非门板
250727-1021,朗力,	7535873046129,,电台路599弄76号302,厨房,18,多层板,非高光板,S705,厨房_地柜C_抽屉03_抽屉右板01,450,130,1,横纹,1,1,1,1,非门板
250727-1021,朗力,	7535873046136,,电台路599弄76号302,厨房,18,多层板,非高光板,S705,厨房_地柜C_抽屉03_抽屉左板01,450,130,1,横纹,1,1,1,1,非门板
250727-1021,朗力,	7535873046143,,电台路599弄76号302,厨房,18,多层板,非高光板,S705,厨房_地柜C_抽屉03_抽屉后板01,364,130,1,横纹,1,1,1,1,非门板
250727-1021,朗力,	7535873046082,,电台路599弄76号302,厨房,18,多层板,非高光板,S705,厨房_地柜C_抽屉03_抽屉底板01,364,414,1,竖纹,1,1,1,1,非门板
250727-1021,朗力,	7535873046198,,电台路599弄76号302,厨房,18,多层板,非高光板,S705,厨房_地柜C_抽屉02_抽盒前板01,364,150,1,横纹,1,1,1,1,非门板
250727-1021,朗力,	7535873046204,,电台路599弄76号302,厨房,18,多层板,非高光板,S705,厨房_地柜C_抽屉02_抽屉右板01,450,150,1,横纹,1,1,1,1,非门板
250727-1021,朗力,	7535873046211,,电台路599弄76号302,厨房,18,多层板,非高光板,S705,厨房_地柜C_抽屉02_抽屉左板01,450,150,1,横纹,1,1,1,1,非门板
250727-1021,朗力,	7535873046228,,电台路599弄76号302,厨房,18,多层板,非高光板,S705,厨房_地柜C_抽屉02_抽屉后板01,364,150,1,横纹,1,1,1,1,非门板
250727-1021,朗力,	7535873046167,,电台路599弄76号302,厨房,18,多层板,非高光板,S705,厨房_地柜C_抽屉02_抽屉底板01,364,414,1,竖纹,1,1,1,1,非门板
250727-1021,朗力,	7535873046273,,电台路599弄76号302,厨房,18,多层板,非高光板,S705,厨房_地柜C_抽屉01_抽盒前板01,364,150,1,横纹,1,1,1,1,非门板
250727-1021,朗力,	7535873046280,,电台路599弄76号302,厨房,18,多层板,非高光板,S705,厨房_地柜C_抽屉01_抽屉右板01,450,150,1,横纹,1,1,1,1,非门板
250727-1021,朗力,	7535873046297,,电台路599弄76号302,厨房,18,多层板,非高光板,S705,厨房_地柜C_抽屉01_抽屉左板01,450,150,1,横纹,1,1,1,1,非门板
250727-1021,朗力,	7535873046303,,电台路599弄76号302,厨房,18,多层板,非高光板,S705,厨房_地柜C_抽屉01_抽屉后板01,364,150,1,横纹,1,1,1,1,非门板
250727-1021,朗力,	7535873046242,,电台路599弄76号302,厨房,18,多层板,非高光板,S705,厨房_地柜C_抽屉01_抽屉底板01,364,414,1,竖纹,1,1,1,1,非门板
250727-1021,朗力,	7535873049144,,电台路599弄76号302,厨房,18,多层板,非高光板,S705,厨房_地柜C_切角板01,699,100,1,竖纹,1,1,1,1,非门板
250727-1021,朗力,	7535873049151,,电台路599弄76号302,厨房,18,多层板,非高光板,S705,厨房_地柜C_切角板02,699,120,1,竖纹,1,1,1,1,非门板
250727-1021,朗力,	7535873047416,,电台路599弄76号302,厨房,18,多层板,非高光板,S705,厨房_地柜A_右立板01,767,560,1,竖纹,1,1,1,1,非门板
250727-1021,朗力,	7535873047454,,电台路599弄76号302,厨房,18,多层板,非高光板,S705,厨房_地柜A_左立板01,767,385,1,竖纹,1,1,1,1,非门板
250727-1021,朗力,	7535873047485,,电台路599弄76号302,厨房,18,多层板,非高光板,S705,厨房_地柜A_拉条02,1292,80,1,横纹,1,1,1,1,非门板
250727-1021,朗力,	7535873047645,,电台路599弄76号302,厨房,18,多层板,非高光板,S705,厨房_地柜A_拉条03,1440,58,1,横纹,1,1,1,1,非门板
250727-1021,朗力,	7535873048543,,电台路599弄76号302,厨房,18,多层板,非高光板,S705,厨房_地柜A_收口条01_L收口辅板01,785,70,1,无纹理,1,1,1,1,非门板
250727-1021,朗力,	7535873048819,,电台路599弄76号302,厨房,18,多层板,非高光板,S705,厨房_地柜A_切角板01,767,148,1,竖纹,1,1,1,1,非门板
250727-1021,朗力,	7535873048826,,电台路599弄76号302,厨房,18,多层板,非高光板,S705,厨房_地柜A_切角板02,767,175,1,竖纹,1,1,1,1,非门板
250727-1021,朗力,	7535873049403,,电台路599弄76号302,厨房,18,多层板,非高光板,S705,厨房_地柜B_底板02,365,560,1,竖纹,1,1,1,1,非门板
250727-1021,朗力,	7535873049434,,电台路599弄76号302,厨房,18,多层板,非高光板,S705,厨房_地柜B_左立板01,767,560,1,竖纹,1,1,1,1,非门板
250727-1021,朗力,	7535873049472,,电台路599弄76号302,厨房,18,多层板,非高光板,S705,厨房_地柜B_右立板01,767,560,1,竖纹,1,1,1,1,非门板
250727-1021,朗力,	7535873049519,,电台路599弄76号302,厨房,18,多层板,非高光板,S705,厨房_地柜B_中立板02,767,560,1,竖纹,1,1,1,1,非门板
250727-1021,朗力,	7535873049588,,电台路599弄76号302,厨房,18,多层板,非高光板,S705,厨房_地柜B_中立板01,767,560,1,竖纹,1,1,1,1,非门板
250727-1021,朗力,	7535873049656,,电台路599弄76号302,厨房,18,多层板,非高光板,S705,厨房_地柜B_底板01,600,560,1,竖纹,1,1,1,1,非门板
250727-1021,朗力,	7535873049816,,电台路599弄76号302,厨房,18,多层板,非高光板,S705,厨房_地柜B_顶板02,329,532,1,竖纹,1,1,1,1,非门板
250727-1021,朗力,	7535873049830,,电台路599弄76号302,厨房,18,多层板,非高光板,S705,厨房_地柜B_顶板01,564,532,1,竖纹,1,1,1,1,非门板
250727-1021,朗力,	7535873049946,,电台路599弄76号302,厨房,18,多层板,非高光板,S705,厨房_地柜B_背板01,749,564,1,竖纹,1,1,1,1,非门板
250727-1021,朗力,	7535873049960,,电台路599弄76号302,厨房,18,多层板,非高光板,S705,厨房_地柜B_背板02,749,329,1,竖纹,1,1,1,1,非门板
250727-1021,朗力,	7535873051413,,电台路599弄76号302,厨房,18,多层板,非高光板,S705,厨房_地柜B_抽屉01_抽盒前板01,267,270,1,横纹,1,1,1,1,非门板
250727-1021,朗力,	7535873051420,,电台路599弄76号302,厨房,18,多层板,非高光板,S705,厨房_地柜B_抽屉01_抽屉右板01,450,270,1,横纹,1,1,1,1,非门板
250727-1021,朗力,	7535873051437,,电台路599弄76号302,厨房,18,多层板,非高光板,S705,厨房_地柜B_抽屉01_抽屉左板01,450,270,1,横纹,1,1,1,1,非门板
250727-1021,朗力,	7535873051444,,电台路599弄76号302,厨房,18,多层板,非高光板,S705,厨房_地柜B_抽屉01_抽屉后板01,267,270,1,横纹,1,1,1,1,非门板
250727-1021,朗力,	7535873051383,,电台路599弄76号302,厨房,18,多层板,非高光板,S705,厨房_地柜B_抽屉01_抽屉底板01,267,414,1,竖纹,1,1,1,1,非门板
250727-1021,朗力,	7535873051499,,电台路599弄76号302,厨房,18,多层板,非高光板,S705,厨房_地柜B_抽屉03_抽盒前板01,267,120,1,横纹,1,1,1,1,非门板
250727-1021,朗力,	7535873051505,,电台路599弄76号302,厨房,18,多层板,非高光板,S705,厨房_地柜B_抽屉03_抽屉右板01,450,120,1,横纹,1,1,1,1,非门板
250727-1021,朗力,	7535873051512,,电台路599弄76号302,厨房,18,多层板,非高光板,S705,厨房_地柜B_抽屉03_抽屉左板01,450,120,1,横纹,1,1,1,1,非门板
250727-1021,朗力,	7535873051529,,电台路599弄76号302,厨房,18,多层板,非高光板,S705,厨房_地柜B_抽屉03_抽屉后板01,267,120,1,横纹,1,1,1,1,非门板
250727-1021,朗力,	7535873051468,,电台路599弄76号302,厨房,18,多层板,非高光板,S705,厨房_地柜B_抽屉03_抽屉底板01,267,414,1,竖纹,1,1,1,1,非门板
250727-1021,朗力,	7535873051574,,电台路599弄76号302,厨房,18,多层板,非高光板,S705,厨房_地柜B_抽屉02_抽盒前板01,267,140,1,横纹,1,1,1,1,非门板
250727-1021,朗力,	7535873051581,,电台路599弄76号302,厨房,18,多层板,非高光板,S705,厨房_地柜B_抽屉02_抽屉右板01,450,140,1,横纹,1,1,1,1,非门板
250727-1021,朗力,	7535873051598,,电台路599弄76号302,厨房,18,多层板,非高光板,S705,厨房_地柜B_抽屉02_抽屉左板01,450,140,1,横纹,1,1,1,1,非门板
250727-1021,朗力,	7535873051604,,电台路599弄76号302,厨房,18,多层板,非高光板,S705,厨房_地柜B_抽屉02_抽屉后板01,267,140,1,横纹,1,1,1,1,非门板
250727-1021,朗力,	7535873051543,,电台路599弄76号302,厨房,18,多层板,非高光板,S705,厨房_地柜B_抽屉02_抽屉底板01,267,414,1,竖纹,1,1,1,1,非门板
250727-1021,朗力,	7535873052908,,电台路599弄76号302,厨房,18,多层板,非高光板,S705,厨房_地柜B_收口条02_L收口辅板01,785,70,1,无纹理,1,1,1,1,非门板
250727-1021,朗力,	7535873054353,,电台路599弄76号302,厨房,18,多层板,非高光板,S705,厨房_地柜D_竖隔板02,50,560,1,竖纹,1,1,1,1,非门板
250727-1021,朗力,	7535873054384,,电台路599弄76号302,厨房,18,多层板,非高光板,S705,厨房_地柜D_竖隔板01,50,560,1,竖纹,1,1,1,1,非门板
250727-1021,朗力,	7535873054414,,电台路599弄76号302,厨房,18,多层板,非高光板,S705,厨房_地柜D_左立板01,50,364,1,竖纹,1,1,1,1,非门板
250727-1021,朗力,	7535873054469,,电台路599弄76号302,厨房,18,多层板,非高光板,S705,厨房_地柜D_右立板01,50,364,1,竖纹,1,1,1,1,非门板
250727-1021,朗力,	7535873054513,,电台路599弄76号302,厨房,18,多层板,非高光板,S705,厨房_地柜D_中立板01,50,364,1,竖纹,1,1,1,1,非门板
250727-1021,朗力,	7535873056081,,电台路599弄76号302,厨房,18,多层板,非高光板,S705,厨房_吊柜B_左立板01,669,330,1,竖纹,1,1,1,1,非门板
250727-1021,朗力,	7535873056111,,电台路599弄76号302,厨房,18,多层板,非高光板,S705,厨房_吊柜B_中立板01,669,330,1,竖纹,1,1,1,1,非门板
250727-1021,朗力,	7535873056159,,电台路599弄76号302,厨房,18,多层板,非高光板,S705,厨房_吊柜B_中立板04,609,330,1,竖纹,1,1,1,1,非门板
250727-1021,朗力,	7535873056210,,电台路599弄76号302,厨房,18,多层板,非高光板,S705,厨房_吊柜B_中立板05,609,330,1,竖纹,1,1,1,1,非门板
250727-1021,朗力,	7535873056272,,电台路599弄76号302,厨房,18,多层板,非高光板,S705,厨房_吊柜B_中立板06,609,330,1,竖纹,1,1,1,1,非门板
250727-1021,朗力,	7535873056302,,电台路599弄76号302,厨房,18,多层板,非高光板,S705,厨房_吊柜B_中立板07,609,330,1,竖纹,1,1,1,1,非门板
250727-1021,朗力,	7535873056340,,电台路599弄76号302,厨房,18,多层板,非高光板,S705,厨房_吊柜B_右立板01,669,330,1,竖纹,1,1,1,1,非门板
250727-1021,朗力,	7535873056371,,电台路599弄76号302,厨房,18,多层板,非高光板,S705,厨房_吊柜B_中立板02,669,330,1,竖纹,1,1,1,1,非门板
250727-1021,朗力,	7535873056432,,电台路599弄76号302,厨房,18,多层板,非高光板,S705,厨房_吊柜B_底板01免拉手01,850,310,1,竖纹,1,1,1,1,非门板
250727-1021,朗力,	7535873056487,,电台路599弄76号302,厨房,18,多层板,非高光板,S705,厨房_吊柜B_顶板01,850,330,1,竖纹,1,1,1,1,非门板
250727-1021,朗力,	7535873056531,,电台路599弄76号302,厨房,18,多层板,非高光板,S705,厨房_吊柜B_顶板02,174,330,1,竖纹,1,1,1,1,非门板
250727-1021,朗力,	7535873056586,,电台路599弄76号302,厨房,18,多层板,非高光板,S705,厨房_吊柜B_顶板03,174,330,1,竖纹,1,1,1,1,非门板
250727-1021,朗力,	7535873056609,,电台路599弄76号302,厨房,18,多层板,非高光板,S705,厨房_吊柜B_顶板04,271,330,1,竖纹,1,1,1,1,非门板
250727-1021,朗力,	7535873056654,,电台路599弄76号302,厨房,18,多层板,非高光板,S705,厨房_吊柜B_底板02免拉手01,271,310,1,竖纹,1,1,1,1,非门板
250727-1021,朗力,	7535873056708,,电台路599弄76号302,厨房,18,多层板,非高光板,S705,厨房_吊柜B_横隔板02,174,330,1,竖纹,1,1,1,1,非门板
250727-1021,朗力,	7535873056791,,电台路599弄76号302,厨房,18,多层板,非高光板,S705,厨房_吊柜B_横隔板01,174,330,1,竖纹,1,1,1,1,非门板
250727-1021,朗力,	7535873056883,,电台路599弄76号302,厨房,18,多层板,非高光板,S705,厨房_吊柜B_中立板03,633,330,1,竖纹,1,1,1,1,非门板
250727-1021,朗力,	7535873056968,,电台路599弄76号302,厨房,18,多层板,非高光板,S705,厨房_吊柜B_背板01,633,416,1,竖纹,1,1,1,1,非门板
250727-1021,朗力,	7535873056982,,电台路599弄76号302,厨房,18,多层板,非高光板,S705,厨房_吊柜B_背板03,573,174,1,竖纹,1,1,1,1,非门板
250727-1021,朗力,	7535873057002,,电台路599弄76号302,厨房,18,多层板,非高光板,S705,厨房_吊柜B_背板04,573,174,1,竖纹,1,1,1,1,非门板
250727-1021,朗力,	7535873057170,,电台路599弄76号302,厨房,18,多层板,非高光板,S705,厨房_吊柜B_收口条03_L收口辅板01,2103,70,1,无纹理,1,1,1,1,非门板
250727-1021,朗力,	7535873057187,,电台路599弄76号302,厨房,18,多层板,非高光板,S705,厨房_吊柜B_收口条03_L收口面板01,2103,40,1,横纹,1,1,1,1,非门板
250727-1021,朗力,	7535873058153,,电台路599弄76号302,厨房,18,多层板,非高光板,S705,厨房_吊柜B_活动层板01,415,310,1,竖纹,1,1,1,1,非门板
250727-1021,朗力,	7535873058276,,电台路599弄76号302,厨房,18,多层板,非高光板,S705,厨房_吊柜B_活动层板03,173,310,1,竖纹,1,1,1,1,非门板
250727-1021,朗力,	7535873058375,,电台路599弄76号302,厨房,18,多层板,非高光板,S705,厨房_吊柜B_活动层板02,270,301,1,竖纹,1,1,1,1,非门板
250727-1021,朗力,	7535873058474,,电台路599弄76号302,厨房,18,多层板,非高光板,S705,厨房_吊柜B_活动层板04,173,310,1,竖纹,1,1,1,1,非门板
250727-1021,朗力,	7535873059051,,电台路599弄76号302,厨房,18,多层板,非高光板,S705,厨房_吊柜B_收口条01_L收口辅板01,330,70,1,无纹理,1,1,1,1,非门板
250727-1021,朗力,	7535873059068,,电台路599弄76号302,厨房,18,多层板,非高光板,S705,厨房_吊柜B_收口条01_L收口面板01,330,31,1,竖纹,1,1,1,1,非门板
250727-1021,朗力,	7535873059440,,电台路599弄76号302,厨房,18,多层板,非高光板,S705,厨房_吊柜A_左立板01,669,330,1,竖纹,1,1,1,1,非门板
250727-1021,朗力,	7535873059471,,电台路599弄76号302,厨房,18,多层板,非高光板,S705,厨房_吊柜A_中立板01,669,330,1,竖纹,1,1,1,1,非门板
250727-1021,朗力,	7535873059518,,电台路599弄76号302,厨房,18,多层板,非高光板,S705,厨房_吊柜A_右立板01,669,179,1,竖纹,1,1,1,1,非门板
250727-1021,朗力,	7535873059549,,电台路599弄76号302,厨房,18,多层板,非高光板,S705,厨房_吊柜A_中立板02,669,330,1,竖纹,1,1,1,1,非门板
250727-1021,朗力,	7535873059600,,电台路599弄76号302,厨房,18,多层板,非高光板,S705,厨房_吊柜A_顶板02,676,179,1,竖纹,1,1,1,1,非门板
250727-1021,朗力,	7535873059624,,电台路599弄76号302,厨房,18,多层板,非高光板,S705,厨房_吊柜A_顶板01,814,330,1,竖纹,1,1,1,1,非门板
250727-1021,朗力,	7535873059679,,电台路599弄76号302,厨房,18,多层板,非高光板,S705,厨房_吊柜A_底板02免拉手01,676,159,1,竖纹,1,1,1,1,非门板
250727-1021,朗力,	7535873059693,,电台路599弄76号302,厨房,18,多层板,非高光板,S705,厨房_吊柜A_底板01免拉手01,814,310,1,竖纹,1,1,1,1,非门板
250727-1021,朗力,	7535873060125,,电台路599弄76号302,厨房,18,多层板,非高光板,S705,厨房_吊柜A_拉条03,814,70,1,横纹,1,1,1,1,非门板
250727-1021,朗力,	7535873060149,,电台路599弄76号302,厨房,18,多层板,非高光板,S705,厨房_吊柜A_拉条01,814,70,1,横纹,1,1,1,1,非门板
250727-1021,朗力,	7535873060354,,电台路599弄76号302,厨房,18,多层板,非高光板,S705,厨房_吊柜A_收口条04_L收口辅板01,1562,70,1,无纹理,1,1,1,1,非门板
250727-1021,朗力,	7535873060361,,电台路599弄76号302,厨房,18,多层板,非高光板,S705,厨房_吊柜A_收口条04_L收口面板01,1562,40,1,横纹,1,1,1,1,非门板
250727-1021,朗力,	7535873060767,,电台路599弄76号302,厨房,18,多层板,非高光板,S705,厨房_吊柜A_收口条03_L收口辅板01,179,70,1,无纹理,1,1,1,1,非门板
250727-1021,朗力,	7535873060774,,电台路599弄76号302,厨房,18,多层板,非高光板,S705,厨房_吊柜A_收口条03_L收口面板01,179,31,1,竖纹,1,1,1,1,非门板
250727-1021,朗力,	7535873061498,,电台路599弄76号302,厨房,18,多层板,非高光板,S705,厨房_吊柜A_活动层板01,813,301,1,竖纹,1,1,1,1,非门板
250727-1021,朗力,	7535873061924,,电台路599弄76号302,厨房,18,多层板,非高光板,S705,厨房_吊柜A_拉条02,633,104,1,竖纹,1,1,1,1,非门板
250727-1021,朗力,	7537560608429,,电台路599弄76号302,电视柜,18,多层板,非高光板,S705,电视柜_柜A_右立板01,1316,352,1,竖纹,1,1,1,1,非门板
250727-1021,朗力,	7537560608450,,电台路599弄76号302,电视柜,18,多层板,非高光板,S705,电视柜_柜A_左立板01,1316,352,1,竖纹,1,1,1,1,非门板
250727-1021,朗力,	7537560608504,,电台路599弄76号302,电视柜,18,多层板,非高光板,S705,电视柜_柜A_踢脚线01_踢脚线前挡板01,768,228,1,横纹,1,1,1,1,非门板
250727-1021,朗力,	7537560608511,,电台路599弄76号302,电视柜,18,多层板,非高光板,S705,电视柜_柜A_踢脚线01_踢脚线后挡板01,228,768,1,无纹理,1,1,1,1,非门板
250727-1021,朗力,	7537560608481,,电台路599弄76号302,电视柜,18,多层板,非高光板,S705,电视柜_柜A_底板01,768,352,1,竖纹,1,1,1,1,非门板
250727-1021,朗力,	7537560608757,,电台路599弄76号302,电视柜,18,多层板,非高光板,S705,电视柜_柜A_顶板01,768,331,1,竖纹,1,1,1,1,非门板
250727-1021,朗力,	7537560608801,,电台路599弄76号302,电视柜,18,多层板,非高光板,S705,电视柜_柜A_横隔板05,768,331,1,竖纹,1,1,1,1,非门板
250727-1021,朗力,	7537560608894,,电台路599弄76号302,电视柜,18,多层板,非高光板,S705,电视柜_柜A_横隔板04,768,352,1,竖纹,1,1,1,1,非门板
250727-1021,朗力,	7537560608986,,电台路599弄76号302,电视柜,18,多层板,非高光板,S705,电视柜_柜A_左立板02,299,331,1,竖纹,1,1,1,1,非门板
250727-1021,朗力,	7537560609112,,电台路599弄76号302,电视柜,18,多层板,非高光板,S705,电视柜_柜A_右立板02,299,331,1,竖纹,1,1,1,1,非门板
250727-1021,朗力,	7537560609433,,电台路599弄76号302,电视柜,18,多层板,非高光板,S705,电视柜_柜A_收口条07_L收口辅板01,804,70,1,无纹理,1,1,1,1,非门板
250727-1021,朗力,	7537560609440,,电台路599弄76号302,电视柜,18,多层板,非高光板,S705,电视柜_柜A_收口条07_L收口面板01,804,40,1,横纹,1,1,1,1,非门板
250727-1021,朗力,	7537560609495,,电台路599弄76号302,电视柜,18,多层板,非高光板,S705,电视柜_柜A_背板02,263,768,1,竖纹,1,1,1,1,非门板
250727-1021,朗力,	7537560609518,,电台路599弄76号302,电视柜,18,多层板,非高光板,S705,电视柜_柜A_背板01,1052,768,1,竖纹,1,1,1,1,非门板
250727-1021,朗力,	7537560609594,,电台路599弄76号302,电视柜,18,多层板,非高光板,S705,电视柜_柜A_竖隔板01,1052,334,1,竖纹,1,1,1,1,非门板
250727-1021,朗力,	7537560609686,,电台路599弄76号302,电视柜,18,多层板,非高光板,S705,电视柜_柜A_横隔板03,493,332,1,竖纹,1,1,1,1,非门板
250727-1021,朗力,	7537560609730,,电台路599弄76号302,电视柜,18,多层板,非高光板,S705,电视柜_柜A_横隔板02,493,332,1,竖纹,1,1,1,1,非门板
250727-1021,朗力,	7537560609785,,电台路599弄76号302,电视柜,18,多层板,非高光板,S705,电视柜_柜A_横隔板01,493,332,1,竖纹,1,1,1,1,非门板
250727-1021,朗力,	7537560610231,,电台路599弄76号302,电视柜,18,多层板,非高光板,S705,电视柜_柜A_竖隔板02,339,295,1,竖纹,1,1,1,1,非门板
250727-1021,朗力,	7537560612730,,电台路599弄76号302,电视柜,18,多层板,非高光板,S705,电视柜_地柜F_左立板01,850,529,1,竖纹,1,1,1,1,非门板
250727-1021,朗力,	7537560612761,,电台路599弄76号302,电视柜,18,多层板,非高光板,S705,电视柜_地柜F_右立板01,850,529,1,竖纹,1,1,1,1,非门板
250727-1021,朗力,	7537560612792,,电台路599弄76号302,电视柜,18,多层板,非高光板,S705,电视柜_地柜F_顶板01,428,529,1,竖纹,1,1,1,1,非门板
250727-1021,朗力,	7537560612860,,电台路599弄76号302,电视柜,18,多层板,非高光板,S705,电视柜_地柜F_踢脚线01_踢脚线前挡板01,428,60,1,横纹,1,1,1,1,非门板
250727-1021,朗力,	7537560612877,,电台路599弄76号302,电视柜,18,多层板,非高光板,S705,电视柜_地柜F_踢脚线01_踢脚线后挡板01,60,428,1,无纹理,1,1,1,1,非门板
250727-1021,朗力,	7537560612846,,电台路599弄76号302,电视柜,18,多层板,非高光板,S705,电视柜_地柜F_底板01,428,529,1,竖纹,1,1,1,1,非门板
250727-1021,朗力,	7537560612938,,电台路599弄76号302,电视柜,18,多层板,非高光板,S705,电视柜_地柜F_背板01,754,428,1,竖纹,1,1,1,1,非门板
250727-1021,朗力,	7537560612969,,电台路599弄76号302,电视柜,18,多层板,非高光板,S705,电视柜_地柜F_横隔板01,428,511,1,竖纹,1,1,1,1,非门板
250727-1021,朗力,	7537560613119,,电台路599弄76号302,电视柜,18,多层板,非高光板,S705,电视柜_地柜F_抽屉01_抽盒前板01,366,110,1,横纹,1,1,1,1,非门板
250727-1021,朗力,	7537560613126,,电台路599弄76号302,电视柜,18,多层板,非高光板,S705,电视柜_地柜F_抽屉01_抽屉右板01,400,110,1,横纹,1,1,1,1,非门板
250727-1021,朗力,	7537560613133,,电台路599弄76号302,电视柜,18,多层板,非高光板,S705,电视柜_地柜F_抽屉01_抽屉左板01,400,110,1,横纹,1,1,1,1,非门板
250727-1021,朗力,	7537560613140,,电台路599弄76号302,电视柜,18,多层板,非高光板,S705,电视柜_地柜F_抽屉01_抽屉后板01,366,110,1,横纹,1,1,1,1,非门板
250727-1021,朗力,	7537560613089,,电台路599弄76号302,电视柜,18,多层板,非高光板,S705,电视柜_地柜F_抽屉01_抽屉底板01,366,364,1,竖纹,1,1,1,1,非门板
250727-1021,朗力,	7537560613454,,电台路599弄76号302,电视柜,18,多层板,非高光板,S705,电视柜_地柜F_收口条01_L收口辅板01,850,70,1,无纹理,1,1,1,1,非门板
250727-1021,朗力,	7537560614376,,电台路599弄76号302,电视柜,18,多层板,非高光板,S705,电视柜_地柜F_活动层板01,427,509,1,竖纹,1,1,1,1,非门板
250727-1021,朗力,	7537560614796,,电台路599弄76号302,电视柜,18,多层板,非高光板,S705,电视柜_柜C_左立板01,1487,464,1,竖纹,1,1,1,1,非门板
250727-1021,朗力,	7537560614826,,电台路599弄76号302,电视柜,18,多层板,非高光板,S705,电视柜_柜C_顶板01,493,444,1,竖纹,1,1,1,1,非门板
250727-1021,朗力,	7537560614895,,电台路599弄76号302,电视柜,18,多层板,非高光板,S705,电视柜_柜C_踢脚线01_踢脚线前挡板01,493,60,1,横纹,1,1,1,1,非门板
250727-1021,朗力,	7537560614901,,电台路599弄76号302,电视柜,18,多层板,非高光板,S705,电视柜_柜C_踢脚线01_踢脚线后挡板01,60,493,1,无纹理,1,1,1,1,非门板
250727-1021,朗力,	7537560614871,,电台路599弄76号302,电视柜,18,多层板,非高光板,S705,电视柜_柜C_底板01,493,464,1,竖纹,1,1,1,1,非门板
250727-1021,朗力,	7537560614963,,电台路599弄76号302,电视柜,18,多层板,非高光板,S705,电视柜_柜C_背板01,1351,493,1,竖纹,1,1,1,1,非门板
250727-1021,朗力,	7537560615113,,电台路599弄76号302,电视柜,18,多层板,非高光板,S705,电视柜_柜C_收口条02_L收口辅板01,493,70,1,无纹理,1,1,1,1,非门板
250727-1021,朗力,	7537560615120,,电台路599弄76号302,电视柜,18,多层板,非高光板,S705,电视柜_柜C_收口条02_L收口面板01,493,40,1,横纹,1,1,1,1,非门板
250727-1021,朗力,	7537560615403,,电台路599弄76号302,电视柜,18,多层板,非高光板,S705,电视柜_柜C_收口条01_侧收口01,1487,70,1,竖纹,1,1,1,1,非门板
250727-1021,朗力,	7537560615472,,电台路599弄76号302,电视柜,18,多层板,非高光板,S705,电视柜_柜C_横隔板02,493,426,1,竖纹,1,1,1,1,非门板
250727-1021,朗力,	7537560615946,,电台路599弄76号302,电视柜,18,多层板,非高光板,S705,电视柜_柜C_横隔板01,493,444,1,竖纹,1,1,1,1,非门板
250727-1021,朗力,	7537560616042,,电台路599弄76号302,电视柜,18,多层板,非高光板,S705,电视柜_柜C_活动层板01,492,444,1,竖纹,1,1,1,1,非门板
250727-1021,朗力,	7537560613768,,电台路599弄76号302,电视柜,18,多层板,非高光板,S705,电视柜_地柜E_左立板01,532,529,1,竖纹,1,1,1,1,非门板
250727-1021,朗力,	7537560613799,,电台路599弄76号302,电视柜,18,多层板,非高光板,S705,电视柜_地柜E_右立板01,532,529,1,竖纹,1,1,1,1,非门板
250727-1021,朗力,	7537560613812,,电台路599弄76号302,电视柜,18,多层板,非高光板,S705,电视柜_地柜E_背板01,532,968,1,竖纹,1,1,1,1,非门板
250727-1021,朗力,	7537560613836,,电台路599弄76号302,电视柜,18,多层板,非高光板,S705,电视柜_地柜E_拉条01,968,60,1,横纹,1,1,1,1,非门板
250727-1021,朗力,	7537560617186,,电台路599弄76号302,电视柜拼色隐形门,18,多层板,非高光板,S705,电视柜拼色隐形门_柜A_竖套板一长开卡槽和43宽挡板组合01,2337,611,1,竖纹,1,1,1,1,非门板
250727-1021,朗力,	7537560617247,,电台路599弄76号302,电视柜拼色隐形门,18,多层板,非高光板,S705,电视柜拼色隐形门_柜A_中立板01,2332,150,1,竖纹,1,1,1,1,非门板
250727-1021,朗力,	7537560617322,,电台路599弄76号302,电视柜拼色隐形门,18,多层板,非高光板,S705,电视柜拼色隐形门_柜A_左立板01,2332,150,1,竖纹,1,1,1,1,非门板
250727-1021,朗力,	7537560617506,,电台路599弄76号302,电视柜拼色隐形门,18,多层板,非高光板,S705,电视柜拼色隐形门_柜A_竖套板一长开卡槽和43宽挡板组合02,2337,611,1,竖纹,1,1,1,1,非门板
250727-1021,朗力,	7537560617568,,电台路599弄76号302,电视柜拼色隐形门,18,多层板,非高光板,S705,电视柜拼色隐形门_柜A_中立板02,2332,502,1,竖纹,1,1,1,1,非门板
250727-1021,朗力,	7537560617643,,电台路599弄76号302,电视柜拼色隐形门,18,多层板,非高光板,S705,电视柜拼色隐形门_柜A_右立板01,2332,150,1,竖纹,1,1,1,1,非门板
250727-1021,朗力,	7537560617896,,电台路599弄76号302,电视柜拼色隐形门,18,多层板,非高光板,S705,电视柜拼色隐形门_柜A_和竖套板组合01,2332,43,1,竖纹,1,1,1,1,非门板
250727-1021,朗力,	7537560617926,,电台路599弄76号302,电视柜拼色隐形门,18,多层板,非高光板,S705,电视柜拼色隐形门_柜A_和竖套板组合02,2332,43,1,竖纹,1,1,1,1,非门板
250727-1021,朗力,	7538404290664,,电台路599弄76号302,阳台柜,18,多层板,非高光板,S705,阳台柜_柜A_左立板01,1810,465,1,竖纹,1,1,1,1,非门板
250727-1021,朗力,	7538404290725,,电台路599弄76号302,阳台柜,18,多层板,非高光板,S705,阳台柜_柜A_中立板01,2345,635,1,竖纹,1,1,1,1,非门板
250727-1021,朗力,	7538404290770,,电台路599弄76号302,阳台柜,18,多层板,非高光板,S705,阳台柜_柜A_竖隔板02,829,615,1,竖纹,1,1,1,1,非门板
250727-1021,朗力,	7538404290831,,电台路599弄76号302,阳台柜,18,多层板,非高光板,S705,阳台柜_柜A_右立板01,829,615,1,竖纹,1,1,1,1,非门板
250727-1021,朗力,	7538404290954,,电台路599弄76号302,阳台柜,18,多层板,非高光板,S705,阳台柜_柜A_踢脚线02_踢脚线前挡板01,539,60,1,横纹,1,1,1,1,非门板
250727-1021,朗力,	7538404290961,,电台路599弄76号302,阳台柜,18,多层板,非高光板,S705,阳台柜_柜A_踢脚线02_踢脚线后挡板01,60,539,1,无纹理,1,1,1,1,非门板
250727-1021,朗力,	7538404290930,,电台路599弄76号302,阳台柜,18,多层板,非高光板,S705,阳台柜_柜A_底板02,539,615,1,竖纹,1,1,1,1,非门板
250727-1021,朗力,	7538404291029,,电台路599弄76号302,阳台柜,18,多层板,非高光板,S705,阳台柜_柜A_拉条02,539,80,1,横纹,1,1,1,1,非门板
250727-1021,朗力,	7538404291180,,电台路599弄76号302,阳台柜,18,多层板,非高光板,S705,阳台柜_柜A_拉条03,539,80,1,横纹,1,1,1,1,非门板
250727-1021,朗力,	7538404291500,,电台路599弄76号302,阳台柜,18,多层板,非高光板,S705,阳台柜_柜A_竖隔板04,860,635,1,竖纹,1,1,1,1,非门板
250727-1021,朗力,	7538404291562,,电台路599弄76号302,阳台柜,18,多层板,非高光板,S705,阳台柜_柜A_顶板01,758,615,1,竖纹,1,1,1,1,非门板
250727-1021,朗力,	7538404291616,,电台路599弄76号302,阳台柜,18,多层板,非高光板,S705,阳台柜_柜A_横隔板07,758,615,1,竖纹,1,1,1,1,非门板
250727-1021,朗力,	7538404291708,,电台路599弄76号302,阳台柜,18,多层板,非高光板,S705,阳台柜_柜A_竖隔板01,1810,615,1,竖纹,1,1,1,1,非门板
250727-1021,朗力,	7538404291760,,电台路599弄76号302,阳台柜,18,多层板,非高光板,S705,阳台柜_柜A_左立板02,495,465,1,竖纹,1,1,1,1,非门板
250727-1021,朗力,	7538404291883,,电台路599弄76号302,阳台柜,18,多层板,非高光板,S705,阳台柜_柜A_横隔板05,134,465,1,竖纹,1,1,1,1,非门板
250727-1021,朗力,	7538404292002,,电台路599弄76号302,阳台柜,18,多层板,非高光板,S705,阳台柜_柜A_踢脚线01_踢脚线前挡板01,134,60,1,横纹,1,1,1,1,非门板
250727-1021,朗力,	7538404292019,,电台路599弄76号302,阳台柜,18,多层板,非高光板,S705,阳台柜_柜A_踢脚线01_踢脚线后挡板01,60,134,1,无纹理,1,1,1,1,非门板
250727-1021,朗力,	7538404291982,,电台路599弄76号302,阳台柜,18,多层板,非高光板,S705,阳台柜_柜A_底板01,134,465,1,竖纹,1,1,1,1,非门板
250727-1021,朗力,	7538404292071,,电台路599弄76号302,阳台柜,18,多层板,非高光板,S705,阳台柜_柜A_背板01,1714,134,1,竖纹,1,1,1,1,非门板
250727-1021,朗力,	7538404292408,,电台路599弄76号302,阳台柜,18,多层板,非高光板,S705,阳台柜_柜A_竖隔板09,495,615,1,竖纹,1,1,1,1,非门板
250727-1021,朗力,	7538404292552,,电台路599弄76号302,阳台柜,18,多层板,非高光板,S705,阳台柜_柜A_背板05,459,606,1,竖纹,1,1,1,1,非门板
250727-1021,朗力,	7538404292583,,电台路599弄76号302,阳台柜,18,多层板,非高光板,S705,阳台柜_柜A_竖隔板03,860,635,1,竖纹,1,1,1,1,非门板
250727-1021,朗力,	7538404292651,,电台路599弄76号302,阳台柜,18,多层板,非高光板,S705,阳台柜_柜A_竖隔板06,80,610,1,竖纹,1,1,1,1,非门板
250727-1021,朗力,	7538404292705,,电台路599弄76号302,阳台柜,18,多层板,非高光板,S705,阳台柜_柜A_竖隔板07,80,610,1,竖纹,1,1,1,1,非门板
250727-1021,朗力,	7538404292996,,电台路599弄76号302,阳台柜,18,多层板,非高光板,S705,阳台柜_柜A_横隔板04,588,635,1,竖纹,1,1,1,1,非门板
250727-1021,朗力,	7538404293085,,电台路599弄76号302,阳台柜,18,多层板,非高光板,S705,阳台柜_柜A_横隔板02,588,635,1,竖纹,1,1,1,1,非门板
250727-1021,朗力,	7538404293160,,电台路599弄76号302,阳台柜,18,多层板,非高光板,S705,阳台柜_柜A_背板02,824,588,1,竖纹,1,1,1,1,非门板
250727-1021,朗力,	7538404293184,,电台路599弄76号302,阳台柜,18,多层板,非高光板,S705,阳台柜_柜A_背板04,80,588,1,竖纹,1,1,1,1,非门板
250727-1021,朗力,	7538404293320,,电台路599弄76号302,阳台柜,18,多层板,非高光板,S705,阳台柜_柜A_活动层板05,587,615,1,竖纹,1,1,1,1,非门板
250727-1021,朗力,	7538404293467,,电台路599弄76号302,阳台柜,18,多层板,非高光板,S705,阳台柜_柜A_活动层板03,587,615,1,竖纹,1,1,1,1,非门板
250727-1021,朗力,	7538404294211,,电台路599弄76号302,阳台柜,18,多层板,非高光板,S705,阳台柜_柜A_竖隔板05,366,300,1,竖纹,1,1,1,1,非门板
250727-1021,朗力,	7538404294280,,电台路599弄76号302,阳台柜,18,多层板,非高光板,S705,阳台柜_柜A_竖隔板10,489,615,1,竖纹,1,1,1,1,非门板
250727-1021,朗力,	7538404294457,,电台路599弄76号302,阳台柜,18,多层板,非高光板,S705,阳台柜_柜A_右立板03,489,615,1,竖纹,1,1,1,1,非门板
250727-1021,朗力,	7538404294501,,电台路599弄76号302,阳台柜,18,多层板,非高光板,S705,阳台柜_柜A_右立板02,366,300,1,竖纹,1,1,1,1,非门板
250727-1021,朗力,	7538404294570,,电台路599弄76号302,阳台柜,18,多层板,非高光板,S705,阳台柜_柜A_顶板02,539,615,1,竖纹,1,1,1,1,非门板
250727-1021,朗力,	7538404294624,,电台路599弄76号302,阳台柜,18,多层板,非高光板,S705,阳台柜_柜A_横隔板08,539,615,1,竖纹,1,1,1,1,非门板
250727-1021,朗力,	7538404294754,,电台路599弄76号302,阳台柜,18,多层板,非高光板,S705,阳台柜_柜A_横隔板06,539,300,1,竖纹,1,1,1,1,非门板
250727-1021,朗力,	7538404294853,,电台路599弄76号302,阳台柜,18,多层板,非高光板,S705,阳台柜_柜A_横隔板03,539,300,1,竖纹,1,1,1,1,非门板
250727-1021,朗力,	7538404294938,,电台路599弄76号302,阳台柜,18,多层板,非高光板,S705,阳台柜_柜A_背板06,453,539,1,竖纹,1,1,1,1,非门板
250727-1021,朗力,	7538404294952,,电台路599弄76号302,阳台柜,18,多层板,非高光板,S705,阳台柜_柜A_背板03,330,539,1,竖纹,1,1,1,1,非门板
250727-1021,朗力,	7538404295225,,电台路599弄76号302,阳台柜,18,多层板,非高光板,S705,阳台柜_柜A_收口条03_平收口板01,794,40,1,横纹,1,1,1,1,非门板
250727-1021,朗力,	7538404295218,,电台路599弄76号302,阳台柜,18,多层板,非高光板,S705,阳台柜_柜A_收口条04_平收口板01,575,40,1,横纹,1,1,1,1,非门板
250727-1021,朗力,	7538404295645,,电台路599弄76号302,阳台柜,18,多层板,非高光板,S705,阳台柜_柜A_收口条01_L收口辅板01,2345,70,1,无纹理,1,1,1,1,非门板
250727-1021,朗力,	7538404296376,,电台路599弄76号302,阳台柜,18,多层板,非高光板,S705,阳台柜_柜A_抽屉03_裤屉面板01,622,76,1,横纹,1,1,1,1,非门板
250727-1021,朗力,	7538404296390,,电台路599弄76号302,阳台柜,18,多层板,非高光板,S705,阳台柜_柜A_抽屉03_裤屉右板01,500,70,1,横纹,1,1,1,1,非门板
250727-1021,朗力,	7538404296406,,电台路599弄76号302,阳台柜,18,多层板,非高光板,S705,阳台柜_柜A_抽屉03_裤屉左板01,500,70,1,横纹,1,1,1,1,非门板
250727-1021,朗力,	7538404296413,,电台路599弄76号302,阳台柜,18,多层板,非高光板,S705,阳台柜_柜A_抽屉03_裤屉后板01,526,70,1,横纹,1,1,1,1,非门板
250727-1021,朗力,	7538404296789,,电台路599弄76号302,阳台柜,18,多层板,非高光板,S705,阳台柜_柜A_活动层板04,133,445,1,竖纹,1,1,1,1,非门板
250727-1021,朗力,	7538404296819,,电台路599弄76号302,阳台柜,18,多层板,非高光板,S705,阳台柜_柜A_活动层板02,133,445,1,竖纹,1,1,1,1,非门板
250727-1021,朗力,	7538404296864,,电台路599弄76号302,阳台柜,18,多层板,非高光板,S705,阳台柜_柜A_活动层板01,133,445,1,竖纹,1,1,1,1,非门板
250727-1021,朗力,	7538404297021,,电台路599弄76号302,阳台柜,18,多层板,非高光板,S705,阳台柜_柜A_横隔板01,539,195,1,竖纹,1,1,1,1,非门板
250727-1021,朗力,	7538404297151,,电台路599弄76号302,阳台柜,18,多层板,非高光板,S705,阳台柜_柜A_抽屉02_抽盒前板01,477,200,1,横纹,1,1,1,1,非门板
250727-1021,朗力,	7538404297168,,电台路599弄76号302,阳台柜,18,多层板,非高光板,S705,阳台柜_柜A_抽屉02_抽屉右板01,400,200,1,横纹,1,1,1,1,非门板
250727-1021,朗力,	7538404297175,,电台路599弄76号302,阳台柜,18,多层板,非高光板,S705,阳台柜_柜A_抽屉02_抽屉左板01,400,200,1,横纹,1,1,1,1,非门板
250727-1021,朗力,	7538404297182,,电台路599弄76号302,阳台柜,18,多层板,非高光板,S705,阳台柜_柜A_抽屉02_抽屉后板01,477,200,1,横纹,1,1,1,1,非门板
250727-1021,朗力,	7538404297120,,电台路599弄76号302,阳台柜,18,多层板,非高光板,S705,阳台柜_柜A_抽屉02_抽屉底板01,477,364,1,竖纹,1,1,1,1,非门板
250727-1021,朗力,	7538404297229,,电台路599弄76号302,阳台柜,18,多层板,非高光板,S705,阳台柜_柜A_抽屉01_抽盒前板01,477,180,1,横纹,1,1,1,1,非门板
250727-1021,朗力,	7538404297236,,电台路599弄76号302,阳台柜,18,多层板,非高光板,S705,阳台柜_柜A_抽屉01_抽屉右板01,400,180,1,横纹,1,1,1,1,非门板
250727-1021,朗力,	7538404297243,,电台路599弄76号302,阳台柜,18,多层板,非高光板,S705,阳台柜_柜A_抽屉01_抽屉左板01,400,180,1,横纹,1,1,1,1,非门板
250727-1021,朗力,	7538404297250,,电台路599弄76号302,阳台柜,18,多层板,非高光板,S705,阳台柜_柜A_抽屉01_抽屉后板01,477,180,1,横纹,1,1,1,1,非门板
250727-1021,朗力,	7538404297199,,电台路599弄76号302,阳台柜,18,多层板,非高光板,S705,阳台柜_柜A_抽屉01_抽屉底板01,477,364,1,竖纹,1,1,1,1,非门板
250727-1021,朗力,	7538404297779,,电台路599弄76号302,阳台柜,18,多层板,非高光板,S705,阳台柜_柜A_拉条01,539,200,1,横纹,1,1,1,1,非门板
250727-1021,朗力,	7538404298417,,电台路599弄76号302,阳台柜,18,多层板,非高光板,S705,阳台柜_柜A_切角板01,477,152,1,竖纹,1,1,1,1,非门板
250727-1021,朗力,	7538404298455,,电台路599弄76号302,阳台柜,18,多层板,非高光板,S705,阳台柜_柜A_竖隔板08,477,150,1,竖纹,1,1,1,1,非门板
250727-1021,朗力,	7535873047386,,电台路599弄76号302,厨房,18,PVC,高光板,水槽柜专用板,厨房_地柜A_底板01,1476,560,1,竖纹,1,1,1,1,非门板
250727-1021,朗力,	7535873047508,,电台路599弄76号302,厨房,18,PVC,高光板,水槽柜专用板,厨房_地柜A_拉条01,1292,80,1,横纹,1,1,1,1,非门板
250727-1021,朗力,	7535873057026,,电台路599弄76号302,厨房,9,多层板,非高光板,S705,厨房_吊柜B_背板02,643,281,1,竖纹,0,0,0,0,非门板
250727-1021,朗力,	7535873060323,,电台路599弄76号302,厨房,9,多层板,非高光板,S705,厨房_吊柜A_背板01,643,824,1,竖纹,0,0,0,0,非门板
250727-1021,朗力,	7536633038781,,电台路599弄76号302,餐边柜,18,欧松板,非高光板,DNCD-D32,餐边柜_单板A_竖隔板01,1588,215,1,横纹,1,1,1,1,非门板
250727-1021,朗力,	7536633039399,,电台路599弄76号302,餐边柜,18,欧松板,非高光板,DNCD-D32,餐边柜_吊柜A_左立板01,870,260,1,竖纹,1,1,1,1,非门板
250727-1021,朗力,	7536633039429,,电台路599弄76号302,餐边柜,18,欧松板,非高光板,DNCD-D32,餐边柜_吊柜A_右立板01,870,260,1,竖纹,1,1,1,1,非门板
250727-1021,朗力,	7536633039450,,电台路599弄76号302,餐边柜,18,欧松板,非高光板,DNCD-D32,餐边柜_吊柜A_中立板01,870,260,1,竖纹,1,1,1,1,非门板
250727-1021,朗力,	7536633039504,,电台路599弄76号302,餐边柜,18,欧松板,非高光板,DNCD-D32,餐边柜_吊柜A_中立板02,870,260,1,竖纹,1,1,1,1,非门板
250727-1021,朗力,	7536633039566,,电台路599弄76号302,餐边柜,18,欧松板,非高光板,DNCD-D32,餐边柜_吊柜A_灯带120居前01,758,260,1,竖纹,1,1,1,1,非门板
250727-1021,朗力,	7536633039580,,电台路599弄76号302,餐边柜,18,欧松板,非高光板,DNCD-D32,餐边柜_吊柜A_灯带120居前02,758,260,1,竖纹,1,1,1,1,非门板
250727-1021,朗力,	7536633039634,,电台路599弄76号302,餐边柜,18,欧松板,非高光板,DNCD-D32,餐边柜_吊柜A_灯带120居前07,758,260,1,竖纹,1,1,1,1,非门板
250727-1021,朗力,	7536633039658,,电台路599弄76号302,餐边柜,18,欧松板,非高光板,DNCD-D32,餐边柜_吊柜A_灯带120居前08,758,260,1,竖纹,1,1,1,1,非门板
250727-1021,朗力,	7536633039696,,电台路599弄76号302,餐边柜,18,欧松板,非高光板,DNCD-D32,餐边柜_吊柜A_背板01,834,758,1,竖纹,1,1,1,1,非门板
250727-1021,朗力,	7536633039719,,电台路599弄76号302,餐边柜,18,欧松板,非高光板,DNCD-D32,餐边柜_吊柜A_背板02,834,758,1,竖纹,1,1,1,1,非门板
250727-1021,朗力,	7536633039740,,电台路599弄76号302,餐边柜,18,欧松板,非高光板,DNCD-D32,餐边柜_吊柜A_灯带120居前03,758,242,1,竖纹,1,1,1,1,非门板
250727-1021,朗力,	7536633039832,,电台路599弄76号302,餐边柜,18,欧松板,非高光板,DNCD-D32,餐边柜_吊柜A_灯带120居前04,758,242,1,竖纹,1,1,1,1,非门板
250727-1021,朗力,	7536633039924,,电台路599弄76号302,餐边柜,18,欧松板,非高光板,DNCD-D32,餐边柜_吊柜A_灯带120居前05,758,242,1,竖纹,1,1,1,1,非门板
250727-1021,朗力,	7536633040012,,电台路599弄76号302,餐边柜,18,欧松板,非高光板,DNCD-D32,餐边柜_吊柜A_灯带120居前06,758,242,1,竖纹,1,1,1,1,非门板
250727-1021,朗力,	7536633040494,,电台路599弄76号302,餐边柜,18,欧松板,非高光板,DNCD-D32,餐边柜_吊柜A_收口条01_侧收口01,1588,70,1,竖纹,1,1,1,1,非门板
250727-1021,朗力,	7536633062922,,电台路599弄76号302,主卧床尾柜,18,欧松板,非高光板,DNCD-D32,主卧床尾柜_地柜A_顶板01,1750,500,1,竖纹,1,1,1,1,非门板
250727-1021,朗力,	7536633062953,,电台路599弄76号302,主卧床尾柜,18,欧松板,非高光板,DNCD-D32,主卧床尾柜_地柜A_左立板01,142,480,1,竖纹,1,1,1,1,非门板
250727-1021,朗力,	7536633063011,,电台路599弄76号302,主卧床尾柜,18,欧松板,非高光板,DNCD-D32,主卧床尾柜_地柜A_右立板01,142,480,1,竖纹,1,1,1,1,非门板
250727-1021,朗力,	7536633063059,,电台路599弄76号302,主卧床尾柜,18,欧松板,非高光板,DNCD-D32,主卧床尾柜_地柜A_底板01,1694,480,1,竖纹,1,1,1,1,非门板
250727-1021,朗力,	7536633063103,,电台路599弄76号302,主卧床尾柜,18,欧松板,非高光板,DNCD-D32,主卧床尾柜_地柜A_中立板01,124,480,1,竖纹,1,1,1,1,非门板
250727-1021,朗力,	7536633063189,,电台路599弄76号302,主卧床尾柜,18,欧松板,非高光板,DNCD-D32,主卧床尾柜_地柜A_背板01,124,823,1,竖纹,1,1,1,1,非门板
250727-1021,朗力,	7536633063202,,电台路599弄76号302,主卧床尾柜,18,欧松板,非高光板,DNCD-D32,主卧床尾柜_地柜A_背板02,124,853,1,竖纹,1,1,1,1,非门板
250727-1021,朗力,	7536633063417,,电台路599弄76号302,主卧床尾柜,18,欧松板,非高光板,DNCD-D32,主卧床尾柜_地柜A_收口条01_侧收口01,142,500,1,竖纹,1,1,1,1,非门板
250727-1021,朗力,	7536633063646,,电台路599弄76号302,主卧床尾柜,18,欧松板,非高光板,DNCD-D32,主卧床尾柜_地柜A_抽屉01_抽面一长C型通体拉手01,140,848.5,1,竖纹,1,1,1,1,非门板
250727-1021,朗力,	7536633063653,,电台路599弄76号302,主卧床尾柜,18,欧松板,非高光板,DNCD-D32,主卧床尾柜_地柜A_抽屉01_抽盒前板01,761,100,1,横纹,1,1,1,1,非门板
250727-1021,朗力,	7536633063660,,电台路599弄76号302,主卧床尾柜,18,欧松板,非高光板,DNCD-D32,主卧床尾柜_地柜A_抽屉01_抽屉右板01,450,100,1,横纹,1,1,1,1,非门板
250727-1021,朗力,	7536633063677,,电台路599弄76号302,主卧床尾柜,18,欧松板,非高光板,DNCD-D32,主卧床尾柜_地柜A_抽屉01_抽屉左板01,450,100,1,横纹,1,1,1,1,非门板
250727-1021,朗力,	7536633063684,,电台路599弄76号302,主卧床尾柜,18,欧松板,非高光板,DNCD-D32,主卧床尾柜_地柜A_抽屉01_抽屉后板01,761,100,1,横纹,1,1,1,1,非门板
250727-1021,朗力,	7536633063622,,电台路599弄76号302,主卧床尾柜,18,欧松板,非高光板,DNCD-D32,主卧床尾柜_地柜A_抽屉01_抽屉底板01,761,414,1,竖纹,1,1,1,1,非门板
250727-1021,朗力,	7536633063714,,电台路599弄76号302,主卧床尾柜,18,欧松板,非高光板,DNCD-D32,主卧床尾柜_地柜A_抽屉02_抽屉面板01,140,877,1,竖纹,1,1,1,1,非门板
250727-1021,朗力,	7536633063721,,电台路599弄76号302,主卧床尾柜,18,欧松板,非高光板,DNCD-D32,主卧床尾柜_地柜A_抽屉02_抽盒前板01,791,100,1,横纹,1,1,1,1,非门板
250727-1021,朗力,	7536633063738,,电台路599弄76号302,主卧床尾柜,18,欧松板,非高光板,DNCD-D32,主卧床尾柜_地柜A_抽屉02_抽屉右板01,450,100,1,横纹,1,1,1,1,非门板
250727-1021,朗力,	7536633063745,,电台路599弄76号302,主卧床尾柜,18,欧松板,非高光板,DNCD-D32,主卧床尾柜_地柜A_抽屉02_抽屉左板01,450,100,1,横纹,1,1,1,1,非门板
250727-1021,朗力,	7536633063752,,电台路599弄76号302,主卧床尾柜,18,欧松板,非高光板,DNCD-D32,主卧床尾柜_地柜A_抽屉02_抽屉后板01,791,100,1,横纹,1,1,1,1,非门板
250727-1021,朗力,	7536633063691,,电台路599弄76号302,主卧床尾柜,18,欧松板,非高光板,DNCD-D32,主卧床尾柜_地柜A_抽屉02_抽屉底板01,791,414,1,竖纹,1,1,1,1,非门板
250727-1021,朗力,	7536633064506,,电台路599弄76号302,主卧床尾柜,18,欧松板,非高光板,DNCD-D32,主卧床尾柜_吊柜A_右立板01,960,282,1,竖纹,1,1,1,1,非门板
250727-1021,朗力,	7536633064537,,电台路599弄76号302,主卧床尾柜,18,欧松板,非高光板,DNCD-D32,主卧床尾柜_吊柜A_左立板01,960,282,1,竖纹,1,1,1,1,非门板
250727-1021,朗力,	7536633064568,,电台路599弄76号302,主卧床尾柜,18,欧松板,非高光板,DNCD-D32,主卧床尾柜_吊柜A_灯带居中01,844,282,1,竖纹,1,1,1,1,非门板
250727-1021,朗力,	7536633064612,,电台路599弄76号302,主卧床尾柜,18,欧松板,非高光板,DNCD-D32,主卧床尾柜_吊柜A_顶板01,844,282,1,竖纹,1,1,1,1,非门板
250727-1021,朗力,	7536633064650,,电台路599弄76号302,主卧床尾柜,18,欧松板,非高光板,DNCD-D32,主卧床尾柜_吊柜A_背板01,924,844,1,竖纹,1,1,1,1,非门板
250727-1021,朗力,	7536633064704,,电台路599弄76号302,主卧床尾柜,18,欧松板,非高光板,DNCD-D32,主卧床尾柜_吊柜A_收口条03_L收口辅板01,880,70,1,无纹理,1,1,1,1,非门板
250727-1021,朗力,	7536633064711,,电台路599弄76号302,主卧床尾柜,18,欧松板,非高光板,DNCD-D32,主卧床尾柜_吊柜A_收口条03_L收口面板01,880,40,1,横纹,1,1,1,1,非门板
250727-1021,朗力,	7536633064827,,电台路599弄76号302,主卧床尾柜,18,欧松板,非高光板,DNCD-D32,主卧床尾柜_吊柜A_收口条02_侧收口01,1010,70,1,竖纹,1,1,1,1,非门板
250727-1021,朗力,	7536633064902,,电台路599弄76号302,主卧床尾柜,18,欧松板,非高光板,DNCD-D32,主卧床尾柜_吊柜A_活动层板01,843,262,1,竖纹,1,1,1,1,非门板
250727-1021,朗力,	7536633064995,,电台路599弄76号302,主卧床尾柜,18,欧松板,非高光板,DNCD-D32,主卧床尾柜_吊柜A_横隔板01,844,264,1,竖纹,1,1,1,1,非门板
250727-1021,朗力,	7536633065152,,电台路599弄76号302,主卧床尾柜,18,欧松板,非高光板,DNCD-D32,主卧床尾柜_吊柜A_柜门01_双开左01_左开,998,437,1,竖纹,1,1,1,1,门板
250727-1021,朗力,	7536633065183,,电台路599弄76号302,主卧床尾柜,18,欧松板,非高光板,DNCD-D32,主卧床尾柜_吊柜A_柜门01_双开右01_右开,998,437,1,竖纹,1,1,1,1,门板
250727-1021,朗力,	7536633065404,,电台路599弄76号302,主卧床尾柜,18,欧松板,非高光板,DNCD-D32,主卧床尾柜_吊柜A_收口条01_侧收口01,232,70,1,竖纹,1,1,1,1,非门板
250727-1021,朗力,	7536633075298,,电台路599弄76号302,次卧衣柜书桌,18,欧松板,非高光板,DNCD-D32,次卧衣柜书桌_次卧书桌_顶板01,1629,550,1,竖纹,1,1,1,1,非门板
250727-1021,朗力,	7536633075328,,电台路599弄76号302,次卧衣柜书桌,18,欧松板,非高光板,DNCD-D32,次卧衣柜书桌_次卧书桌_左立板01,762,530,1,竖纹,1,1,1,1,非门板
250727-1021,朗力,	7536633075366,,电台路599弄76号302,次卧衣柜书桌,18,欧松板,非高光板,DNCD-D32,次卧衣柜书桌_次卧书桌_右立板01,762,510,1,竖纹,1,1,1,1,非门板
250727-1021,朗力,	7536633075403,,电台路599弄76号302,次卧衣柜书桌,18,欧松板,非高光板,DNCD-D32,次卧衣柜书桌_次卧书桌_中立板01,762,490,1,竖纹,1,1,1,1,非门板
250727-1021,朗力,	7536633075496,,电台路599弄76号302,次卧衣柜书桌,18,欧松板,非高光板,DNCD-D32,次卧衣柜书桌_次卧书桌_踢脚线01_踢脚线前挡板01,414,60,1,横纹,1,1,1,1,非门板
250727-1021,朗力,	7536633075502,,电台路599弄76号302,次卧衣柜书桌,18,欧松板,非高光板,DNCD-D32,次卧衣柜书桌_次卧书桌_踢脚线01_踢脚线后挡板01,60,414,1,无纹理,1,1,1,1,非门板
250727-1021,朗力,	7536633075472,,电台路599弄76号302,次卧衣柜书桌,18,欧松板,非高光板,DNCD-D32,次卧衣柜书桌_次卧书桌_底板01,414,490,1,竖纹,1,1,1,1,非门板
250727-1021,朗力,	7536633075830,,电台路599弄76号302,次卧衣柜书桌,18,欧松板,非高光板,DNCD-D32,次卧衣柜书桌_次卧书桌_收口条01_L收口辅板01,762,70,1,无纹理,1,1,1,1,非门板
250727-1021,朗力,	7536633075847,,电台路599弄76号302,次卧衣柜书桌,18,欧松板,非高光板,DNCD-D32,次卧衣柜书桌_次卧书桌_收口条01_L收口面板01,762,30,1,竖纹,1,1,1,1,非门板
250727-1021,朗力,	7536633075984,,电台路599弄76号302,次卧衣柜书桌,18,欧松板,非高光板,DNCD-D32,次卧衣柜书桌_次卧书桌_背板01,762,1131,1,竖纹,1,1,1,1,非门板
250727-1021,朗力,	7536633076004,,电台路599弄76号302,次卧衣柜书桌,18,欧松板,非高光板,DNCD-D32,次卧衣柜书桌_次卧书桌_背板02,684,414,1,竖纹,1,1,1,1,非门板
250727-1021,朗力,	7536633076172,,电台路599弄76号302,次卧衣柜书桌,18,欧松板,非高光板,DNCD-D32,次卧衣柜书桌_次卧书桌_抽屉03_抽屉面板01,248.5,448,1,竖纹,1,1,1,1,非门板
250727-1021,朗力,	7536633076189,,电台路599弄76号302,次卧衣柜书桌,18,欧松板,非高光板,DNCD-D32,次卧衣柜书桌_次卧书桌_抽屉03_抽盒前板01,352,200,1,横纹,1,1,1,1,非门板
250727-1021,朗力,	7536633076196,,电台路599弄76号302,次卧衣柜书桌,18,欧松板,非高光板,DNCD-D32,次卧衣柜书桌_次卧书桌_抽屉03_抽屉右板01,450,200,1,横纹,1,1,1,1,非门板
250727-1021,朗力,	7536633076202,,电台路599弄76号302,次卧衣柜书桌,18,欧松板,非高光板,DNCD-D32,次卧衣柜书桌_次卧书桌_抽屉03_抽屉左板01,450,200,1,横纹,1,1,1,1,非门板
250727-1021,朗力,	7536633076219,,电台路599弄76号302,次卧衣柜书桌,18,欧松板,非高光板,DNCD-D32,次卧衣柜书桌_次卧书桌_抽屉03_抽屉后板01,352,200,1,横纹,1,1,1,1,非门板
250727-1021,朗力,	7536633076158,,电台路599弄76号302,次卧衣柜书桌,18,欧松板,非高光板,DNCD-D32,次卧衣柜书桌_次卧书桌_抽屉03_抽屉底板01,352,414,1,竖纹,1,1,1,1,非门板
250727-1021,朗力,	7536633076240,,电台路599弄76号302,次卧衣柜书桌,18,欧松板,非高光板,DNCD-D32,次卧衣柜书桌_次卧书桌_抽屉02_抽屉面板01,248.5,448,1,竖纹,1,1,1,1,非门板
250727-1021,朗力,	7536633076257,,电台路599弄76号302,次卧衣柜书桌,18,欧松板,非高光板,DNCD-D32,次卧衣柜书桌_次卧书桌_抽屉02_抽盒前板01,352,200,1,横纹,1,1,1,1,非门板
250727-1021,朗力,	7536633076264,,电台路599弄76号302,次卧衣柜书桌,18,欧松板,非高光板,DNCD-D32,次卧衣柜书桌_次卧书桌_抽屉02_抽屉右板01,450,200,1,横纹,1,1,1,1,非门板
250727-1021,朗力,	7536633076271,,电台路599弄76号302,次卧衣柜书桌,18,欧松板,非高光板,DNCD-D32,次卧衣柜书桌_次卧书桌_抽屉02_抽屉左板01,450,200,1,横纹,1,1,1,1,非门板
250727-1021,朗力,	7536633076288,,电台路599弄76号302,次卧衣柜书桌,18,欧松板,非高光板,DNCD-D32,次卧衣柜书桌_次卧书桌_抽屉02_抽屉后板01,352,200,1,横纹,1,1,1,1,非门板
250727-1021,朗力,	7536633076226,,电台路599弄76号302,次卧衣柜书桌,18,欧松板,非高光板,DNCD-D32,次卧衣柜书桌_次卧书桌_抽屉02_抽屉底板01,352,414,1,竖纹,1,1,1,1,非门板
250727-1021,朗力,	7536633076318,,电台路599弄76号302,次卧衣柜书桌,18,欧松板,非高光板,DNCD-D32,次卧衣柜书桌_次卧书桌_抽屉01_抽屉面板01,248.5,448,1,竖纹,1,1,1,1,非门板
250727-1021,朗力,	7536633076325,,电台路599弄76号302,次卧衣柜书桌,18,欧松板,非高光板,DNCD-D32,次卧衣柜书桌_次卧书桌_抽屉01_抽盒前板01,352,140,1,横纹,1,1,1,1,非门板
250727-1021,朗力,	7536633076332,,电台路599弄76号302,次卧衣柜书桌,18,欧松板,非高光板,DNCD-D32,次卧衣柜书桌_次卧书桌_抽屉01_抽屉右板01,450,140,1,横纹,1,1,1,1,非门板
250727-1021,朗力,	7536633076349,,电台路599弄76号302,次卧衣柜书桌,18,欧松板,非高光板,DNCD-D32,次卧衣柜书桌_次卧书桌_抽屉01_抽屉左板01,450,140,1,横纹,1,1,1,1,非门板
250727-1021,朗力,	7536633076356,,电台路599弄76号302,次卧衣柜书桌,18,欧松板,非高光板,DNCD-D32,次卧衣柜书桌_次卧书桌_抽屉01_抽屉后板01,352,140,1,横纹,1,1,1,1,非门板
250727-1021,朗力,	7536633076295,,电台路599弄76号302,次卧衣柜书桌,18,欧松板,非高光板,DNCD-D32,次卧衣柜书桌_次卧书桌_抽屉01_抽屉底板01,352,414,1,竖纹,1,1,1,1,非门板
250727-1021,朗力,	7536633077070,,电台路599弄76号302,次卧衣柜书桌,18,欧松板,非高光板,DNCD-D32,次卧衣柜书桌_次卧书桌_收口条02_平收口板01,1629,340,1,横纹,1,1,1,1,非门板
250727-1021,朗力,	7536633083484,,电台路599弄76号302,次卧衣柜书桌,18,欧松板,非高光板,DNCD-D32,次卧衣柜书桌_单板A_竖隔板01,1529,720,1,横纹,1,1,1,1,非门板
250727-1021,朗力,	7536633084337,,电台路599弄76号302,次卧房门,18,欧松板,非高光板,DNCD-D32,次卧房门_一长海棠角_竖隔板01,2400,65,1,竖纹,1,1,1,1,非门板
250727-1021,朗力,	7536633085396,,电台路599弄76号302,次卧房门,18,欧松板,非高光板,DNCD-D32,次卧房门_一长开31*12止口不封边_竖隔板01,2400,65,1,竖纹,1,1,1,1,非门板
250727-1021,朗力,	7536633085419,,电台路599弄76号302,次卧房门,18,欧松板,非高光板,DNCD-D32,次卧房门_一长海棠角02_竖隔板01,2400,52,1,竖纹,1,1,1,1,非门板
250727-1021,朗力,	7536633085433,,电台路599弄76号302,次卧房门,18,欧松板,非高光板,DNCD-D32,次卧房门_一长海棠角03_竖隔板01,2400,52,1,竖纹,1,1,1,1,非门板
250727-1021,朗力,	7536633085457,,电台路599弄76号302,次卧房门,18,欧松板,非高光板,DNCD-D32,次卧房门_一长海棠角04纹理备用_竖隔板01,2400,52,1,竖纹,1,1,1,1,非门板
250727-1021,朗力,	7536633085471,,电台路599弄76号302,次卧房门,18,欧松板,非高光板,DNCD-D32,次卧房门_一长海棠角05_竖隔板01,65,1200,1,横纹,1,1,1,1,非门板
250727-1021,朗力,	7536633085532,,电台路599弄76号302,次卧房门,18,欧松板,非高光板,DNCD-D32,次卧房门_一长海棠角06_竖隔板01,52,1200,1,横纹,1,1,1,1,非门板
250727-1021,朗力,	7537514660275,,电台路599弄76号302,电视柜,18,欧松板,非高光板,DNCD-D32,电视柜_柜B_左立板01,1030,349,1,竖纹,1,1,1,1,非门板
250727-1021,朗力,	7537514660305,,电台路599弄76号302,电视柜,18,欧松板,非高光板,DNCD-D32,电视柜_柜B_中立板01,1030,349,1,竖纹,1,1,1,1,非门板
250727-1021,朗力,	7537514660343,,电台路599弄76号302,电视柜,18,欧松板,非高光板,DNCD-D32,电视柜_柜B_中立板02,1030,370,1,竖纹,1,1,1,1,非门板
250727-1021,朗力,	7537514660404,,电台路599弄76号302,电视柜,18,欧松板,非高光板,DNCD-D32,电视柜_柜B_中立板03,1030,370,1,竖纹,1,1,1,1,非门板
250727-1021,朗力,	7537514660442,,电台路599弄76号302,电视柜,18,欧松板,非高光板,DNCD-D32,电视柜_柜B_中立板04,1030,349,1,竖纹,1,1,1,1,非门板
250727-1021,朗力,	7537514660503,,电台路599弄76号302,电视柜,18,欧松板,非高光板,DNCD-D32,电视柜_柜B_右立板01,1030,349,1,竖纹,1,1,1,1,非门板
250727-1021,朗力,	7537514660534,,电台路599弄76号302,电视柜,18,欧松板,非高光板,DNCD-D32,电视柜_柜B_顶板01,596,349,1,竖纹,1,1,1,1,非门板
250727-1021,朗力,	7537514660558,,电台路599弄76号302,电视柜,18,欧松板,非高光板,DNCD-D32,电视柜_柜B_顶板02,1720,370,1,竖纹,1,1,1,1,非门板
250727-1021,朗力,	7537514660602,,电台路599弄76号302,电视柜,18,欧松板,非高光板,DNCD-D32,电视柜_柜B_顶板03,403,349,1,竖纹,1,1,1,1,非门板
250727-1021,朗力,	7537514660657,,电台路599弄76号302,电视柜,18,欧松板,非高光板,DNCD-D32,电视柜_柜B_底板01,596,349,1,竖纹,1,1,1,1,非门板
250727-1021,朗力,	7537514660671,,电台路599弄76号302,电视柜,18,欧松板,非高光板,DNCD-D32,电视柜_柜B_底板02,1720,370,1,竖纹,1,1,1,1,非门板
250727-1021,朗力,	7537514660725,,电台路599弄76号302,电视柜,18,欧松板,非高光板,DNCD-D32,电视柜_柜B_底板03,403,349,1,竖纹,1,1,1,1,非门板
250727-1021,朗力,	7537514660763,,电台路599弄76号302,电视柜,18,欧松板,非高光板,DNCD-D32,电视柜_柜B_背板01,596,994,1,横纹,1,1,1,1,非门板
250727-1021,朗力,	7537514660787,,电台路599弄76号302,电视柜,18,欧松板,非高光板,DNCD-D32,电视柜_柜B_背板02,1720,994,1,横纹,1,1,1,1,非门板
250727-1021,朗力,	7537514660800,,电台路599弄76号302,电视柜,18,欧松板,非高光板,DNCD-D32,电视柜_柜B_背板03,403,994,1,横纹,1,1,1,1,非门板
250727-1021,朗力,	7537514660862,,电台路599弄76号302,电视柜,18,欧松板,非高光板,DNCD-D32,电视柜_柜B_活动层板03,595,329,1,竖纹,1,1,1,1,非门板
250727-1021,朗力,	7537514660916,,电台路599弄76号302,电视柜,18,欧松板,非高光板,DNCD-D32,电视柜_柜B_活动层板01,595,329,1,竖纹,1,1,1,1,非门板
250727-1021,朗力,	7537514661036,,电台路599弄76号302,电视柜,18,欧松板,非高光板,DNCD-D32,电视柜_柜B_活动层板04,402,329,1,竖纹,1,1,1,1,非门板
250727-1021,朗力,	7537514661081,,电台路599弄76号302,电视柜,18,欧松板,非高光板,DNCD-D32,电视柜_柜B_活动层板02,402,329,1,竖纹,1,1,1,1,非门板
250727-1021,朗力,	7537514661401,,电台路599弄76号302,电视柜,18,欧松板,非高光板,DNCD-D32,电视柜_柜B_收口条01_L收口辅板01,1030,70,1,无纹理,1,1,1,1,非门板
250727-1021,朗力,	7537514661418,,电台路599弄76号302,电视柜,18,欧松板,非高光板,DNCD-D32,电视柜_柜B_收口条01_L收口面板01,1030,30,1,竖纹,1,1,1,1,非门板
250727-1021,朗力,	7538591562377,,电台路599弄76号302,备用板,18,欧松板,非高光板,DNCD-D32,备用板_单板D_竖隔板01,2700,60,1,竖纹,1,1,1,1,非门板
250727-1021,朗力,	7538591562414,,电台路599弄76号302,备用板,18,欧松板,非高光板,DNCD-D32,备用板_单板E_竖隔板01,2700,80,1,竖纹,1,1,1,1,非门板
250727-1021,朗力,	7536633056419,,电台路599弄76号302,主卧床边柜,18,欧松板,非高光板,2463,主卧床边柜_柜C_左立板01,2460,405,1,竖纹,1,1,1,1,非门板
250727-1021,朗力,	7536633056440,,电台路599弄76号302,主卧床边柜,18,欧松板,非高光板,2463,主卧床边柜_柜C_右立板01,2460,405,1,竖纹,1,1,1,1,非门板
250727-1021,朗力,	7536633056471,,电台路599弄76号302,主卧床边柜,18,欧松板,非高光板,2463,主卧床边柜_柜C_顶板01,524,405,1,竖纹,1,1,1,1,非门板
250727-1021,朗力,	7536633056549,,电台路599弄76号302,主卧床边柜,18,欧松板,非高光板,2463,主卧床边柜_柜C_踢脚线01_踢脚线前挡板01,524,60,1,横纹,1,1,1,1,非门板
250727-1021,朗力,	7536633056556,,电台路599弄76号302,主卧床边柜,18,欧松板,非高光板,2463,主卧床边柜_柜C_踢脚线01_踢脚线后挡板01,60,524,1,无纹理,1,1,1,1,非门板
250727-1021,朗力,	7536633056525,,电台路599弄76号302,主卧床边柜,18,欧松板,非高光板,2463,主卧床边柜_柜C_底板01,524,405,1,竖纹,1,1,1,1,非门板
250727-1021,朗力,	7536633056617,,电台路599弄76号302,主卧床边柜,18,欧松板,非高光板,2463,主卧床边柜_柜C_背板01,2364,524,1,竖纹,1,1,1,1,非门板
250727-1021,朗力,	7536633056648,,电台路599弄76号302,主卧床边柜,18,欧松板,非高光板,2463,主卧床边柜_柜C_横隔板01,524,387,1,竖纹,1,1,1,1,非门板
250727-1021,朗力,	7536633056730,,电台路599弄76号302,主卧床边柜,18,欧松板,非高光板,2463,主卧床边柜_柜C_灯带180居前01,524,387,1,竖纹,1,1,1,1,非门板
250727-1021,朗力,	7536633056822,,电台路599弄76号302,主卧床边柜,18,欧松板,非高光板,2463,主卧床边柜_柜C_灯带180居前02,524,387,1,竖纹,1,1,1,1,非门板
250727-1021,朗力,	7536633056914,,电台路599弄76号302,主卧床边柜,18,欧松板,非高光板,2463,主卧床边柜_柜C_活动层板02,523,385,1,竖纹,1,1,1,1,非门板
250727-1021,朗力,	7536633057072,,电台路599弄76号302,主卧床边柜,18,欧松板,非高光板,2463,主卧床边柜_柜C_收口条02_平收口板01,560,40,1,横纹,1,1,1,1,非门板
250727-1021,朗力,	7536633057577,,电台路599弄76号302,主卧床边柜,18,欧松板,非高光板,2463,主卧床边柜_柜C_活动层板01,523,385,1,竖纹,1,1,1,1,非门板
250727-1021,朗力,	7536633071061,,电台路599弄76号302,次卧衣柜书桌,9,欧松板,非高光板,S705,次卧衣柜书桌_衣柜_背板03,2376,971,1,竖纹,0,0,0,0,非门板
250727-1021,朗力,	7536633071085,,电台路599弄76号302,次卧衣柜书桌,9,欧松板,非高光板,S705,次卧衣柜书桌_衣柜_背板02,2376,504,1,竖纹,0,0,0,0,非门板
250727-1021,朗力,	7537560612327,,电台路599弄76号302,电视柜,9,欧松板,非高光板,S705,电视柜_地柜D_收口条02_和56宽度9mm板件组合打三合一01,672,83,1,竖纹,1,1,1,1,非门板
250727-1021,朗力,	7537560612488,,电台路599弄76号302,电视柜,9,欧松板,非高光板,S705,电视柜_地柜D_收口条03_和83宽度9mm板件组合打三合一01,682,56,1,竖纹,1,1,1,1,非门板
250727-1021,朗力,	7538404289996,,电台路599弄76号302,电视柜,9,欧松板,非高光板,S705,电视柜_柜A_收口条04_和83宽度板件组合之后打三合一01,620,56,1,竖纹,1,1,1,1,非门板
250727-1021,朗力,	7538404289989,,电台路599弄76号302,电视柜,9,欧松板,非高光板,S705,电视柜_柜A_收口条05_和56宽度板件组合之后打三合一01,617,83,1,竖纹,1,1,1,1,非门板
250727-1021,朗力,	7537560619241,,电台路599弄76号302,电视柜拼色隐形门,9,欧松板,非高光板,S705,电视柜拼色隐形门_隐形门套板组合好开28*10止口在打三合一_竖隔板04,2337,83,1,竖纹,1,1,1,1,非门板
250727-1021,朗力,	7537560619272,,电台路599弄76号302,电视柜拼色隐形门,9,欧松板,非高光板,S705,电视柜拼色隐形门_隐形门套板组合好开28*10止口在打三合一_竖隔板01,672,83,1,竖纹,1,1,1,1,非门板
250727-1021,朗力,	7537560619302,,电台路599弄76号302,电视柜拼色隐形门,9,欧松板,非高光板,S705,电视柜拼色隐形门_隐形门套板组合好开28*10止口在打三合一_竖隔板03,619,83,1,竖纹,1,1,1,1,非门板
250727-1021,朗力,	7537560619753,,电台路599弄76号302,电视柜拼色隐形门,9,欧松板,非高光板,S705,电视柜拼色隐形门_成型2325*839*52拼色_竖隔板01,2345,859,1,竖纹,1,1,1,1,非门板
250727-1021,朗力,	7537560619852,,电台路599弄76号302,电视柜拼色隐形门,9,欧松板,非高光板,S705,电视柜拼色隐形门_拼色门02_竖隔板01,682,859,1,竖纹,1,1,1,1,非门板
250727-1021,朗力,	7537560620094,,电台路599弄76号302,电视柜拼色隐形门,9,欧松板,非高光板,S705,电视柜拼色隐形门_拼色门_竖隔板01,627,859,1,竖纹,1,1,1,1,非门板
250727-1021,朗力,	7536633085556,,电台路599弄76号302,次卧房门,18,多层板,非高光板,DNCD-D32,次卧房门_2长开卡槽_竖隔板01,2281,269,1,竖纹,1,1,1,1,非门板
250727-1021,朗力,	7536633085631,,电台路599弄76号302,次卧房门,18,多层板,非高光板,DNCD-D32,次卧房门_一长开卡槽开三维合页_竖隔板01,2281,269,1,竖纹,1,1,1,1,非门板
250727-1021,朗力,	7536633085655,,电台路599弄76号302,次卧房门,18,多层板,非高光板,DNCD-D32,次卧房门_2长开卡槽02_竖隔板01,850,269,1,竖纹,1,1,1,1,非门板
250727-1021,朗力,	7538465982485,,电台路599弄76号302,次卧房门,18,多层板,非高光板,DNCD-D32,次卧房门_和三维合页孔套板组合_竖隔板01,2281,257,1,竖纹,1,1,1,1,非门板
250727-1021,朗力,	7536633085693,,电台路599弄76号302,次卧房门,12,欧松板,非高光板,DNCD-D32,次卧房门_一长开3mm卡槽和套板组合01_竖隔板01,2281,50,1,竖纹,1,1,1,1,非门板
250727-1021,朗力,	7536633085815,,电台路599弄76号302,次卧房门,12,欧松板,非高光板,DNCD-D32,次卧房门_一长开3mm卡槽01和套板组合_竖隔板01,2281,50,1,竖纹,1,1,1,1,非门板
250727-1021,朗力,	7536633085839,,电台路599弄76号302,次卧房门,12,欧松板,非高光板,DNCD-D32,次卧房门_一长开3mm卡槽和套板组合_竖隔板01,772,50,1,竖纹,1,1,1,1,非门板
250727-1021,朗力,	7536633085884,,电台路599弄76号302,次卧房门,9,欧松板,非高光板,DNCD-D32,次卧房门_成型2271*790*45开三合合页孔_竖隔板01,2291,810,1,竖纹,1,1,1,1,非门板
250727-1021,朗力,	7538465982744,,电台路599弄76号302,次卧房门,9,欧松板,非高光板,DNCD-D32,次卧房门_成型2271*790*45开三合合页孔01_竖隔板01,2291,810,1,竖纹,1,1,1,1,非门板
250727-1021,朗力,	7537560619357,,电台路599弄76号302,电视柜拼色隐形门,9,欧松板,非高光板,DNCD-D32,电视柜拼色隐形门_隐形门套板组合好开28*10止口在打三合一_竖隔板02,1030,83,1,竖纹,1,1,1,1,非门板
250727-1021,朗力,	7537560619920,,电台路599弄76号302,电视柜拼色隐形门,9,欧松板,非高光板,DNCD-D32,电视柜拼色隐形门_拼色门01_竖隔板01,1030,859,1,竖纹,1,1,1,1,非门板
250727-1021,朗力,	7537560611306,,电台路599弄76号302,电视柜,18,欧松板,非高光板,2455,电视柜_柜A_收口条01_侧收口01,1030,370,1,竖纹,1,1,1,1,非门板
250727-1021,朗力,	7537560611658,,电台路599弄76号302,电视柜,18,欧松板,非高光板,2455,电视柜_柜A_收口条02_一短开卡槽一长开28*10止口看图另外一短看图开一点点要生成孔位01,1030,885,1,竖纹,1,1,1,1,非门板
250727-1021,朗力,	7537560616967,,电台路599弄76号302,电视柜拼色隐形门,18,欧松板,非高光板,不生产,电视柜拼色隐形门_柜A_竖隔板02,682,83,1,竖纹,1,1,1,1,非门板
250727-1021,朗力,	7537560617049,,电台路599弄76号302,电视柜拼色隐形门,18,欧松板,非高光板,不生产,电视柜拼色隐形门_柜A_竖隔板01,2332,83,1,竖纹,1,1,1,1,非门板
250727-1021,朗力,	7537560618237,,电台路599弄76号302,电视柜拼色隐形门,18,欧松板,非高光板,不生产,电视柜拼色隐形门_柜A_竖隔板03,1030,887,1,竖纹,1,1,1,1,非门板
250727-1021,朗力,	7537560618534,,电台路599弄76号302,电视柜拼色隐形门,18,欧松板,非高光板,不生产,电视柜拼色隐形门_柜A_竖隔板04,620,83,1,竖纹,1,1,1,1,非门板
